account_id,customer_id,account_type,open_date,status
576,692,Savings,1993-01-01,Active
3818,4601,Savings,1993-01-01,Active
704,844,Savings,1993-01-01,Active
2378,2873,Savings,1993-01-01,Active
2632,3177,Savings,1993-01-02,Active
1972,2397,Savings,1993-01-02,Active
1539,1866,Fixed Deposit,1993-01-03,Active
793,950,Savings,1993-01-03,Active
2484,2999,Savings,1993-01-03,Active
1695,2058,Savings,1993-01-03,Active
1726,2093,Savings,1993-01-03,Active
2881,3483,Savings,1993-01-04,Active
2357,2849,Savings,1993-01-04,Active
2177,2636,Savings,1993-01-04,Active
485,583,Fixed Deposit,1993-01-04,Active
652,782,Savings,1993-01-05,Active
9635,11860,Savings,1993-01-05,Active
1844,2236,Savings,1993-01-06,Active
1926,2338,Savings,1993-01-06,Active
2393,2889,Savings,1993-01-07,Active
3510,4238,Savings,1993-01-07,Active
1276,1540,Savings,1993-01-07,Active
1637,1984,Savings,1993-01-08,Active
3871,4665,Savings,1993-01-08,Active
192,232,Savings,1993-01-08,Active
764,914,Savings,1993-01-08,Active
2087,2530,Current,1993-01-08,Active
2122,2566,Savings,1993-01-08,Active
3592,4335,Savings,1993-01-08,Active
3487,4215,Savings,1993-01-08,Active
435,523,Savings,1993-01-08,Active
1730,2099,Savings,1993-01-09,Active
1493,1810,Savings,1993-01-09,Active
374,454,Savings,1993-01-09,Active
2925,3533,Savings,1993-01-10,Active
866,1044,Savings,1993-01-10,Active
1628,1973,Savings,1993-01-10,Active
2379,2874,Savings,1993-01-10,Active
1979,2404,Savings,1993-01-11,Active
346,423,Savings,1993-01-11,Active
1338,1619,Savings,1993-01-11,Active
1909,2319,Savings,1993-01-12,Active
2099,2542,Current,1993-01-12,Active
3760,4536,Savings,1993-01-13,Active
5270,6367,Savings,1993-01-13,Active
1699,2064,Savings,1993-01-14,Active
3909,4715,Savings,1993-01-14,Active
2926,3534,Savings,1993-01-14,Active
1731,2100,Savings,1993-01-14,Active
11265,13845,Savings,1993-01-14,Active
2519,3041,Savings,1993-01-15,Active
10364,12754,Savings,1993-01-17,Active
1481,1794,Savings,1993-01-17,Active
401,485,Savings,1993-01-18,Active
4034,4862,Savings,1993-01-18,Active
2330,2818,Savings,1993-01-19,Active
1806,2187,Savings,1993-01-19,Active
3834,4620,Savings,1993-01-19,Active
1222,1475,Savings,1993-01-20,Active
212,255,Current,1993-01-20,Active
456,548,Savings,1993-01-21,Active
459,551,Savings,1993-01-21,Active
772,924,Savings,1993-01-21,Active
1019,1223,Savings,1993-01-21,Active
11295,13886,Savings,1993-01-21,Active
2970,3586,Savings,1993-01-22,Active
2676,3231,Savings,1993-01-22,Active
1536,1862,Current,1993-01-22,Active
1179,1419,Savings,1993-01-23,Active
280,338,Savings,1993-01-23,Active
2425,2930,Savings,1993-01-23,Active
9307,11461,Savings,1993-01-24,Active
4055,4886,Savings,1993-01-24,Active
5065,6114,Savings,1993-01-24,Active
3704,4466,Savings,1993-01-24,Active
477,574,Savings,1993-01-25,Active
5891,7127,Savings,1993-01-25,Active
1000,1204,Savings,1993-01-25,Active
1750,2122,Savings,1993-01-26,Active
2023,2457,Savings,1993-01-26,Active
6473,7815,Savings,1993-01-26,Active
1649,1999,Savings,1993-01-26,Active
2670,3225,Savings,1993-01-27,Active
1127,1353,Savings,1993-01-27,Active
163,197,Savings,1993-01-27,Active
2566,3097,Savings,1993-01-27,Active
9,12,Savings,1993-01-27,Active
1144,1375,Savings,1993-01-28,Active
2902,3507,Savings,1993-01-28,Active
4296,5175,Savings,1993-01-28,Active
443,534,Savings,1993-01-28,Active
3693,4453,Savings,1993-01-29,Active
2070,2510,Savings,1993-01-29,Active
1843,2235,Savings,1993-01-30,Active
2714,3276,Savings,1993-01-30,Active
4078,4915,Savings,1993-01-30,Active
1675,2034,Savings,1993-02-01,Active
5868,7100,Savings,1993-02-02,Active
1805,2186,Savings,1993-02-02,Active
2434,2940,Savings,1993-02-02,Active
3007,3632,Savings,1993-02-02,Active
2574,3105,Savings,1993-02-02,Active
862,1039,Current,1993-02-02,Active
1132,1359,Current,1993-02-03,Active
4484,5409,Savings,1993-02-03,Active
943,1137,Savings,1993-02-03,Active
3514,4243,Savings,1993-02-03,Active
3983,4803,Savings,1993-02-04,Active
9265,11409,Savings,1993-02-04,Active
465,559,Savings,1993-02-04,Active
982,1183,Savings,1993-02-05,Active
411,496,Savings,1993-02-05,Active
890,1072,Savings,1993-02-05,Active
627,754,Savings,1993-02-05,Active
2429,2935,Savings,1993-02-06,Active
3960,4777,Savings,1993-02-06,Active
2256,2731,Savings,1993-02-06,Active
8051,9945,Current,1993-02-07,Active
2647,3193,Savings,1993-02-08,Active
2241,2714,Savings,1993-02-08,Active
5622,6789,Savings,1993-02-08,Active
2884,3486,Savings,1993-02-08,Active
1830,2220,Savings,1993-02-08,Active
7753,9593,Savings,1993-02-08,Active
244,295,Savings,1993-02-08,Active
1477,1790,Savings,1993-02-08,Active
4240,5111,Savings,1993-02-08,Active
1006,1210,Savings,1993-02-08,Active
830,999,Savings,1993-02-08,Active
9188,11314,Savings,1993-02-08,Active
1965,2390,Fixed Deposit,1993-02-08,Active
1134,1363,Savings,1993-02-09,Active
1601,1941,Savings,1993-02-09,Active
2861,3457,Savings,1993-02-10,Active
813,976,Savings,1993-02-10,Active
2585,3120,Savings,1993-02-10,Active
2220,2689,Savings,1993-02-10,Active
2763,3336,Savings,1993-02-11,Active
2342,2830,Savings,1993-02-11,Active
1944,2363,Savings,1993-02-12,Active
1966,2391,Savings,1993-02-12,Active
1801,2181,Savings,1993-02-13,Active
2543,3070,Savings,1993-02-13,Active
2293,2776,Savings,1993-02-13,Active
11013,13539,Current,1993-02-14,Active
2423,2928,Savings,1993-02-14,Active
142,171,Savings,1993-02-15,Active
3424,4139,Savings,1993-02-16,Active
539,649,Fixed Deposit,1993-02-16,Active
979,1180,Savings,1993-02-16,Active
3554,4289,Savings,1993-02-16,Active
3545,4279,Savings,1993-02-17,Active
3047,3684,Savings,1993-02-17,Active
3374,4080,Savings,1993-02-17,Active
96,114,Savings,1993-02-18,Active
461,554,Savings,1993-02-18,Active
3593,4336,Savings,1993-02-18,Active
3026,3655,Savings,1993-02-18,Active
1054,1266,Savings,1993-02-19,Active
2433,2939,Savings,1993-02-19,Active
3691,4451,Savings,1993-02-19,Active
3787,4567,Savings,1993-02-19,Active
128,153,Savings,1993-02-19,Active
3168,3831,Savings,1993-02-20,Active
4937,5965,Savings,1993-02-20,Active
2124,2569,Savings,1993-02-20,Active
322,392,Savings,1993-02-20,Active
4355,5246,Savings,1993-02-21,Active
1678,2038,Savings,1993-02-22,Active
2396,2893,Savings,1993-02-22,Active
1005,1209,Current,1993-02-23,Active
697,835,Savings,1993-02-23,Active
925,1114,Savings,1993-02-23,Active
2110,2554,Savings,1993-02-23,Active
1366,1654,Savings,1993-02-24,Active
1050,1260,Fixed Deposit,1993-02-24,Active
3117,3770,Savings,1993-02-24,Active
562,675,Savings,1993-02-25,Active
5369,6481,Savings,1993-02-25,Active
2242,2715,Current,1993-02-25,Active
197,239,Savings,1993-02-25,Active
496,596,Savings,1993-02-26,Active
2,2,Savings,1993-02-26,Active
7401,9173,Savings,1993-02-26,Active
2486,3001,Savings,1993-02-27,Active
428,515,Savings,1993-02-27,Active
3651,4402,Savings,1993-02-27,Active
1775,2152,Savings,1993-02-27,Active
1688,2049,Savings,1993-02-27,Active
361,439,Savings,1993-02-27,Active
1829,2218,Savings,1993-02-27,Active
1575,1908,Savings,1993-02-27,Active
9203,11331,Savings,1993-02-27,Active
3008,3633,Savings,1993-02-27,Active
239,289,Current,1993-03-01,Active
3302,3994,Savings,1993-03-02,Active
415,501,Savings,1993-03-03,Active
3513,4241,Savings,1993-03-03,Active
4134,4979,Savings,1993-03-03,Active
1077,1292,Savings,1993-03-03,Active
1713,2078,Savings,1993-03-03,Active
1378,1668,Savings,1993-03-04,Active
2503,3021,Savings,1993-03-05,Active
559,672,Savings,1993-03-05,Active
6555,7914,Current,1993-03-05,Active
744,892,Savings,1993-03-06,Active
882,1062,Savings,1993-03-06,Active
86,102,Savings,1993-03-07,Active
1126,1352,Savings,1993-03-08,Active
2666,3218,Savings,1993-03-08,Active
944,1138,Savings,1993-03-08,Active
1545,1874,Savings,1993-03-08,Active
2453,2962,Savings,1993-03-08,Active
3734,4506,Savings,1993-03-08,Active
3935,4745,Savings,1993-03-08,Active
396,478,Savings,1993-03-08,Active
2694,3251,Savings,1993-03-08,Active
4596,5539,Savings,1993-03-09,Active
2489,3005,Savings,1993-03-09,Active
2895,3499,Savings,1993-03-09,Active
317,387,Savings,1993-03-10,Active
2555,3085,Savings,1993-03-10,Active
494,593,Savings,1993-03-11,Active
2219,2688,Savings,1993-03-11,Active
2581,3115,Savings,1993-03-11,Active
112,134,Savings,1993-03-12,Active
3674,4428,Savings,1993-03-12,Active
2039,2475,Savings,1993-03-12,Active
2712,3272,Savings,1993-03-12,Active
395,476,Savings,1993-03-12,Active
2974,3591,Savings,1993-03-13,Active
123,147,Savings,1993-03-13,Active
9640,11866,Savings,1993-03-13,Active
3108,3758,Savings,1993-03-14,Active
2508,3028,Savings,1993-03-14,Active
2458,2968,Current,1993-03-14,Active
588,706,Savings,1993-03-14,Active
7231,8726,Savings,1993-03-14,Active
6701,8091,Current,1993-03-15,Active
3883,4680,Savings,1993-03-15,Active
222,267,Savings,1993-03-15,Active
2497,3015,Savings,1993-03-16,Active
1372,1660,Savings,1993-03-16,Active
3835,4622,Savings,1993-03-16,Active
7445,9226,Savings,1993-03-18,Active
2527,3049,Savings,1993-03-19,Active
425,511,Savings,1993-03-19,Active
860,1037,Savings,1993-03-19,Active
6034,7291,Current,1993-03-19,Active
11065,13603,Savings,1993-03-19,Active
9883,12163,Savings,1993-03-19,Active
115,138,Savings,1993-03-19,Active
1189,1433,Savings,1993-03-19,Active
3675,4429,Savings,1993-03-20,Active
3069,3711,Savings,1993-03-20,Active
2762,3335,Savings,1993-03-20,Active
892,1075,Savings,1993-03-20,Active
1535,1861,Savings,1993-03-20,Active
2618,3159,Savings,1993-03-21,Active
2651,3197,Savings,1993-03-21,Active
5442,6567,Savings,1993-03-22,Active
1787,2166,Current,1993-03-22,Active
1397,1691,Savings,1993-03-22,Active
3785,4563,Savings,1993-03-24,Active
623,748,Savings,1993-03-24,Active
8260,10198,Savings,1993-03-24,Active
3678,4433,Savings,1993-03-24,Active
3001,3624,Savings,1993-03-24,Active
655,786,Savings,1993-03-24,Active
4093,4930,Savings,1993-03-25,Active
3260,3944,Savings,1993-03-25,Active
2528,3051,Savings,1993-03-25,Active
2011,2443,Savings,1993-03-25,Active
1721,2087,Savings,1993-03-25,Active
1332,1613,Savings,1993-03-25,Active
1402,1697,Savings,1993-03-26,Active
3283,3974,Savings,1993-03-26,Active
3781,4559,Savings,1993-03-26,Active
7203,8692,Savings,1993-03-26,Active
1065,1278,Savings,1993-03-27,Active
3076,3719,Savings,1993-03-27,Active
4347,5237,Savings,1993-03-27,Active
1157,1391,Savings,1993-03-27,Active
9403,11574,Current,1993-03-27,Active
1874,2274,Savings,1993-03-27,Active
1115,1337,Savings,1993-03-27,Active
3586,4328,Savings,1993-03-27,Active
62,72,Savings,1993-03-28,Active
1771,2147,Savings,1993-03-28,Active
5483,6619,Savings,1993-03-28,Active
8330,10287,Savings,1993-03-28,Active
187,227,Savings,1993-03-28,Active
423,509,Savings,1993-03-28,Active
6425,7753,Savings,1993-03-29,Active
2493,3009,Savings,1993-03-29,Active
2896,3500,Savings,1993-03-30,Active
2245,2719,Savings,1993-03-30,Active
3923,4731,Savings,1993-03-30,Active
1898,2305,Savings,1993-04-01,Active
3367,4071,Savings,1993-04-01,Active
3391,4100,Savings,1993-04-01,Active
8519,10510,Savings,1993-04-02,Active
1780,2157,Savings,1993-04-02,Active
3915,4721,Savings,1993-04-02,Active
3980,4799,Savings,1993-04-03,Active
4350,5241,Savings,1993-04-04,Active
686,823,Savings,1993-04-04,Active
362,440,Savings,1993-04-04,Active
299,364,Savings,1993-04-05,Active
2488,3003,Savings,1993-04-06,Active
2985,3605,Savings,1993-04-06,Active
385,465,Savings,1993-04-07,Active
2817,3404,Savings,1993-04-07,Active
2056,2495,Savings,1993-04-07,Active
2002,2432,Savings,1993-04-08,Active
748,896,Savings,1993-04-08,Active
220,265,Savings,1993-04-09,Active
1422,1724,Savings,1993-04-09,Active
1147,1380,Savings,1993-04-10,Active
3788,4568,Savings,1993-04-10,Active
1891,2294,Savings,1993-04-10,Active
1239,1495,Savings,1993-04-10,Active
8321,10275,Savings,1993-04-12,Active
3213,3886,Savings,1993-04-12,Active
2838,3430,Current,1993-04-13,Active
3644,4394,Savings,1993-04-13,Active
4318,5200,Current,1993-04-13,Active
2648,3194,Savings,1993-04-13,Active
2313,2799,Current,1993-04-13,Active
5428,6551,Savings,1993-04-14,Active
7123,8598,Fixed Deposit,1993-04-14,Active
279,336,Savings,1993-04-14,Active
104,125,Savings,1993-04-15,Active
497,597,Savings,1993-04-15,Active
1152,1385,Savings,1993-04-15,Active
83,98,Savings,1993-04-16,Active
2008,2438,Savings,1993-04-16,Active
3327,4021,Savings,1993-04-16,Active
5740,6944,Savings,1993-04-16,Active
8132,10046,Current,1993-04-17,Active
10738,13201,Current,1993-04-17,Active
2216,2684,Savings,1993-04-17,Active
1815,2200,Savings,1993-04-17,Active
2823,3412,Savings,1993-04-18,Active
4321,5204,Savings,1993-04-18,Active
1773,2149,Savings,1993-04-19,Active
7454,9236,Savings,1993-04-19,Active
188,228,Savings,1993-04-20,Active
10973,13490,Current,1993-04-20,Active
2599,3135,Savings,1993-04-20,Active
1166,1404,Savings,1993-04-21,Active
504,606,Savings,1993-04-21,Active
1518,1841,Savings,1993-04-21,Active
2189,2650,Savings,1993-04-22,Active
6040,7299,Savings,1993-04-22,Active
2876,3476,Savings,1993-04-22,Active
1505,1824,Savings,1993-04-23,Active
6897,8327,Savings,1993-04-23,Active
4377,5275,Savings,1993-04-24,Active
717,859,Savings,1993-04-24,Active
9707,11947,Savings,1993-04-24,Active
2814,3399,Savings,1993-04-25,Active
3068,3710,Savings,1993-04-25,Active
1476,1789,Savings,1993-04-26,Active
897,1080,Savings,1993-04-26,Active
977,1178,Savings,1993-04-26,Active
2639,3185,Savings,1993-04-26,Active
1032,1239,Savings,1993-04-26,Active
928,1117,Savings,1993-04-26,Active
168,203,Savings,1993-04-27,Active
2175,2633,Savings,1993-04-27,Active
10105,12432,Savings,1993-04-28,Active
1392,1685,Savings,1993-04-28,Active
3697,4458,Savings,1993-04-29,Active
5313,6417,Savings,1993-04-29,Active
2222,2691,Savings,1993-05-01,Active
2641,3187,Savings,1993-05-02,Active
5423,6546,Savings,1993-05-02,Active
2609,3148,Savings,1993-05-03,Active
5472,6604,Savings,1993-05-04,Active
2932,3540,Savings,1993-05-04,Active
4254,5127,Savings,1993-05-04,Active
3965,4783,Savings,1993-05-04,Active
10656,13102,Savings,1993-05-05,Active
887,1068,Savings,1993-05-05,Active
4743,5722,Savings,1993-05-05,Active
1048,1257,Savings,1993-05-05,Active
1671,2029,Savings,1993-05-05,Active
1236,1491,Savings,1993-05-05,Active
1822,2209,Savings,1993-05-05,Active
3316,4009,Savings,1993-05-06,Active
2037,2473,Savings,1993-05-06,Active
10079,12396,Savings,1993-05-06,Active
3999,4821,Savings,1993-05-06,Active
551,664,Savings,1993-05-07,Active
1200,1449,Savings,1993-05-07,Active
1161,1397,Savings,1993-05-08,Active
5372,6485,Savings,1993-05-08,Active
3050,3687,Savings,1993-05-08,Active
1784,2161,Savings,1993-05-08,Active
1603,1944,Savings,1993-05-09,Active
1887,2290,Savings,1993-05-09,Active
1644,1993,Savings,1993-05-09,Active
1658,2010,Savings,1993-05-10,Active
44,52,Savings,1993-05-10,Active
1039,1246,Current,1993-05-10,Active
1071,1286,Current,1993-05-10,Active
2410,2911,Savings,1993-05-11,Active
2523,3045,Savings,1993-05-11,Active
790,946,Savings,1993-05-11,Active
2583,3117,Savings,1993-05-11,Active
1782,2159,Savings,1993-05-12,Active
751,901,Savings,1993-05-12,Active
2061,2500,Savings,1993-05-12,Active
8261,10200,Savings,1993-05-12,Active
2321,2808,Savings,1993-05-13,Active
1334,1615,Savings,1993-05-14,Active
3649,4400,Savings,1993-05-14,Active
555,668,Savings,1993-05-15,Active
3173,3837,Savings,1993-05-15,Active
863,1040,Savings,1993-05-16,Active
3181,3846,Savings,1993-05-16,Active
3210,3883,Savings,1993-05-17,Active
489,588,Savings,1993-05-17,Active
947,1142,Savings,1993-05-17,Active
3284,3975,Savings,1993-05-17,Active
1610,1952,Savings,1993-05-17,Active
4225,5093,Savings,1993-05-18,Active
1412,1711,Savings,1993-05-18,Active
1937,2353,Savings,1993-05-18,Active
991,1195,Savings,1993-05-18,Active
1180,1421,Savings,1993-05-19,Active
2758,3331,Savings,1993-05-19,Active
2711,3271,Savings,1993-05-19,Active
1652,2002,Savings,1993-05-20,Active
3099,3748,Savings,1993-05-20,Active
11111,13657,Savings,1993-05-20,Active
9591,11804,Savings,1993-05-20,Active
9828,12095,Savings,1993-05-20,Active
5385,6499,Current,1993-05-21,Active
23,29,Savings,1993-05-22,Active
2645,3191,Savings,1993-05-22,Active
2991,3612,Savings,1993-05-22,Active
3469,4192,Savings,1993-05-22,Active
1851,2246,Savings,1993-05-23,Active
3844,4634,Savings,1993-05-23,Active
1442,1750,Savings,1993-05-23,Active
3064,3705,Savings,1993-05-23,Active
3558,4293,Savings,1993-05-23,Active
1534,1860,Savings,1993-05-24,Active
334,408,Savings,1993-05-24,Active
1786,2164,Savings,1993-05-25,Active
1272,1535,Current,1993-05-25,Active
2436,2942,Savings,1993-05-25,Active
3796,4576,Savings,1993-05-25,Active
119,143,Savings,1993-05-25,Active
3063,3704,Savings,1993-05-26,Active
18,24,Current,1993-05-26,Active
11320,13915,Savings,1993-05-26,Active
3888,4686,Savings,1993-05-27,Active
1584,1919,Savings,1993-05-27,Active
5546,6698,Savings,1993-05-28,Active
2029,2464,Savings,1993-05-29,Active
10911,13412,Current,1993-05-29,Active
2467,2978,Savings,1993-05-29,Active
2962,3576,Savings,1993-05-30,Active
165,199,Savings,1993-06-01,Active
1617,1961,Savings,1993-06-01,Active
327,399,Savings,1993-06-02,Active
2068,2507,Savings,1993-06-02,Active
4448,5366,Savings,1993-06-02,Active
640,768,Savings,1993-06-02,Active
510,613,Current,1993-06-02,Active
2534,3059,Savings,1993-06-03,Active
1018,1222,Savings,1993-06-03,Active
1285,1555,Savings,1993-06-04,Active
3670,4423,Savings,1993-06-04,Active
1743,2114,Savings,1993-06-04,Active
3072,3714,Savings,1993-06-05,Active
2146,2596,Savings,1993-06-05,Active
4576,5517,Savings,1993-06-05,Active
3258,3942,Savings,1993-06-05,Active
2176,2635,Savings,1993-06-06,Active
8934,11008,Savings,1993-06-06,Active
1999,2429,Savings,1993-06-06,Active
2741,3308,Savings,1993-06-07,Active
4427,5337,Savings,1993-06-07,Active
3682,4439,Savings,1993-06-07,Active
2862,3458,Savings,1993-06-07,Active
3032,3662,Savings,1993-06-07,Active
701,841,Savings,1993-06-08,Active
6281,7586,Savings,1993-06-08,Active
306,373,Savings,1993-06-08,Active
1207,1458,Savings,1993-06-08,Active
1247,1505,Savings,1993-06-08,Active
5343,6452,Savings,1993-06-08,Active
5129,6191,Savings,1993-06-08,Active
3713,4477,Current,1993-06-08,Active
2327,2814,Savings,1993-06-08,Active
774,926,Savings,1993-06-08,Active
1990,2418,Savings,1993-06-09,Active
2388,2883,Savings,1993-06-09,Active
3566,4303,Savings,1993-06-09,Active
10266,12625,Savings,1993-06-10,Active
3771,4547,Savings,1993-06-11,Active
1978,2403,Current,1993-06-11,Active
2022,2455,Savings,1993-06-11,Active
3542,4275,Savings,1993-06-11,Active
1515,1836,Savings,1993-06-11,Active
4171,5028,Savings,1993-06-12,Active
433,521,Savings,1993-06-12,Active
1373,1661,Savings,1993-06-12,Active
3246,3926,Savings,1993-06-14,Active
1475,1788,Current,1993-06-14,Active
3133,3789,Savings,1993-06-14,Active
2779,3356,Savings,1993-06-15,Active
135,162,Savings,1993-06-15,Active
446,537,Savings,1993-06-15,Active
9093,11195,Savings,1993-06-16,Active
432,520,Savings,1993-06-16,Active
2880,3482,Savings,1993-06-16,Active
5767,6978,Savings,1993-06-16,Active
1998,2428,Savings,1993-06-17,Active
2554,3084,Savings,1993-06-18,Active
2933,3542,Savings,1993-06-18,Active
773,925,Savings,1993-06-19,Active
4894,5911,Savings,1993-06-20,Active
3969,4788,Savings,1993-06-20,Active
1277,1542,Savings,1993-06-20,Active
5120,6178,Savings,1993-06-21,Active
738,886,Savings,1993-06-21,Active
1299,1572,Savings,1993-06-21,Active
148,178,Savings,1993-06-21,Active
899,1082,Savings,1993-06-21,Active
3521,4251,Savings,1993-06-22,Active
3786,4565,Savings,1993-06-22,Active
886,1067,Savings,1993-06-23,Active
5228,6317,Fixed Deposit,1993-06-23,Active
702,842,Savings,1993-06-23,Active
300,365,Savings,1993-06-23,Active
1451,1760,Savings,1993-06-24,Active
2940,3550,Savings,1993-06-24,Active
1837,2228,Savings,1993-06-24,Active
3954,4769,Savings,1993-06-25,Active
885,1066,Savings,1993-06-25,Active
2697,3255,Savings,1993-06-26,Active
8129,10043,Savings,1993-06-26,Active
1930,2344,Savings,1993-06-27,Active
2411,2913,Savings,1993-06-27,Active
3775,4551,Savings,1993-06-27,Active
9034,11126,Savings,1993-06-28,Active
902,1086,Savings,1993-06-29,Active
630,757,Savings,1993-06-29,Active
3096,3745,Savings,1993-06-29,Active
2552,3082,Savings,1993-07-01,Active
3435,4155,Savings,1993-07-01,Active
5215,6301,Savings,1993-07-01,Active
36,44,Savings,1993-07-01,Active
2687,3243,Savings,1993-07-01,Active
1861,2257,Savings,1993-07-02,Active
2464,2975,Fixed Deposit,1993-07-02,Active
2736,3302,Savings,1993-07-02,Active
1145,1376,Savings,1993-07-03,Active
2298,2782,Savings,1993-07-03,Active
929,1119,Savings,1993-07-03,Active
381,461,Savings,1993-07-04,Active
3778,4555,Savings,1993-07-04,Active
1118,1341,Savings,1993-07-04,Active
4352,5243,Savings,1993-07-05,Active
1322,1598,Savings,1993-07-05,Active
1852,2247,Savings,1993-07-05,Active
8173,10095,Savings,1993-07-05,Active
2705,3264,Fixed Deposit,1993-07-05,Active
9472,11662,Current,1993-07-06,Active
368,448,Savings,1993-07-06,Active
1425,1729,Savings,1993-07-06,Active
8027,9915,Current,1993-07-07,Active
3261,3946,Savings,1993-07-07,Active
35,43,Savings,1993-07-07,Active
2186,2646,Savings,1993-07-07,Active
1566,1898,Savings,1993-07-07,Active
78,92,Savings,1993-07-07,Active
3939,4750,Savings,1993-07-08,Active
2584,3119,Savings,1993-07-08,Active
2336,2824,Savings,1993-07-08,Active
2078,2520,Savings,1993-07-08,Active
3882,4679,Savings,1993-07-09,Active
4159,5013,Savings,1993-07-09,Active
907,1092,Savings,1993-07-09,Active
1411,1710,Savings,1993-07-09,Active
1684,2044,Current,1993-07-10,Active
3748,4521,Savings,1993-07-10,Active
2213,2679,Savings,1993-07-11,Active
1062,1275,Savings,1993-07-11,Active
273,330,Fixed Deposit,1993-07-11,Active
10320,12695,Savings,1993-07-11,Active
1416,1717,Current,1993-07-12,Active
3277,3967,Savings,1993-07-12,Active
1892,2295,Savings,1993-07-13,Active
3413,4126,Savings,1993-07-13,Active
3654,4405,Savings,1993-07-13,Active
3000,3623,Savings,1993-07-14,Active
3955,4771,Savings,1993-07-14,Active
1544,1872,Savings,1993-07-14,Active
9703,11943,Savings,1993-07-15,Active
234,282,Savings,1993-07-15,Active
3241,3920,Savings,1993-07-16,Active
3465,4188,Savings,1993-07-16,Active
3152,3812,Savings,1993-07-16,Active
1497,1815,Savings,1993-07-16,Active
3078,3722,Savings,1993-07-16,Active
400,484,Savings,1993-07-17,Active
1902,2310,Current,1993-07-17,Active
757,907,Savings,1993-07-19,Active
1116,1339,Savings,1993-07-20,Active
5700,6895,Savings,1993-07-20,Active
3267,3954,Savings,1993-07-21,Active
3222,3897,Savings,1993-07-21,Active
408,493,Savings,1993-07-21,Active
2818,3405,Savings,1993-07-21,Active
6273,7576,Savings,1993-07-21,Active
2513,3035,Savings,1993-07-22,Active
3493,4221,Savings,1993-07-22,Active
1201,1450,Savings,1993-07-23,Active
4478,5402,Savings,1993-07-23,Active
2915,3522,Savings,1993-07-23,Active
9833,12102,Savings,1993-07-24,Active
2253,2728,Savings,1993-07-24,Active
1069,1283,Savings,1993-07-24,Active
207,250,Savings,1993-07-25,Active
3212,3885,Savings,1993-07-25,Active
4035,4863,Savings,1993-07-25,Active
1268,1530,Savings,1993-07-25,Active
3287,3978,Savings,1993-07-26,Active
6226,7521,Current,1993-07-26,Active
2123,2567,Savings,1993-07-26,Active
3982,4802,Savings,1993-07-27,Active
2701,3259,Savings,1993-07-27,Active
3629,4377,Savings,1993-07-27,Active
2841,3433,Savings,1993-07-27,Active
563,676,Savings,1993-07-27,Active
2732,3298,Savings,1993-07-27,Active
1297,1569,Savings,1993-07-27,Active
7485,9273,Savings,1993-07-28,Active
2088,2531,Savings,1993-07-28,Active
225,270,Savings,1993-07-28,Active
1630,1976,Savings,1993-07-28,Active
403,487,Savings,1993-07-29,Active
445,536,Current,1993-07-29,Active
186,226,Current,1993-07-29,Active
3720,4485,Savings,1993-07-30,Active
574,689,Savings,1993-07-30,Active
1429,1733,Savings,1993-07-30,Active
3580,4318,Savings,1993-08-01,Active
7819,9670,Savings,1993-08-01,Active
759,909,Savings,1993-08-01,Active
6363,7683,Savings,1993-08-01,Active
3738,4511,Savings,1993-08-01,Active
4000,4823,Savings,1993-08-02,Active
9041,11136,Savings,1993-08-03,Active
2620,3161,Savings,1993-08-03,Active
3609,4353,Savings,1993-08-03,Active
1382,1673,Savings,1993-08-03,Active
930,1120,Savings,1993-08-03,Active
1925,2336,Savings,1993-08-03,Active
1834,2225,Savings,1993-08-03,Active
1507,1826,Savings,1993-08-03,Active
7857,9715,Savings,1993-08-04,Active
6636,8013,Current,1993-08-04,Active
601,720,Savings,1993-08-04,Active
3298,3990,Savings,1993-08-04,Active
2938,3548,Savings,1993-08-04,Active
2199,2661,Savings,1993-08-04,Active
3745,4518,Savings,1993-08-04,Active
3699,4461,Savings,1993-08-05,Active
816,980,Savings,1993-08-05,Active
3656,4407,Savings,1993-08-06,Active
2038,2474,Savings,1993-08-06,Active
2542,3069,Savings,1993-08-07,Active
1136,1366,Savings,1993-08-07,Active
1589,1925,Savings,1993-08-07,Active
3136,3792,Savings,1993-08-07,Active
3547,4281,Savings,1993-08-07,Active
26,32,Savings,1993-08-08,Active
657,788,Savings,1993-08-08,Active
3538,4270,Savings,1993-08-08,Active
2167,2623,Savings,1993-08-08,Active
3127,3782,Savings,1993-08-08,Active
47,55,Savings,1993-08-08,Active
3850,4641,Savings,1993-08-09,Active
5366,6478,Savings,1993-08-09,Active
747,895,Savings,1993-08-09,Active
3166,3829,Savings,1993-08-10,Active
11021,13548,Savings,1993-08-10,Active
1701,2066,Savings,1993-08-10,Active
3613,4359,Savings,1993-08-10,Active
3600,4343,Savings,1993-08-10,Active
3792,4572,Savings,1993-08-11,Active
523,629,Savings,1993-08-11,Active
3808,4589,Savings,1993-08-11,Active
1401,1696,Savings,1993-08-12,Active
541,652,Savings,1993-08-12,Active
1023,1228,Savings,1993-08-13,Active
3683,4440,Savings,1993-08-13,Active
3220,3894,Savings,1993-08-14,Active
1779,2156,Savings,1993-08-15,Active
1912,2322,Savings,1993-08-15,Active
238,288,Savings,1993-08-15,Active
3113,3765,Savings,1993-08-16,Active
5481,6616,Savings,1993-08-16,Active
3035,3667,Current,1993-08-16,Active
942,1136,Savings,1993-08-16,Active
3221,3896,Savings,1993-08-17,Active
2616,3157,Savings,1993-08-17,Active
2137,2584,Fixed Deposit,1993-08-17,Active
978,1179,Savings,1993-08-18,Active
2771,3345,Savings,1993-08-18,Active
3891,4690,Savings,1993-08-18,Active
9236,11372,Savings,1993-08-18,Active
274,331,Savings,1993-08-20,Active
552,665,Savings,1993-08-20,Active
2417,2920,Savings,1993-08-20,Active
3868,4662,Savings,1993-08-21,Active
9869,12144,Savings,1993-08-21,Active
1875,2276,Savings,1993-08-21,Active
8212,10145,Fixed Deposit,1993-08-21,Active
3477,4203,Savings,1993-08-22,Active
1513,1833,Savings,1993-08-23,Active
3053,3691,Savings,1993-08-23,Active
1057,1270,Savings,1993-08-23,Active
6030,7286,Savings,1993-08-24,Active
3407,4118,Savings,1993-08-24,Active
1761,2135,Savings,1993-08-24,Active
3306,3998,Savings,1993-08-24,Active
162,195,Savings,1993-08-25,Active
5011,6052,Savings,1993-08-25,Active
965,1163,Savings,1993-08-25,Active
1305,1579,Savings,1993-08-25,Active
815,978,Savings,1993-08-25,Active
1449,1758,Savings,1993-08-26,Active
950,1146,Savings,1993-08-26,Active
3361,4063,Savings,1993-08-26,Active
3837,4624,Fixed Deposit,1993-08-26,Active
33,41,Savings,1993-08-26,Active
2894,3498,Savings,1993-08-28,Active
2510,3030,Savings,1993-08-28,Active
389,470,Savings,1993-08-28,Active
6051,7311,Savings,1993-08-28,Active
730,876,Savings,1993-08-28,Active
1694,2057,Current,1993-08-29,Active
721,864,Savings,1993-08-29,Active
1106,1327,Current,1993-08-29,Active
3319,4012,Savings,1993-08-29,Active
10451,12859,Savings,1993-08-29,Active
172,208,Savings,1993-08-30,Active
3920,4727,Savings,1993-09-01,Active
3011,3637,Savings,1993-09-01,Active
1337,1618,Savings,1993-09-01,Active
2592,3128,Savings,1993-09-01,Active
146,176,Savings,1993-09-02,Active
2576,3107,Savings,1993-09-02,Active
3195,3862,Savings,1993-09-02,Active
8073,9973,Fixed Deposit,1993-09-03,Active
4463,5385,Savings,1993-09-03,Active
2082,2525,Savings,1993-09-03,Active
2020,2453,Savings,1993-09-04,Active
160,193,Savings,1993-09-04,Active
7607,9418,Savings,1993-09-05,Active
117,141,Savings,1993-09-05,Active
3509,4237,Savings,1993-09-05,Active
151,181,Savings,1993-09-06,Active
1719,2084,Savings,1993-09-06,Active
3456,4178,Savings,1993-09-06,Active
2951,3565,Savings,1993-09-06,Active
7190,8677,Savings,1993-09-06,Active
1827,2215,Savings,1993-09-06,Active
1689,2051,Savings,1993-09-07,Active
1197,1445,Savings,1993-09-07,Active
5952,7195,Savings,1993-09-07,Active
6930,8366,Savings,1993-09-08,Active
1107,1328,Savings,1993-09-08,Active
8475,10459,Savings,1993-09-08,Active
3575,4313,Savings,1993-09-08,Active
2691,3247,Savings,1993-09-08,Active
3323,4016,Savings,1993-09-08,Active
2428,2933,Savings,1993-09-08,Active
2649,3195,Savings,1993-09-08,Active
2907,3513,Savings,1993-09-09,Active
1091,1309,Savings,1993-09-09,Active
1487,1801,Savings,1993-09-10,Active
3157,3817,Savings,1993-09-10,Active
4414,5320,Savings,1993-09-10,Active
2302,2786,Savings,1993-09-10,Active
1410,1709,Savings,1993-09-11,Active
1146,1378,Savings,1993-09-12,Active
8564,10563,Savings,1993-09-12,Active
750,900,Savings,1993-09-12,Active
2150,2601,Savings,1993-09-12,Active
10940,13447,Savings,1993-09-13,Active
9337,11497,Savings,1993-09-13,Active
861,1038,Savings,1993-09-13,Active
10440,12844,Savings,1993-09-13,Active
10036,12344,Savings,1993-09-13,Active
1234,1489,Savings,1993-09-13,Active
7774,9616,Fixed Deposit,1993-09-14,Active
1547,1876,Savings,1993-09-14,Active
1079,1295,Savings,1993-09-14,Active
3863,4657,Savings,1993-09-14,Active
3480,4207,Savings,1993-09-14,Active
2671,3226,Savings,1993-09-15,Active
1705,2070,Savings,1993-09-15,Active
3028,3658,Savings,1993-09-15,Active
3310,4002,Savings,1993-09-15,Active
6715,8105,Current,1993-09-15,Active
3255,3938,Savings,1993-09-15,Active
3751,4526,Savings,1993-09-15,Active
2987,3607,Savings,1993-09-16,Active
857,1032,Savings,1993-09-16,Active
3042,3676,Savings,1993-09-16,Active
2695,3253,Savings,1993-09-16,Active
2849,3443,Savings,1993-09-16,Active
2802,3386,Savings,1993-09-16,Active
34,42,Current,1993-09-17,Active
7133,8610,Savings,1993-09-17,Active
699,839,Savings,1993-09-17,Active
2282,2762,Current,1993-09-17,Active
8489,10475,Savings,1993-09-18,Active
837,1008,Savings,1993-09-18,Active
8759,10798,Savings,1993-09-18,Active
1602,1943,Savings,1993-09-19,Active
2958,3572,Savings,1993-09-19,Active
3408,4119,Savings,1993-09-19,Active
153,185,Savings,1993-09-19,Active
3268,3956,Savings,1993-09-20,Active
854,1029,Savings,1993-09-21,Active
1831,2222,Savings,1993-09-21,Active
39,47,Savings,1993-09-22,Active
1811,2195,Savings,1993-09-22,Active
3822,4606,Savings,1993-09-22,Active
1404,1700,Current,1993-09-22,Active
517,621,Savings,1993-09-22,Active
1440,1748,Savings,1993-09-22,Active
3505,4233,Savings,1993-09-23,Active
1804,2185,Current,1993-09-23,Active
2617,3158,Savings,1993-09-24,Active
467,561,Savings,1993-09-24,Active
4437,5352,Savings,1993-09-24,Active
1453,1762,Current,1993-09-25,Active
3977,4796,Savings,1993-09-25,Active
8982,11063,Savings,1993-09-25,Active
27,33,Savings,1993-09-26,Active
4511,5441,Savings,1993-09-26,Active
1052,1264,Savings,1993-09-27,Active
10227,12577,Fixed Deposit,1993-09-27,Active
3171,3835,Savings,1993-09-28,Active
228,274,Savings,1993-09-28,Active
3618,4365,Savings,1993-09-29,Active
1016,1220,Savings,1993-09-29,Active
15,20,Savings,1993-10-02,Active
3237,3915,Savings,1993-10-02,Active
1485,1799,Savings,1993-10-03,Active
7769,9611,Savings,1993-10-03,Active
2613,3153,Savings,1993-10-03,Active
2201,2663,Savings,1993-10-05,Active
1896,2302,Savings,1993-10-05,Active
5387,6501,Savings,1993-10-05,Active
3535,4266,Savings,1993-10-05,Active
1120,1343,Savings,1993-10-05,Active
235,284,Savings,1993-10-06,Active
3701,4463,Savings,1993-10-06,Active
1516,1837,Savings,1993-10-08,Active
4543,5478,Savings,1993-10-08,Active
2427,2932,Current,1993-10-08,Active
1981,2407,Savings,1993-10-08,Active
8566,10566,Savings,1993-10-08,Active
678,814,Savings,1993-10-08,Active
4659,5617,Savings,1993-10-08,Active
4059,4892,Savings,1993-10-08,Active
4013,4836,Fixed Deposit,1993-10-08,Active
7011,8463,Savings,1993-10-08,Active
2132,2578,Savings,1993-10-08,Active
1816,2201,Savings,1993-10-08,Active
2623,3165,Savings,1993-10-09,Active
2793,3373,Savings,1993-10-09,Active
2479,2994,Savings,1993-10-09,Active
11135,13687,Savings,1993-10-10,Active
8041,9933,Savings,1993-10-10,Active
492,591,Savings,1993-10-10,Active
799,957,Savings,1993-10-10,Active
3972,4791,Savings,1993-10-11,Active
1468,1780,Savings,1993-10-11,Active
624,750,Savings,1993-10-11,Active
3483,4210,Savings,1993-10-12,Active
4260,5134,Savings,1993-10-14,Active
616,740,Savings,1993-10-14,Active
931,1121,Savings,1993-10-15,Active
102,123,Savings,1993-10-16,Active
540,651,Savings,1993-10-16,Active
2660,3211,Current,1993-10-17,Active
4287,5164,Savings,1993-10-17,Active
3551,4286,Savings,1993-10-17,Active
2072,2513,Savings,1993-10-17,Active
4119,4959,Savings,1993-10-18,Active
1345,1629,Savings,1993-10-19,Active
1565,1897,Savings,1993-10-20,Active
2824,3414,Savings,1993-10-20,Active
2052,2490,Savings,1993-10-20,Active
1767,2142,Savings,1993-10-20,Active
2140,2588,Savings,1993-10-21,Active
1051,1262,Savings,1993-10-21,Active
3927,4736,Savings,1993-10-22,Active
2050,2488,Savings,1993-10-22,Active
2276,2756,Savings,1993-10-22,Active
126,151,Savings,1993-10-23,Active
2859,3454,Savings,1993-10-23,Active
2667,3220,Savings,1993-10-23,Active
1789,2168,Savings,1993-10-23,Active
838,1009,Savings,1993-10-23,Active
3264,3950,Savings,1993-10-23,Active
198,240,Savings,1993-10-25,Active
2345,2834,Savings,1993-10-25,Active
5256,6349,Fixed Deposit,1993-10-25,Active
40,48,Savings,1993-10-25,Active
419,505,Savings,1993-10-25,Active
3892,4692,Savings,1993-10-25,Active
1217,1469,Savings,1993-10-25,Active
397,479,Savings,1993-10-26,Active
3146,3805,Savings,1993-10-26,Active
287,349,Savings,1993-10-27,Active
2180,2639,Savings,1993-10-27,Active
354,432,Savings,1993-10-28,Active
259,312,Savings,1993-10-28,Active
1666,2021,Savings,1993-10-30,Active
1495,1812,Savings,1993-11-01,Active
2582,3116,Savings,1993-11-01,Active
4470,5392,Savings,1993-11-01,Active
1381,1671,Savings,1993-11-01,Active
2435,2941,Savings,1993-11-01,Active
542,653,Savings,1993-11-01,Active
1123,1347,Savings,1993-11-01,Active
3225,3900,Savings,1993-11-01,Active
1133,1361,Savings,1993-11-01,Active
3086,3733,Savings,1993-11-02,Active
2250,2724,Savings,1993-11-02,Active
340,416,Savings,1993-11-03,Active
4079,4916,Savings,1993-11-03,Active
841,1014,Savings,1993-11-04,Active
2269,2747,Savings,1993-11-04,Active
2867,3465,Savings,1993-11-04,Active
3371,4077,Savings,1993-11-04,Active
520,625,Savings,1993-11-04,Active
743,891,Savings,1993-11-05,Active
3640,4389,Savings,1993-11-05,Active
3354,4056,Savings,1993-11-05,Active
107,129,Savings,1993-11-05,Active
243,294,Current,1993-11-06,Active
3687,4446,Savings,1993-11-06,Active
1984,2410,Savings,1993-11-07,Active
4173,5030,Savings,1993-11-08,Active
2700,3258,Savings,1993-11-08,Active
2318,2805,Savings,1993-11-08,Active
7965,9844,Savings,1993-11-08,Active
3352,4054,Savings,1993-11-08,Active
4255,5128,Current,1993-11-08,Active
73,87,Savings,1993-11-08,Active
3948,4763,Savings,1993-11-09,Active
648,778,Savings,1993-11-09,Active
3688,4448,Savings,1993-11-10,Active
462,556,Savings,1993-11-10,Active
3243,3922,Savings,1993-11-10,Active
8625,10636,Savings,1993-11-10,Active
321,391,Savings,1993-11-11,Active
3548,4282,Savings,1993-11-11,Active
5984,7234,Savings,1993-11-11,Active
3091,3739,Savings,1993-11-11,Active
626,752,Savings,1993-11-11,Active
998,1202,Savings,1993-11-11,Active
3326,4020,Savings,1993-11-11,Active
2457,2967,Savings,1993-11-11,Active
2549,3077,Savings,1993-11-12,Active
1947,2366,Savings,1993-11-12,Active
2738,3305,Savings,1993-11-12,Active
1809,2192,Current,1993-11-12,Active
519,623,Savings,1993-11-12,Active
2665,3217,Savings,1993-11-13,Active
1114,1335,Current,1993-11-13,Active
8957,11034,Savings,1993-11-13,Active
2271,2751,Savings,1993-11-13,Active
196,238,Savings,1993-11-14,Active
3218,3892,Savings,1993-11-14,Active
3660,4413,Savings,1993-11-14,Active
787,941,Savings,1993-11-14,Active
3820,4604,Savings,1993-11-14,Active
10906,13406,Savings,1993-11-14,Active
914,1101,Savings,1993-11-14,Active
9656,11886,Savings,1993-11-14,Active
1941,2358,Savings,1993-11-15,Active
3617,4364,Savings,1993-11-15,Active
3370,4076,Savings,1993-11-15,Active
1664,2018,Savings,1993-11-15,Active
4337,5224,Savings,1993-11-16,Active
2557,3088,Savings,1993-11-17,Active
1527,1851,Fixed Deposit,1993-11-17,Active
3938,4749,Savings,1993-11-17,Active
1686,2047,Savings,1993-11-18,Active
10670,13123,Savings,1993-11-18,Active
3309,4001,Savings,1993-11-20,Active
3107,3757,Savings,1993-11-20,Active
8377,10350,Savings,1993-11-20,Active
345,422,Savings,1993-11-20,Active
498,598,Savings,1993-11-21,Active
3571,4309,Savings,1993-11-21,Active
5991,7241,Savings,1993-11-21,Active
1128,1354,Savings,1993-11-21,Active
10439,12843,Savings,1993-11-21,Active
1302,1575,Savings,1993-11-21,Active
10788,13260,Current,1993-11-22,Active
4343,5233,Savings,1993-11-22,Active
2460,2971,Savings,1993-11-22,Active
1931,2345,Savings,1993-11-23,Active
2972,3589,Savings,1993-11-23,Active
1286,1556,Fixed Deposit,1993-11-23,Active
1235,1490,Savings,1993-11-23,Active
4385,5283,Savings,1993-11-23,Active
7449,9231,Savings,1993-11-24,Active
545,656,Savings,1993-11-24,Active
245,296,Savings,1993-11-25,Active
688,825,Savings,1993-11-25,Active
173,210,Savings,1993-11-26,Active
10904,13404,Savings,1993-11-26,Active
7844,9702,Savings,1993-11-26,Active
6353,7672,Savings,1993-11-26,Active
604,723,Savings,1993-11-26,Active
6806,8217,Savings,1993-11-26,Active
5927,7166,Savings,1993-11-26,Active
2419,2922,Savings,1993-11-27,Active
1288,1558,Savings,1993-11-27,Active
3003,3627,Savings,1993-11-27,Active
10131,12464,Savings,1993-11-27,Active
1952,2373,Savings,1993-11-28,Active
651,781,Savings,1993-11-28,Active
2989,3610,Savings,1993-11-28,Active
1499,1817,Savings,1993-11-28,Active
426,512,Savings,1993-11-29,Active
3570,4308,Savings,1993-11-29,Active
4237,5107,Savings,1993-11-29,Active
2739,3306,Savings,1993-11-29,Active
4526,5460,Savings,1993-11-29,Active
1621,1965,Savings,1993-12-01,Active
344,421,Savings,1993-12-01,Active
1359,1646,Savings,1993-12-02,Active
290,352,Savings,1993-12-02,Active
66,77,Fixed Deposit,1993-12-03,Active
1314,1589,Savings,1993-12-03,Active
3145,3803,Savings,1993-12-03,Active
1204,1453,Savings,1993-12-03,Active
437,526,Savings,1993-12-03,Active
2063,2502,Savings,1993-12-04,Active
3087,3734,Savings,1993-12-04,Active
2588,3124,Savings,1993-12-04,Active
956,1152,Savings,1993-12-05,Active
597,715,Savings,1993-12-05,Active
3129,3785,Savings,1993-12-05,Active
884,1065,Savings,1993-12-07,Active
4264,5138,Savings,1993-12-07,Active
3223,3898,Savings,1993-12-07,Active
737,885,Savings,1993-12-08,Active
2306,2790,Savings,1993-12-08,Active
1673,2031,Savings,1993-12-08,Active
10663,13113,Savings,1993-12-08,Active
3345,4044,Savings,1993-12-08,Active
1970,2395,Savings,1993-12-08,Active
2504,3023,Savings,1993-12-09,Active
358,436,Savings,1993-12-09,Active
2980,3598,Savings,1993-12-09,Active
3918,4724,Savings,1993-12-09,Active
1680,2040,Savings,1993-12-10,Active
3039,3673,Savings,1993-12-10,Active
3380,4087,Savings,1993-12-10,Active
2128,2574,Savings,1993-12-10,Active
903,1088,Savings,1993-12-10,Active
1762,2136,Savings,1993-12-11,Active
61,70,Savings,1993-12-11,Active
391,472,Savings,1993-12-11,Active
2305,2789,Savings,1993-12-11,Active
1588,1924,Savings,1993-12-11,Active
183,223,Savings,1993-12-12,Active
365,444,Savings,1993-12-12,Active
2476,2990,Savings,1993-12-12,Active
347,424,Savings,1993-12-13,Active
1877,2278,Savings,1993-12-13,Active
3196,3863,Savings,1993-12-13,Active
2928,3536,Savings,1993-12-14,Active
1225,1478,Savings,1993-12-14,Active
3825,4609,Savings,1993-12-14,Active
180,219,Current,1993-12-14,Active
2813,3397,Savings,1993-12-15,Active
1605,1946,Savings,1993-12-16,Active
1792,2172,Savings,1993-12-16,Active
1604,1945,Savings,1993-12-16,Active
883,1064,Savings,1993-12-17,Active
441,531,Current,1993-12-17,Active
3429,4145,Savings,1993-12-17,Active
4514,5445,Savings,1993-12-18,Active
1088,1306,Savings,1993-12-19,Active
3094,3742,Savings,1993-12-20,Active
1768,2144,Savings,1993-12-20,Active
2768,3342,Savings,1993-12-20,Active
2257,2732,Savings,1993-12-21,Active
1882,2283,Savings,1993-12-21,Active
719,862,Savings,1993-12-21,Active
5092,6144,Savings,1993-12-21,Active
3292,3983,Savings,1993-12-21,Active
3604,4347,Savings,1993-12-22,Active
2733,3299,Savings,1993-12-22,Active
3669,4422,Savings,1993-12-22,Active
1940,2356,Savings,1993-12-22,Active
3056,3695,Savings,1993-12-22,Active
1419,1720,Savings,1993-12-22,Active
2971,3588,Current,1993-12-23,Active
1959,2382,Savings,1993-12-24,Active
3164,3826,Savings,1993-12-24,Active
3197,3865,Savings,1993-12-25,Active
2770,3344,Savings,1993-12-25,Active
7944,9820,Savings,1993-12-27,Active
1080,1296,Savings,1993-12-27,Active
6148,7422,Savings,1993-12-27,Active
2010,2441,Savings,1993-12-27,Active
3135,3791,Savings,1993-12-27,Active
1098,1318,Savings,1993-12-28,Active
100,121,Savings,1993-12-28,Active
2913,3520,Savings,1993-12-28,Active
1153,1387,Savings,1993-12-29,Active
1635,1981,Savings,1993-12-29,Active
2842,3435,Savings,1993-12-29,Active
3759,4535,Savings,1993-12-29,Active
3594,4337,Savings,1993-12-30,Active
2778,3355,Savings,1993-12-30,Active
2161,2615,Current,1993-12-30,Active
2789,3368,Savings,1994-01-01,Active
1552,1883,Savings,1994-01-02,Active
628,755,Savings,1994-01-03,Active
1458,1768,Savings,1994-01-03,Active
2673,3228,Savings,1994-01-04,Active
1788,2167,Savings,1994-01-04,Active
1193,1439,Savings,1994-01-05,Active
969,1168,Savings,1994-01-08,Active
1512,1832,Savings,1994-01-08,Active
3997,4819,Savings,1994-01-13,Active
2179,2638,Current,1994-01-14,Active
1164,1401,Savings,1994-01-14,Active
4774,5760,Savings,1994-01-14,Active
4413,5318,Current,1994-01-15,Active
1824,2212,Savings,1994-01-17,Active
1231,1485,Savings,1994-01-18,Active
2664,3216,Savings,1994-01-20,Active
1627,1972,Savings,1994-01-20,Active
9104,11208,Savings,1994-01-21,Active
2326,2813,Savings,1994-01-24,Active
4356,5247,Savings,1994-01-26,Active
3667,4420,Savings,1994-01-26,Active
742,890,Savings,1994-01-28,Active
2538,3064,Savings,1994-01-30,Active
127,152,Savings,1994-02-02,Active
726,871,Savings,1994-02-03,Active
4907,5928,Savings,1994-02-06,Active
2628,3172,Fixed Deposit,1994-02-06,Active
3898,4700,Savings,1994-02-07,Active
6472,7814,Savings,1994-02-08,Active
1770,2146,Savings,1994-02-08,Active
2472,2984,Savings,1994-02-08,Active
1159,1394,Savings,1994-02-09,Active
4418,5325,Savings,1994-02-09,Active
1470,1782,Savings,1994-02-10,Active
1813,2197,Savings,1994-02-11,Active
4416,5323,Savings,1994-02-12,Active
2315,2801,Savings,1994-02-13,Active
3876,4673,Savings,1994-02-13,Active
4329,5213,Savings,1994-02-17,Active
3184,3849,Savings,1994-02-18,Active
370,450,Savings,1994-02-18,Active
1317,1592,Savings,1994-02-18,Active
2675,3230,Savings,1994-02-19,Active
3840,4629,Savings,1994-02-19,Active
4009,4832,Savings,1994-02-20,Active
3886,4684,Savings,1994-02-20,Active
3445,4166,Savings,1994-02-22,Active
2482,2997,Savings,1994-02-23,Active
2361,2853,Savings,1994-02-25,Active
974,1174,Savings,1994-02-25,Active
2959,3573,Savings,1994-02-25,Active
1880,2281,Savings,1994-02-25,Active
3355,4057,Savings,1994-02-26,Active
2501,3019,Savings,1994-02-26,Active
1073,1288,Savings,1994-02-27,Active
8558,10555,Fixed Deposit,1994-02-27,Active
3101,3750,Savings,1994-02-27,Active
2568,3099,Savings,1994-03-02,Active
1169,1408,Fixed Deposit,1994-03-02,Active
3684,4442,Savings,1994-03-04,Active
1406,1703,Savings,1994-03-04,Active
71,83,Savings,1994-03-05,Active
3528,4259,Savings,1994-03-05,Active
3405,4116,Savings,1994-03-07,Active
6118,7390,Current,1994-03-07,Active
2382,2877,Savings,1994-03-08,Active
1570,1903,Savings,1994-03-12,Active
1511,1831,Fixed Deposit,1994-03-13,Active
1237,1492,Savings,1994-03-13,Active
3307,3999,Savings,1994-03-13,Active
3378,4084,Savings,1994-03-14,Active
989,1193,Savings,1994-03-14,Active
3253,3935,Fixed Deposit,1994-03-15,Active
1626,1971,Savings,1994-03-15,Active
289,351,Savings,1994-03-17,Active
1987,2414,Savings,1994-03-17,Active
817,981,Savings,1994-03-18,Active
2228,2700,Savings,1994-03-19,Active
904,1089,Savings,1994-03-20,Active
3824,4608,Savings,1994-03-20,Active
3599,4342,Savings,1994-03-20,Active
22,28,Savings,1994-03-23,Active
470,565,Savings,1994-03-23,Active
1273,1536,Savings,1994-03-25,Active
237,287,Savings,1994-03-25,Active
59,68,Savings,1994-03-27,Active
572,686,Savings,1994-03-27,Active
1269,1531,Savings,1994-03-28,Active
855,1030,Savings,1994-03-28,Active
3183,3848,Savings,1994-04-01,Active
1969,2394,Savings,1994-04-02,Active
2799,3382,Current,1994-04-03,Active
1042,1250,Savings,1994-04-03,Active
1158,1392,Savings,1994-04-03,Active
2713,3274,Savings,1994-04-03,Active
740,888,Savings,1994-04-04,Active
493,592,Savings,1994-04-05,Active
2067,2506,Savings,1994-04-07,Active
3804,4584,Savings,1994-04-07,Active
4259,5133,Savings,1994-04-08,Active
2886,3488,Savings,1994-04-08,Active
761,911,Savings,1994-04-09,Active
1918,2328,Savings,1994-04-10,Active
3036,3669,Savings,1994-04-10,Active
3259,3943,Savings,1994-04-11,Active
4408,5312,Current,1994-04-11,Active
2009,2440,Savings,1994-04-14,Active
1194,1440,Savings,1994-04-15,Active
3718,4483,Savings,1994-04-16,Active
3201,3870,Savings,1994-04-17,Active
460,552,Savings,1994-04-18,Active
784,938,Savings,1994-04-19,Active
3714,4479,Current,1994-04-21,Active
2154,2607,Savings,1994-04-21,Active
1256,1516,Savings,1994-04-21,Active
1353,1640,Savings,1994-04-21,Active
1820,2206,Savings,1994-04-22,Active
2494,3011,Savings,1994-04-23,Active
2399,2896,Savings,1994-04-26,Active
343,420,Savings,1994-04-26,Active
575,690,Savings,1994-04-26,Active
900,1083,Savings,1994-04-26,Active
1467,1779,Savings,1994-04-27,Active
31,39,Savings,1994-04-27,Active
1375,1663,Savings,1994-04-27,Active
1371,1659,Savings,1994-04-27,Active
844,1018,Savings,1994-04-28,Active
908,1093,Savings,1994-04-29,Active
3134,3790,Savings,1994-04-29,Active
2092,2535,Savings,1994-04-29,Active
3747,4520,Savings,1994-05-01,Active
277,334,Fixed Deposit,1994-05-01,Active
3595,4338,Savings,1994-05-01,Active
2511,3031,Savings,1994-05-01,Active
1388,1680,Savings,1994-05-02,Active
4245,5117,Savings,1994-05-02,Active
3838,4626,Savings,1994-05-02,Active
543,654,Savings,1994-05-03,Active
3653,4404,Savings,1994-05-03,Active
524,630,Savings,1994-05-03,Active
82,97,Savings,1994-05-03,Active
3912,4718,Savings,1994-05-04,Active
1949,2370,Savings,1994-05-04,Active
1865,2263,Savings,1994-05-04,Active
451,543,Savings,1994-05-05,Active
50,59,Savings,1994-05-06,Active
1184,1427,Savings,1994-05-06,Active
363,441,Savings,1994-05-06,Active
2454,2964,Savings,1994-05-07,Active
2847,3441,Savings,1994-05-08,Active
2740,3307,Savings,1994-05-08,Active
1871,2269,Savings,1994-05-10,Active
8405,10382,Savings,1994-05-10,Active
266,321,Savings,1994-05-11,Active
1879,2280,Savings,1994-05-13,Active
2259,2735,Savings,1994-05-14,Active
609,729,Savings,1994-05-15,Active
9750,12003,Savings,1994-05-16,Active
2375,2870,Savings,1994-05-16,Active
216,261,Savings,1994-05-16,Active
56,65,Savings,1994-05-16,Active
7824,9675,Savings,1994-05-17,Active
649,779,Current,1994-05-17,Active
2996,3618,Savings,1994-05-17,Active
1509,1829,Savings,1994-05-19,Active
2170,2626,Fixed Deposit,1994-05-19,Active
2001,2431,Savings,1994-05-19,Active
2903,3508,Savings,1994-05-19,Active
3717,4482,Savings,1994-05-20,Active
4195,5056,Savings,1994-05-21,Active
2496,3013,Savings,1994-05-21,Active
9583,11794,Current,1994-05-22,Active
3636,4385,Savings,1994-05-22,Active
1826,2214,Savings,1994-05-22,Active
2227,2698,Current,1994-05-22,Active
2749,3319,Savings,1994-05-23,Active
535,644,Savings,1994-05-24,Active
4066,4901,Savings,1994-05-24,Active
2662,3214,Savings,1994-05-24,Active
1053,1265,Savings,1994-05-25,Active
11333,13931,Savings,1994-05-26,Active
1838,2229,Savings,1994-05-26,Active
3037,3670,Savings,1994-05-26,Active
3372,4078,Savings,1994-05-26,Active
985,1187,Savings,1994-05-29,Active
6924,8359,Savings,1994-06-01,Active
3484,4211,Savings,1994-06-01,Active
700,840,Savings,1994-06-01,Active
3289,3980,Savings,1994-06-02,Active
2638,3184,Savings,1994-06-02,Active
8316,10269,Savings,1994-06-04,Active
1634,1980,Savings,1994-06-04,Active
4825,5826,Savings,1994-06-04,Active
3650,4401,Savings,1994-06-05,Active
10942,13451,Current,1994-06-05,Active
2922,3530,Savings,1994-06-06,Active
693,831,Savings,1994-06-06,Active
2260,2736,Savings,1994-06-07,Active
538,648,Savings,1994-06-07,Active
548,660,Savings,1994-06-07,Active
941,1135,Savings,1994-06-08,Active
2155,2608,Savings,1994-06-08,Active
4519,5450,Savings,1994-06-08,Active
3539,4272,Savings,1994-06-08,Active
6511,7863,Savings,1994-06-10,Active
2569,3100,Savings,1994-06-10,Active
43,51,Savings,1994-06-12,Active
1047,1256,Savings,1994-06-13,Active
3479,4206,Savings,1994-06-14,Active
2868,3466,Savings,1994-06-15,Active
4328,5212,Savings,1994-06-17,Active
5628,6798,Savings,1994-06-17,Active
3160,3821,Savings,1994-06-19,Active
1856,2251,Savings,1994-06-19,Active
154,186,Savings,1994-06-21,Active
3030,3660,Savings,1994-06-22,Active
1938,2354,Savings,1994-06-25,Active
1870,2268,Savings,1994-06-25,Active
3275,3964,Savings,1994-06-29,Active
8492,10479,Savings,1994-06-29,Active
10093,12416,Current,1994-07-01,Active
3805,4585,Savings,1994-07-02,Active
200,242,Savings,1994-07-03,Active
2471,2982,Savings,1994-07-03,Active
352,430,Savings,1994-07-04,Active
1291,1561,Savings,1994-07-04,Active
161,194,Savings,1994-07-04,Active
711,853,Savings,1994-07-06,Active
964,1162,Savings,1994-07-08,Active
1012,1216,Savings,1994-07-09,Active
4276,5152,Savings,1994-07-09,Active
901,1085,Savings,1994-07-10,Active
7765,9606,Current,1994-07-10,Active
90,107,Savings,1994-07-13,Active
5574,6731,Current,1994-07-14,Active
741,889,Savings,1994-07-14,Active
2819,3407,Savings,1994-07-16,Active
478,575,Savings,1994-07-16,Active
2615,3156,Savings,1994-07-17,Active
3503,4231,Savings,1994-07-17,Active
3921,4729,Savings,1994-07-17,Active
662,793,Savings,1994-07-18,Active
2654,3202,Savings,1994-07-21,Active
9627,11851,Fixed Deposit,1994-07-22,Active
2470,2981,Savings,1994-07-23,Active
427,513,Savings,1994-07-24,Active
709,850,Savings,1994-07-25,Active
629,756,Savings,1994-07-25,Active
2606,3144,Savings,1994-07-27,Active
6738,8130,Savings,1994-07-28,Active
2912,3519,Savings,1994-07-30,Active
4995,6034,Current,1994-08-01,Active
1022,1226,Current,1994-08-01,Active
1797,2177,Savings,1994-08-01,Active
3497,4225,Savings,1994-08-02,Active
1848,2242,Savings,1994-08-04,Active
582,700,Savings,1994-08-05,Active
3167,3830,Savings,1994-08-08,Active
1579,1912,Savings,1994-08-09,Active
610,731,Savings,1994-08-11,Active
3536,4267,Savings,1994-08-11,Active
1017,1221,Savings,1994-08-11,Active
3017,3644,Savings,1994-08-12,Active
3112,3763,Savings,1994-08-12,Active
1360,1647,Savings,1994-08-14,Active
2747,3316,Savings,1994-08-14,Active
9192,11319,Savings,1994-08-16,Active
1398,1692,Savings,1994-08-18,Active
1246,1503,Savings,1994-08-18,Active
1592,1930,Savings,1994-08-18,Active
3728,4496,Savings,1994-08-18,Active
4131,4974,Savings,1994-08-19,Active
377,457,Savings,1994-08-19,Active
1911,2321,Savings,1994-08-21,Active
635,762,Savings,1994-08-21,Active
3625,4372,Savings,1994-08-22,Active
3425,4140,Savings,1994-08-24,Active
1327,1606,Savings,1994-08-24,Active
8776,10818,Savings,1994-08-24,Active
2798,3381,Savings,1994-08-24,Active
2401,2899,Savings,1994-08-26,Active
3612,4358,Savings,1994-08-27,Active
4580,5521,Savings,1994-08-27,Active
3226,3902,Savings,1994-08-28,Active
7523,9316,Savings,1994-08-29,Active
3533,4264,Savings,1994-08-29,Active
422,508,Current,1994-08-29,Active
3608,4352,Current,1994-08-30,Active
1105,1326,Savings,1994-09-01,Active
2596,3132,Savings,1994-09-02,Active
9006,11093,Current,1994-09-02,Active
3579,4317,Savings,1994-09-02,Active
710,851,Savings,1994-09-02,Active
7546,9346,Savings,1994-09-03,Active
1766,2141,Savings,1994-09-03,Active
1292,1563,Savings,1994-09-03,Active
3797,4577,Savings,1994-09-03,Active
3478,4205,Savings,1994-09-04,Active
8899,10963,Current,1994-09-05,Active
1975,2400,Savings,1994-09-07,Active
3049,3686,Savings,1994-09-08,Active
3730,4500,Savings,1994-09-08,Active
1714,2079,Savings,1994-09-08,Active
518,622,Savings,1994-09-09,Active
6321,7632,Savings,1994-09-10,Active
3926,4734,Savings,1994-09-11,Active
1878,2279,Current,1994-09-13,Active
3712,4476,Savings,1994-09-13,Active
2030,2465,Savings,1994-09-13,Active
3869,4663,Savings,1994-09-13,Active
1908,2318,Savings,1994-09-13,Active
3142,3799,Savings,1994-09-14,Active
1301,1574,Savings,1994-09-15,Active
3288,3979,Savings,1994-09-15,Active
318,388,Savings,1994-09-16,Active
3336,4033,Savings,1994-09-19,Active
1653,2004,Savings,1994-09-19,Active
577,694,Savings,1994-09-20,Active
2960,3574,Savings,1994-09-20,Active
2267,2745,Current,1994-09-20,Active
1989,2417,Savings,1994-09-21,Active
1352,1639,Savings,1994-09-23,Active
851,1025,Savings,1994-09-23,Active
716,858,Savings,1994-09-25,Active
3555,4290,Savings,1994-09-26,Active
6,8,Savings,1994-09-27,Active
1828,2216,Savings,1994-09-28,Active
1333,1614,Savings,1994-09-29,Active
11359,13968,Savings,1994-10-01,Active
3457,4179,Savings,1994-10-01,Active
2627,3170,Savings,1994-10-02,Active
2025,2460,Savings,1994-10-02,Active
3975,4794,Savings,1994-10-02,Active
2905,3511,Savings,1994-10-03,Active
3827,4611,Savings,1994-10-04,Active
939,1131,Savings,1994-10-04,Active
1421,1723,Savings,1994-10-05,Active
1934,2349,Savings,1994-10-05,Active
3878,4675,Savings,1994-10-07,Active
2363,2856,Savings,1994-10-07,Active
1559,1890,Savings,1994-10-08,Active
2195,2657,Savings,1994-10-08,Active
1205,1454,Savings,1994-10-08,Active
2059,2498,Savings,1994-10-08,Active
2333,2821,Savings,1994-10-08,Active
3074,3716,Current,1994-10-08,Active
2840,3432,Savings,1994-10-09,Active
2430,2936,Savings,1994-10-09,Active
2463,2974,Savings,1994-10-11,Active
3860,4653,Savings,1994-10-11,Active
2788,3366,Savings,1994-10-12,Active
8127,10040,Savings,1994-10-13,Active
596,714,Savings,1994-10-13,Active
3622,4369,Savings,1994-10-15,Active
1312,1587,Savings,1994-10-15,Active
2742,3310,Savings,1994-10-15,Active
654,785,Savings,1994-10-16,Active
4283,5159,Savings,1994-10-16,Active
2924,3532,Savings,1994-10-16,Active
3756,4532,Current,1994-10-17,Active
2790,3369,Savings,1994-10-18,Active
67,78,Savings,1994-10-19,Active
2949,3562,Savings,1994-10-21,Active
3849,4640,Savings,1994-10-21,Active
5422,6544,Savings,1994-10-22,Active
988,1192,Savings,1994-10-22,Active
3058,3698,Savings,1994-10-23,Active
1958,2380,Savings,1994-10-24,Active
1441,1749,Savings,1994-10-25,Active
1109,1330,Savings,1994-10-27,Active
2536,3062,Savings,1994-10-28,Active
1295,1566,Savings,1994-10-28,Active
3419,4134,Savings,1994-10-29,Active
1993,2422,Savings,1994-10-30,Active
1076,1291,Savings,1994-10-30,Active
960,1157,Fixed Deposit,1994-11-02,Active
201,243,Savings,1994-11-02,Active
1168,1406,Savings,1994-11-03,Active
2365,2858,Savings,1994-11-04,Active
973,1172,Savings,1994-11-05,Active
3663,4416,Savings,1994-11-06,Active
3576,4314,Savings,1994-11-07,Active
4082,4919,Savings,1994-11-08,Active
2541,3067,Savings,1994-11-08,Active
4476,5399,Savings,1994-11-10,Active
2572,3103,Fixed Deposit,1994-11-13,Active
2377,2872,Savings,1994-11-13,Active
1554,1885,Savings,1994-11-15,Active
5632,6803,Current,1994-11-15,Active
940,1133,Savings,1994-11-15,Active
1583,1917,Fixed Deposit,1994-11-17,Active
2218,2686,Savings,1994-11-21,Active
1708,2073,Savings,1994-11-21,Active
449,540,Savings,1994-11-22,Active
2044,2481,Savings,1994-11-23,Active
11186,13750,Savings,1994-11-24,Active
29,36,Savings,1994-11-24,Active
3752,4527,Savings,1994-11-25,Active
2028,2463,Current,1994-11-26,Active
1294,1565,Savings,1994-11-27,Active
106,128,Savings,1994-11-27,Active
2707,3267,Savings,1994-11-27,Active
2027,2462,Savings,1994-11-28,Active
3369,4075,Savings,1994-12-01,Active
9731,11978,Fixed Deposit,1994-12-01,Active
1578,1911,Savings,1994-12-01,Active
8411,10389,Savings,1994-12-02,Active
1919,2329,Savings,1994-12-04,Active
1307,1581,Savings,1994-12-05,Active
2121,2565,Savings,1994-12-05,Active
1436,1743,Savings,1994-12-07,Active
3489,4217,Savings,1994-12-08,Active
3348,4049,Savings,1994-12-08,Active
2809,3393,Savings,1994-12-08,Active
3364,4067,Current,1994-12-08,Active
2546,3074,Savings,1994-12-08,Active
2343,2831,Savings,1994-12-09,Active
594,712,Savings,1994-12-09,Active
4434,5347,Savings,1994-12-09,Active
359,437,Savings,1994-12-11,Active
3279,3970,Current,1994-12-17,Active
1011,1215,Savings,1994-12-17,Active
8856,10912,Savings,1994-12-18,Active
2808,3392,Savings,1994-12-18,Active
5357,6468,Savings,1994-12-18,Active
775,927,Savings,1994-12-18,Active
2524,3046,Savings,1994-12-19,Active
3903,4706,Savings,1994-12-19,Active
802,961,Savings,1994-12-20,Active
3567,4304,Savings,1994-12-20,Active
68,79,Fixed Deposit,1994-12-20,Active
1417,1718,Savings,1994-12-20,Active
3643,4393,Savings,1994-12-22,Active
10728,13190,Savings,1994-12-23,Active
2384,2879,Savings,1994-12-23,Active
1835,2226,Savings,1994-12-24,Active
3621,4368,Savings,1994-12-25,Active
1394,1688,Savings,1994-12-27,Active
3006,3630,Savings,1995-01-01,Active
2322,2809,Savings,1995-01-02,Active
1331,1611,Savings,1995-01-03,Active
2355,2846,Savings,1995-01-03,Active
3482,4209,Savings,1995-01-03,Active
4503,5433,Savings,1995-01-03,Active
2077,2519,Savings,1995-01-04,Active
685,822,Current,1995-01-04,Active
2163,2618,Savings,1995-01-05,Active
2239,2712,Savings,1995-01-05,Active
1706,2071,Savings,1995-01-05,Active
7795,9641,Savings,1995-01-05,Active
3128,3783,Savings,1995-01-06,Active
2978,3596,Savings,1995-01-06,Active
3141,3798,Current,1995-01-06,Active
3250,3930,Savings,1995-01-06,Active
1955,2377,Savings,1995-01-07,Active
5650,6829,Fixed Deposit,1995-01-08,Active
3641,4390,Savings,1995-01-09,Active
2923,3531,Savings,1995-01-10,Active
8092,9995,Savings,1995-01-11,Active
2421,2924,Savings,1995-01-11,Active
1437,1744,Savings,1995-01-13,Active
756,906,Savings,1995-01-13,Active
3244,3924,Savings,1995-01-14,Active
10630,13071,Savings,1995-01-15,Active
3981,4801,Savings,1995-01-15,Active
3812,4593,Savings,1995-01-16,Active
4368,5263,Savings,1995-01-16,Active
2729,3295,Savings,1995-01-16,Active
2446,2953,Savings,1995-01-16,Active
839,1011,Savings,1995-01-17,Active
1625,1970,Savings,1995-01-17,Active
2563,3094,Savings,1995-01-17,Active
1414,1714,Savings,1995-01-17,Active
7562,9366,Current,1995-01-17,Active
2185,2645,Savings,1995-01-18,Active
1446,1754,Savings,1995-01-18,Active
915,1102,Savings,1995-01-18,Active
3777,4554,Savings,1995-01-19,Active
2414,2916,Savings,1995-01-19,Active
9814,12079,Current,1995-01-19,Active
2681,3236,Savings,1995-01-19,Active
484,582,Savings,1995-01-20,Active
217,262,Savings,1995-01-20,Active
9030,11121,Savings,1995-01-21,Active
2352,2843,Savings,1995-01-21,Active
1526,1850,Savings,1995-01-22,Active
3841,4631,Savings,1995-01-22,Active
270,326,Savings,1995-01-23,Active
1914,2324,Savings,1995-01-24,Active
2054,2493,Savings,1995-01-24,Active
2111,2555,Current,1995-01-25,Active
1769,2145,Savings,1995-01-25,Active
2663,3215,Savings,1995-01-25,Active
4103,4942,Savings,1995-01-25,Active
5735,6936,Savings,1995-01-25,Active
3362,4065,Savings,1995-01-25,Active
2755,3327,Savings,1995-01-26,Active
3235,3913,Savings,1995-01-26,Active
795,953,Savings,1995-01-27,Active
1548,1877,Savings,1995-01-27,Active
650,780,Savings,1995-01-28,Active
11042,13576,Savings,1995-01-29,Active
3421,4136,Savings,1995-02-01,Active
1112,1333,Savings,1995-02-03,Active
3583,4323,Savings,1995-02-03,Active
4001,4824,Savings,1995-02-04,Active
393,474,Savings,1995-02-04,Active
2718,3282,Savings,1995-02-05,Active
1496,1814,Savings,1995-02-05,Active
2968,3583,Savings,1995-02-05,Active
1889,2292,Savings,1995-02-06,Active
789,944,Savings,1995-02-06,Active
7614,9427,Savings,1995-02-08,Active
8159,10076,Savings,1995-02-08,Active
2151,2603,Savings,1995-02-08,Active
3865,4659,Savings,1995-02-09,Active
4109,4949,Savings,1995-02-09,Active
515,618,Savings,1995-02-09,Active
3817,4600,Savings,1995-02-10,Active
2268,2746,Savings,1995-02-11,Active
388,469,Savings,1995-02-11,Active
3623,4370,Savings,1995-02-12,Active
1967,2392,Current,1995-02-13,Active
4727,5701,Savings,1995-02-13,Active
3466,4189,Savings,1995-02-16,Active
3297,3988,Savings,1995-02-17,Active
607,726,Savings,1995-02-17,Active
1858,2254,Savings,1995-02-18,Active
3978,4797,Savings,1995-02-18,Active
70,81,Savings,1995-02-18,Active
781,933,Savings,1995-02-19,Active
10884,13380,Savings,1995-02-20,Active
2688,3244,Savings,1995-02-20,Active
1772,2148,Current,1995-02-20,Active
2490,3006,Savings,1995-02-21,Active
2047,2485,Savings,1995-02-21,Active
3839,4627,Savings,1995-02-21,Active
1633,1979,Savings,1995-02-22,Active
763,913,Savings,1995-02-23,Active
4161,5016,Savings,1995-02-23,Active
2431,2937,Savings,1995-02-23,Active
3753,4528,Savings,1995-02-24,Active
1778,2155,Savings,1995-02-25,Active
2911,3518,Savings,1995-02-25,Active
3710,4473,Savings,1995-02-25,Active
1702,2067,Savings,1995-02-27,Active
3737,4510,Savings,1995-03-01,Active
190,230,Savings,1995-03-02,Active
2865,3463,Savings,1995-03-03,Active
3014,3640,Current,1995-03-03,Active
2680,3235,Savings,1995-03-03,Active
1129,1355,Savings,1995-03-03,Active
3233,3911,Savings,1995-03-03,Active
1287,1557,Savings,1995-03-04,Active
9897,12181,Savings,1995-03-04,Active
30,38,Savings,1995-03-04,Active
2367,2860,Savings,1995-03-04,Active
3826,4610,Savings,1995-03-05,Active
376,456,Savings,1995-03-05,Active
1108,1329,Savings,1995-03-09,Active
108,130,Savings,1995-03-10,Active
1802,2182,Savings,1995-03-10,Active
3230,3907,Savings,1995-03-11,Active
3989,4809,Savings,1995-03-11,Active
2723,3289,Savings,1995-03-12,Active
7859,9717,Savings,1995-03-14,Active
7606,9417,Savings,1995-03-15,Active
158,190,Savings,1995-03-15,Active
6397,7723,Savings,1995-03-15,Active
150,180,Savings,1995-03-16,Active
3402,4113,Current,1995-03-16,Active
2810,3394,Savings,1995-03-16,Active
586,704,Savings,1995-03-16,Active
1261,1522,Savings,1995-03-18,Active
2856,3450,Savings,1995-03-18,Active
288,350,Savings,1995-03-18,Active
3750,4524,Savings,1995-03-18,Active
1174,1414,Savings,1995-03-21,Active
1306,1580,Savings,1995-03-22,Active
5541,6691,Savings,1995-03-24,Active
1,1,Savings,1995-03-24,Active
981,1182,Savings,1995-03-25,Active
767,917,Savings,1995-03-26,Active
608,727,Savings,1995-03-27,Active
1757,2129,Savings,1995-03-27,Active
6609,7980,Savings,1995-03-27,Active
870,1048,Savings,1995-03-27,Active
227,273,Savings,1995-03-28,Active
568,682,Savings,1995-03-28,Active
1254,1513,Savings,1995-03-28,Active
1540,1867,Savings,1995-03-29,Active
1692,2055,Savings,1995-03-29,Active
1249,1508,Savings,1995-03-30,Active
95,112,Savings,1995-03-30,Active
1561,1892,Savings,1995-04-01,Active
2540,3066,Savings,1995-04-01,Active
248,300,Savings,1995-04-02,Active
9493,11685,Savings,1995-04-02,Active
5126,6185,Savings,1995-04-03,Active
231,278,Savings,1995-04-03,Active
2203,2666,Savings,1995-04-04,Active
6910,8342,Savings,1995-04-04,Active
1986,2413,Savings,1995-04-04,Active
2839,3431,Savings,1995-04-04,Active
1479,1792,Savings,1995-04-04,Active
3147,3806,Savings,1995-04-05,Active
6289,7594,Savings,1995-04-05,Active
1590,1927,Savings,1995-04-07,Active
7418,9196,Savings,1995-04-07,Active
19,25,Savings,1995-04-07,Active
842,1015,Savings,1995-04-07,Active
1821,2207,Savings,1995-04-07,Active
206,248,Savings,1995-04-08,Active
3109,3760,Savings,1995-04-08,Active
7815,9663,Current,1995-04-09,Active
7136,8615,Current,1995-04-09,Active
1228,1481,Savings,1995-04-09,Active
893,1076,Savings,1995-04-12,Active
3702,4464,Savings,1995-04-13,Active
4852,5860,Savings,1995-04-13,Active
2750,3321,Savings,1995-04-13,Active
1046,1255,Savings,1995-04-14,Active
3729,4498,Savings,1995-04-14,Active
1862,2259,Current,1995-04-15,Active
1309,1583,Savings,1995-04-15,Active
1315,1590,Savings,1995-04-17,Active
3321,4014,Savings,1995-04-18,Active
3231,3908,Savings,1995-04-18,Active
5724,6922,Fixed Deposit,1995-04-19,Active
3823,4607,Savings,1995-04-19,Active
2726,3292,Savings,1995-04-20,Active
1038,1245,Savings,1995-04-20,Active
7861,9721,Savings,1995-04-22,Active
819,984,Savings,1995-04-22,Active
455,547,Savings,1995-04-23,Active
3930,4739,Savings,1995-04-25,Active
4423,5333,Savings,1995-04-26,Active
267,322,Savings,1995-04-26,Active
922,1111,Savings,1995-04-27,Active
3735,4507,Savings,1995-04-27,Active
3449,4171,Savings,1995-04-27,Active
2751,3322,Savings,1995-04-28,Active
404,489,Savings,1995-04-28,Active
2547,3075,Savings,1995-04-28,Active
1248,1506,Savings,1995-04-29,Active
2331,2819,Savings,1995-04-29,Active
1010,1214,Savings,1995-05-01,Active
54,63,Savings,1995-05-02,Active
2364,2857,Savings,1995-05-03,Active
1280,1548,Savings,1995-05-03,Active
2931,3539,Savings,1995-05-04,Active
10351,12738,Savings,1995-05-04,Active
3936,4746,Savings,1995-05-04,Active
5194,6272,Fixed Deposit,1995-05-05,Active
3464,4187,Savings,1995-05-05,Active
533,641,Savings,1995-05-07,Active
3940,4751,Current,1995-05-07,Active
4538,5473,Savings,1995-05-07,Active
454,546,Savings,1995-05-07,Active
1183,1425,Savings,1995-05-08,Active
2323,2810,Savings,1995-05-08,Active
463,557,Savings,1995-05-08,Active
285,345,Savings,1995-05-08,Active
4105,4944,Savings,1995-05-08,Active
2525,3047,Savings,1995-05-08,Active
6434,7765,Savings,1995-05-08,Active
2919,3527,Savings,1995-05-10,Active
1741,2112,Savings,1995-05-10,Active
746,894,Savings,1995-05-10,Active
256,309,Savings,1995-05-14,Active
3845,4636,Savings,1995-05-14,Active
4014,4837,Fixed Deposit,1995-05-15,Active
2178,2637,Savings,1995-05-15,Active
2935,3545,Savings,1995-05-15,Active
544,655,Savings,1995-05-15,Active
1720,2086,Savings,1995-05-16,Active
875,1054,Savings,1995-05-17,Active
733,880,Current,1995-05-17,Active
3251,3932,Savings,1995-05-18,Active
5358,6469,Savings,1995-05-18,Active
2521,3043,Savings,1995-05-19,Active
10963,13480,Savings,1995-05-20,Active
57,66,Savings,1995-05-21,Active
4589,5531,Savings,1995-05-22,Active
490,589,Savings,1995-05-23,Active
3386,4094,Savings,1995-05-23,Active
8998,11083,Savings,1995-05-24,Active
11349,13955,Current,1995-05-26,Active
2969,3585,Savings,1995-05-26,Active
1530,1854,Savings,1995-05-27,Active
1642,1991,Savings,1995-05-27,Active
6358,7678,Savings,1995-05-27,Active
10001,12303,Savings,1995-05-28,Active
3186,3852,Savings,1995-05-28,Active
1059,1272,Savings,1995-05-30,Active
3624,4371,Current,1995-05-30,Active
1974,2399,Savings,1995-06-01,Active
2559,3090,Savings,1995-06-01,Active
11069,13608,Savings,1995-06-02,Active
3874,4670,Savings,1995-06-02,Active
3520,4250,Savings,1995-06-04,Active
2018,2451,Savings,1995-06-04,Active
2877,3477,Savings,1995-06-04,Active
2642,3188,Savings,1995-06-05,Active
553,666,Savings,1995-06-06,Active
1092,1310,Savings,1995-06-06,Active
471,566,Savings,1995-06-07,Active
53,62,Savings,1995-06-07,Active
1413,1713,Savings,1995-06-07,Active
5774,6987,Savings,1995-06-08,Active
3392,4101,Savings,1995-06-08,Active
1465,1776,Savings,1995-06-08,Active
1420,1722,Savings,1995-06-08,Active
1620,1964,Savings,1995-06-08,Active
4121,4961,Savings,1995-06-08,Active
754,904,Savings,1995-06-08,Active
3045,3681,Savings,1995-06-08,Active
3453,4175,Savings,1995-06-08,Active
1696,2059,Savings,1995-06-09,Active
2139,2586,Savings,1995-06-09,Active
1793,2173,Savings,1995-06-10,Active
3725,4493,Savings,1995-06-11,Active
896,1079,Savings,1995-06-11,Active
3252,3934,Savings,1995-06-12,Active
808,968,Savings,1995-06-13,Active
3601,4344,Savings,1995-06-13,Active
131,157,Savings,1995-06-13,Active
3124,3779,Savings,1995-06-13,Active
7618,9433,Current,1995-06-13,Active
807,967,Current,1995-06-13,Active
3847,4638,Savings,1995-06-13,Active
223,268,Savings,1995-06-13,Active
2328,2815,Savings,1995-06-14,Active
1519,1842,Savings,1995-06-14,Active
10019,12325,Savings,1995-06-15,Active
458,550,Savings,1995-06-16,Active
120,144,Current,1995-06-16,Active
1846,2239,Savings,1995-06-17,Active
2096,2539,Savings,1995-06-17,Active
2297,2781,Savings,1995-06-18,Active
7184,8670,Savings,1995-06-19,Active
2781,3358,Savings,1995-06-20,Active
1031,1238,Savings,1995-06-20,Active
3810,4591,Savings,1995-06-22,Active
1151,1384,Savings,1995-06-23,Active
1728,2096,Savings,1995-06-23,Active
9235,11371,Savings,1995-06-24,Active
3363,4066,Savings,1995-06-24,Active
3436,4156,Savings,1995-06-24,Active
2533,3058,Savings,1995-06-27,Active
99,120,Savings,1995-06-27,Active
638,765,Savings,1995-06-28,Active
2292,2775,Savings,1995-06-29,Active
1725,2092,Fixed Deposit,1995-07-03,Active
3410,4122,Savings,1995-07-03,Active
1597,1935,Savings,1995-07-04,Active
2041,2478,Savings,1995-07-05,Active
5742,6946,Fixed Deposit,1995-07-05,Active
4415,5322,Savings,1995-07-05,Active
4330,5214,Savings,1995-07-05,Active
3458,4180,Savings,1995-07-07,Active
3330,4026,Savings,1995-07-08,Active
6649,8030,Savings,1995-07-08,Active
3779,4556,Savings,1995-07-08,Active
1103,1324,Savings,1995-07-09,Active
731,877,Savings,1995-07-11,Active
2307,2791,Savings,1995-07-12,Active
3474,4198,Savings,1995-07-12,Active
625,751,Savings,1995-07-12,Active
1075,1290,Savings,1995-07-13,Active
2281,2761,Savings,1995-07-13,Active
3895,4697,Savings,1995-07-14,Active
5263,6359,Savings,1995-07-14,Active
5794,7010,Savings,1995-07-14,Active
1220,1473,Savings,1995-07-15,Active
1568,1900,Savings,1995-07-15,Active
1344,1628,Fixed Deposit,1995-07-16,Active
8547,10543,Current,1995-07-17,Active
1135,1364,Savings,1995-07-17,Active
4263,5137,Savings,1995-07-17,Active
3532,4263,Savings,1995-07-18,Active
1251,1510,Current,1995-07-18,Active
1936,2352,Savings,1995-07-18,Active
2244,2717,Savings,1995-07-19,Active
2310,2796,Savings,1995-07-19,Active
1994,2423,Savings,1995-07-19,Active
720,863,Savings,1995-07-20,Active
1472,1784,Savings,1995-07-20,Active
2144,2594,Fixed Deposit,1995-07-21,Active
953,1149,Savings,1995-07-22,Active
4081,4918,Savings,1995-07-22,Active
10018,12324,Savings,1995-07-23,Active
2553,3083,Savings,1995-07-24,Active
2520,3042,Savings,1995-07-25,Active
1252,1511,Current,1995-07-26,Active
3357,4059,Savings,1995-07-26,Active
6985,8432,Savings,1995-07-27,Active
2957,3571,Savings,1995-07-28,Active
4948,5977,Savings,1995-07-29,Active
1803,2184,Savings,1995-07-29,Active
2577,3109,Savings,1995-07-30,Active
1009,1213,Current,1995-08-01,Active
2265,2742,Savings,1995-08-03,Active
675,810,Savings,1995-08-03,Active
5033,6077,Savings,1995-08-03,Active
1971,2396,Savings,1995-08-04,Active
2830,3421,Savings,1995-08-04,Active
1927,2340,Savings,1995-08-04,Active
5118,6175,Savings,1995-08-05,Active
3203,3873,Savings,1995-08-07,Active
3270,3959,Savings,1995-08-08,Active
1520,1843,Savings,1995-08-08,Active
4681,5642,Savings,1995-08-08,Active
3902,4705,Savings,1995-08-08,Active
8327,10282,Current,1995-08-08,Active
1203,1452,Savings,1995-08-09,Active
2608,3147,Savings,1995-08-09,Active
2206,2670,Savings,1995-08-10,Active
3216,3890,Savings,1995-08-11,Active
1122,1346,Savings,1995-08-12,Active
786,940,Savings,1995-08-12,Active
3631,4380,Savings,1995-08-13,Active
2514,3036,Savings,1995-08-13,Active
75,89,Savings,1995-08-13,Active
3679,4434,Savings,1995-08-15,Active
2562,3093,Savings,1995-08-15,Active
2280,2760,Savings,1995-08-17,Active
3896,4698,Savings,1995-08-17,Active
11138,13690,Current,1995-08-18,Active
5213,6299,Savings,1995-08-18,Active
531,639,Savings,1995-08-18,Active
6856,8276,Savings,1995-08-19,Active
5024,6067,Savings,1995-08-20,Active
560,673,Savings,1995-08-20,Active
11382,13998,Savings,1995-08-20,Active
2855,3449,Savings,1995-08-21,Active
2858,3453,Savings,1995-08-22,Active
3763,4539,Savings,1995-08-23,Active
995,1199,Savings,1995-08-23,Active
3315,4007,Savings,1995-08-24,Active
3582,4321,Savings,1995-08-26,Active
420,506,Savings,1995-08-26,Active
937,1129,Savings,1995-08-26,Active
4258,5132,Savings,1995-08-26,Active
5066,6115,Current,1995-08-27,Active
2236,2708,Savings,1995-08-27,Active
3995,4817,Savings,1995-08-27,Active
894,1077,Savings,1995-08-27,Active
418,504,Savings,1995-08-27,Active
3254,3936,Savings,1995-08-27,Active
32,40,Savings,1995-08-28,Active
213,256,Savings,1995-08-29,Active
2833,3424,Savings,1995-08-30,Active
3553,4288,Savings,1995-08-30,Active
9052,11149,Fixed Deposit,1995-08-30,Active
3139,3795,Savings,1995-08-30,Active
1562,1894,Savings,1995-08-30,Active
1961,2385,Savings,1995-08-30,Active
353,431,Savings,1995-08-30,Active
1640,1988,Savings,1995-09-01,Active
6872,8295,Savings,1995-09-02,Active
532,640,Savings,1995-09-02,Active
674,809,Savings,1995-09-02,Active
10365,12756,Savings,1995-09-02,Active
430,518,Savings,1995-09-02,Active
429,517,Savings,1995-09-03,Active
3269,3958,Savings,1995-09-03,Active
1810,2194,Savings,1995-09-03,Active
665,797,Savings,1995-09-03,Active
3855,4648,Savings,1995-09-04,Active
3866,4660,Savings,1995-09-05,Active
3914,4720,Savings,1995-09-05,Active
3807,4588,Savings,1995-09-05,Active
3925,4733,Savings,1995-09-05,Active
219,264,Savings,1995-09-06,Active
3552,4287,Savings,1995-09-06,Active
7957,9833,Savings,1995-09-07,Active
1149,1382,Savings,1995-09-07,Active
1423,1725,Savings,1995-09-08,Active
2853,3447,Savings,1995-09-08,Active
803,962,Savings,1995-09-09,Active
2456,2966,Savings,1995-09-09,Active
619,743,Current,1995-09-09,Active
301,367,Savings,1995-09-10,Active
372,452,Savings,1995-09-10,Active
3492,4220,Savings,1995-09-10,Active
6463,7800,Savings,1995-09-11,Active
3628,4376,Savings,1995-09-12,Active
2358,2850,Savings,1995-09-13,Active
1613,1956,Savings,1995-09-13,Active
2866,3464,Savings,1995-09-13,Active
3010,3636,Savings,1995-09-13,Active
3368,4073,Savings,1995-09-14,Active
5125,6183,Savings,1995-09-14,Active
994,1198,Savings,1995-09-15,Active
1674,2032,Savings,1995-09-15,Active
3234,3912,Savings,1995-09-16,Active
1452,1761,Savings,1995-09-16,Active
9377,11545,Savings,1995-09-17,Active
3758,4534,Savings,1995-09-19,Active
138,165,Savings,1995-09-19,Active
1376,1664,Savings,1995-09-20,Active
3770,4546,Savings,1995-09-20,Active
11271,13852,Savings,1995-09-20,Active
2353,2844,Savings,1995-09-21,Active
1335,1616,Savings,1995-09-21,Active
2119,2563,Savings,1995-09-21,Active
8,10,Savings,1995-09-21,Active
1704,2069,Savings,1995-09-22,Active
1660,2013,Savings,1995-09-22,Active
5429,6552,Savings,1995-09-22,Active
3440,4161,Savings,1995-09-22,Active
2148,2599,Savings,1995-09-22,Active
676,812,Savings,1995-09-22,Active
2731,3297,Savings,1995-09-26,Active
80,94,Savings,1995-09-27,Active
3417,4131,Savings,1995-09-28,Active
169,205,Savings,1995-09-28,Active
4047,4877,Current,1995-09-29,Active
7487,9276,Savings,1995-10-01,Active
992,1196,Savings,1995-10-01,Active
331,405,Savings,1995-10-02,Active
2835,3426,Savings,1995-10-03,Active
3677,4432,Savings,1995-10-04,Active
2565,3096,Savings,1995-10-04,Active
4190,5050,Savings,1995-10-04,Active
3317,4010,Savings,1995-10-04,Active
1690,2053,Savings,1995-10-07,Active
1448,1756,Savings,1995-10-07,Active
521,626,Savings,1995-10-08,Active
3132,3788,Savings,1995-10-08,Active
3944,4756,Savings,1995-10-08,Active
1427,1731,Savings,1995-10-08,Active
1742,2113,Savings,1995-10-08,Active
6400,7727,Fixed Deposit,1995-10-09,Active
3486,4213,Savings,1995-10-09,Active
4473,5395,Savings,1995-10-09,Active
2965,3580,Savings,1995-10-10,Active
2301,2785,Savings,1995-10-10,Active
2674,3229,Savings,1995-10-10,Active
11,14,Savings,1995-10-10,Active
8533,10528,Savings,1995-10-10,Active
1089,1307,Savings,1995-10-10,Active
5063,6112,Savings,1995-10-11,Active
1257,1517,Savings,1995-10-11,Active
990,1194,Savings,1995-10-11,Active
1581,1914,Savings,1995-10-12,Active
2424,2929,Savings,1995-10-13,Active
917,1105,Savings,1995-10-13,Active
2255,2730,Savings,1995-10-14,Active
11362,13971,Savings,1995-10-14,Active
1796,2176,Savings,1995-10-14,Active
2834,3425,Savings,1995-10-14,Active
8114,10023,Savings,1995-10-14,Active
260,313,Savings,1995-10-14,Active
1749,2121,Savings,1995-10-14,Active
4650,5606,Savings,1995-10-15,Active
336,410,Savings,1995-10-16,Active
308,375,Savings,1995-10-16,Active
319,389,Current,1995-10-17,Active
762,912,Savings,1995-10-18,Active
1142,1373,Savings,1995-10-19,Active
3200,3869,Fixed Deposit,1995-10-20,Active
3646,4396,Current,1995-10-20,Active
1206,1456,Savings,1995-10-21,Active
501,603,Savings,1995-10-21,Active
2235,2707,Savings,1995-10-22,Active
2487,3002,Savings,1995-10-22,Active
10762,13231,Savings,1995-10-23,Active
3131,3787,Savings,1995-10-23,Active
10520,12943,Fixed Deposit,1995-10-24,Active
2515,3037,Savings,1995-10-24,Active
2727,3293,Savings,1995-10-25,Active
1756,2128,Savings,1995-10-26,Active
2500,3018,Savings,1995-10-26,Active
1426,1730,Savings,1995-10-27,Active
602,721,Savings,1995-10-27,Active
3637,4386,Savings,1995-10-28,Active
2481,2996,Savings,1995-10-28,Active
3080,3724,Savings,1995-10-29,Active
2621,3162,Savings,1995-10-29,Active
1238,1493,Savings,1995-10-29,Active
10710,13171,Savings,1995-10-30,Active
2871,3470,Savings,1995-10-30,Active
1403,1699,Savings,1995-11-02,Active
1629,1974,Savings,1995-11-02,Active
9353,11516,Savings,1995-11-03,Active
820,986,Savings,1995-11-04,Active
3384,4092,Savings,1995-11-05,Active
257,310,Savings,1995-11-05,Active
479,577,Savings,1995-11-05,Active
3764,4540,Savings,1995-11-05,Active
155,187,Savings,1995-11-07,Active
3945,4758,Savings,1995-11-07,Active
2157,2611,Savings,1995-11-08,Active
2051,2489,Current,1995-11-08,Active
3061,3702,Savings,1995-11-08,Active
3111,3762,Savings,1995-11-08,Active
1691,2054,Savings,1995-11-08,Active
1044,1253,Savings,1995-11-09,Active
1945,2364,Savings,1995-11-09,Active
9790,12050,Savings,1995-11-09,Active
9928,12220,Savings,1995-11-09,Active
2580,3113,Savings,1995-11-09,Active
1599,1938,Savings,1995-11-10,Active
11079,13620,Savings,1995-11-10,Active
968,1166,Savings,1995-11-11,Active
810,971,Savings,1995-11-11,Active
1760,2133,Savings,1995-11-11,Active
2550,3079,Savings,1995-11-11,Active
3572,4310,Savings,1995-11-12,Active
1030,1237,Savings,1995-11-12,Active
487,585,Savings,1995-11-14,Active
3767,4543,Savings,1995-11-15,Active
348,425,Savings,1995-11-15,Active
1867,2265,Savings,1995-11-15,Active
2516,3038,Savings,1995-11-16,Active
3303,3995,Savings,1995-11-17,Active
933,1124,Savings,1995-11-18,Active
3229,3906,Savings,1995-11-18,Active
1700,2065,Savings,1995-11-18,Active
2836,3427,Savings,1995-11-18,Active
338,413,Savings,1995-11-18,Active
3148,3807,Savings,1995-11-19,Active
1357,1644,Savings,1995-11-20,Active
3772,4548,Savings,1995-11-20,Active
486,584,Savings,1995-11-21,Active
1395,1689,Savings,1995-11-21,Active
1341,1623,Savings,1995-11-21,Active
9017,11105,Savings,1995-11-22,Active
10411,12810,Fixed Deposit,1995-11-23,Active
2783,3360,Savings,1995-11-23,Active
2015,2447,Savings,1995-11-25,Active
2341,2829,Savings,1995-11-25,Active
565,678,Savings,1995-11-25,Active
337,411,Savings,1995-11-25,Active
3780,4557,Savings,1995-11-25,Active
557,670,Savings,1995-11-26,Active
3490,4218,Savings,1995-11-26,Active
3973,4792,Savings,1995-11-27,Active
2043,2480,Savings,1995-11-27,Active
2003,2433,Savings,1995-11-27,Active
728,873,Savings,1995-11-28,Active
3970,4789,Savings,1995-11-28,Active
8169,10090,Savings,1995-11-28,Active
452,544,Savings,1995-11-29,Active
3783,4561,Savings,1995-11-29,Active
3189,3855,Savings,1995-11-29,Active
3689,4449,Savings,1995-11-29,Active
2803,3387,Savings,1995-12-01,Active
1901,2309,Savings,1995-12-01,Active
3525,4256,Savings,1995-12-01,Active
3320,4013,Savings,1995-12-01,Active
2851,3445,Savings,1995-12-02,Active
2309,2794,Savings,1995-12-03,Active
2437,2943,Savings,1995-12-04,Active
1825,2213,Savings,1995-12-05,Active
253,305,Savings,1995-12-05,Active
474,570,Savings,1995-12-06,Active
633,760,Savings,1995-12-06,Active
2374,2869,Savings,1995-12-07,Active
1104,1325,Savings,1995-12-07,Active
2692,3248,Savings,1995-12-08,Active
6927,8362,Current,1995-12-08,Active
924,1113,Savings,1995-12-09,Active
3305,3997,Savings,1995-12-09,Active
2237,2709,Savings,1995-12-13,Active
1917,2327,Savings,1995-12-13,Active
1685,2045,Savings,1995-12-13,Active
791,948,Savings,1995-12-14,Active
3858,4651,Savings,1995-12-14,Active
5001,6042,Savings,1995-12-15,Active
1469,1781,Savings,1995-12-15,Active
3476,4201,Savings,1995-12-16,Active
8039,9930,Savings,1995-12-17,Active
3205,3875,Savings,1995-12-17,Active
5477,6610,Savings,1995-12-17,Active
1212,1463,Savings,1995-12-18,Active
2095,2538,Savings,1995-12-19,Active
1137,1367,Savings,1995-12-19,Active
2570,3101,Savings,1995-12-19,Active
3092,3740,Savings,1995-12-20,Active
5661,6844,Savings,1995-12-20,Active
809,970,Savings,1995-12-20,Active
522,627,Savings,1995-12-20,Active
2630,3175,Savings,1995-12-21,Active
957,1153,Savings,1995-12-22,Active
1682,2042,Savings,1995-12-22,Active
3587,4329,Savings,1995-12-24,Active
4269,5145,Savings,1995-12-24,Active
3338,4036,Savings,1995-12-24,Active
3655,4406,Savings,1995-12-24,Active
84,100,Fixed Deposit,1995-12-25,Active
4439,5354,Savings,1995-12-25,Active
4462,5384,Current,1995-12-27,Active
3814,4596,Savings,1995-12-27,Active
2780,3357,Savings,1995-12-29,Active
3273,3962,Savings,1995-12-29,Active
3559,4295,Savings,1995-12-30,Active
3968,4787,Savings,1996-01-01,Active
2159,2613,Savings,1996-01-01,Active
849,1023,Savings,1996-01-01,Active
2288,2769,Savings,1996-01-01,Active
3051,3689,Savings,1996-01-01,Active
946,1141,Savings,1996-01-01,Active
2075,2516,Savings,1996-01-01,Active
8931,11004,Current,1996-01-01,Active
9225,11359,Savings,1996-01-01,Active
3278,3969,Savings,1996-01-02,Active
2811,3395,Savings,1996-01-02,Active
1670,2027,Savings,1996-01-02,Active
275,332,Savings,1996-01-02,Active
1455,1764,Savings,1996-01-03,Active
1311,1585,Savings,1996-01-03,Active
6678,8064,Savings,1996-01-03,Active
145,175,Savings,1996-01-03,Active
312,380,Savings,1996-01-03,Active
2233,2705,Savings,1996-01-03,Active
3530,4261,Savings,1996-01-03,Active
7828,9680,Savings,1996-01-05,Active
9024,11114,Savings,1996-01-05,Active
1711,2076,Savings,1996-01-05,Active
2223,2692,Savings,1996-01-05,Active
646,775,Savings,1996-01-06,Active
2548,3076,Savings,1996-01-06,Active
2567,3098,Savings,1996-01-07,Active
2153,2606,Current,1996-01-07,Active
1243,1500,Savings,1996-01-07,Active
3238,3916,Savings,1996-01-07,Active
954,1150,Savings,1996-01-08,Active
9633,11857,Savings,1996-01-08,Active
2716,3279,Savings,1996-01-08,Active
1580,1913,Savings,1996-01-08,Active
1483,1796,Savings,1996-01-09,Active
1263,1524,Current,1996-01-09,Active
3966,4784,Savings,1996-01-09,Active
3937,4747,Savings,1996-01-10,Active
1591,1929,Savings,1996-01-10,Active
658,789,Savings,1996-01-10,Active
3638,4387,Fixed Deposit,1996-01-10,Active
2605,3143,Savings,1996-01-10,Active
3661,4414,Savings,1996-01-11,Active
2686,3241,Savings,1996-01-11,Active
2944,3554,Savings,1996-01-11,Active
4994,6033,Current,1996-01-11,Active
3949,4764,Savings,1996-01-11,Active
332,406,Savings,1996-01-12,Active
69,80,Savings,1996-01-12,Active
3673,4427,Savings,1996-01-12,Active
5267,6363,Savings,1996-01-12,Active
3170,3834,Savings,1996-01-12,Active
1632,1978,Current,1996-01-13,Active
2143,2592,Savings,1996-01-13,Active
1227,1480,Savings,1996-01-13,Active
204,246,Savings,1996-01-13,Active
1093,1311,Savings,1996-01-14,Active
1486,1800,Savings,1996-01-15,Active
4253,5126,Savings,1996-01-16,Active
1196,1443,Savings,1996-01-16,Active
3442,4163,Savings,1996-01-16,Active
9051,11147,Current,1996-01-17,Active
3373,4079,Savings,1996-01-18,Active
1036,1243,Savings,1996-01-18,Active
3727,4495,Savings,1996-01-19,Active
2844,3438,Savings,1996-01-19,Active
10297,12662,Savings,1996-01-19,Active
3755,4531,Savings,1996-01-20,Active
1298,1571,Savings,1996-01-20,Active
1139,1370,Fixed Deposit,1996-01-20,Active
660,791,Savings,1996-01-20,Active
335,409,Savings,1996-01-20,Active
412,497,Savings,1996-01-21,Active
2863,3459,Savings,1996-01-21,Active
2274,2754,Savings,1996-01-21,Active
2522,3044,Savings,1996-01-21,Active
4981,6015,Savings,1996-01-22,Active
771,922,Savings,1996-01-22,Active
3832,4617,Savings,1996-01-22,Active
1508,1828,Savings,1996-01-22,Active
3784,4562,Savings,1996-01-22,Active
9645,11873,Savings,1996-01-23,Active
3947,4762,Savings,1996-01-23,Active
2416,2918,Savings,1996-01-23,Active
2243,2716,Savings,1996-01-24,Active
3993,4814,Savings,1996-01-24,Active
2225,2694,Savings,1996-01-24,Active
1759,2131,Savings,1996-01-25,Active
2207,2671,Savings,1996-01-25,Active
3803,4583,Savings,1996-01-26,Active
2754,3326,Current,1996-01-26,Active
3009,3634,Savings,1996-01-26,Active
314,383,Fixed Deposit,1996-01-26,Active
554,667,Savings,1996-01-26,Active
2217,2685,Savings,1996-01-27,Active
262,316,Savings,1996-01-27,Active
2214,2681,Savings,1996-01-27,Active
976,1177,Savings,1996-01-27,Active
1439,1746,Savings,1996-01-27,Active
417,503,Savings,1996-01-27,Active
3084,3730,Current,1996-01-28,Active
4204,5067,Savings,1996-01-29,Active
9504,11701,Savings,1996-01-29,Active
414,500,Savings,1996-01-29,Active
4424,5334,Savings,1996-01-29,Active
3389,4098,Savings,1996-01-30,Active
2106,2550,Savings,1996-02-01,Active
355,433,Current,1996-02-01,Active
2702,3260,Savings,1996-02-01,Active
11054,13590,Current,1996-02-01,Active
10558,12986,Savings,1996-02-01,Active
1859,2255,Savings,1996-02-02,Active
2109,2553,Savings,1996-02-02,Active
6512,7864,Current,1996-02-03,Active
1963,2388,Savings,1996-02-03,Active
1977,2402,Savings,1996-02-03,Active
5181,6257,Savings,1996-02-03,Active
1791,2171,Savings,1996-02-03,Active
2635,3181,Savings,1996-02-04,Active
1623,1967,Savings,1996-02-04,Active
4293,5171,Fixed Deposit,1996-02-04,Active
4851,5858,Savings,1996-02-04,Active
2774,3349,Savings,1996-02-05,Active
2469,2980,Savings,1996-02-05,Active
3931,4740,Savings,1996-02-05,Active
2348,2838,Savings,1996-02-05,Active
218,263,Savings,1996-02-06,Active
804,963,Savings,1996-02-06,Active
923,1112,Savings,1996-02-07,Active
1744,2116,Savings,1996-02-07,Active
2890,3493,Savings,1996-02-07,Active
1233,1488,Savings,1996-02-08,Active
2719,3283,Savings,1996-02-08,Active
516,619,Savings,1996-02-08,Active
2551,3080,Savings,1996-02-08,Active
2499,3017,Savings,1996-02-08,Active
2893,3497,Savings,1996-02-08,Active
1922,2332,Savings,1996-02-09,Active
264,318,Savings,1996-02-09,Active
3890,4689,Savings,1996-02-10,Active
6686,8074,Savings,1996-02-10,Active
3519,4249,Savings,1996-02-10,Active
3597,4340,Fixed Deposit,1996-02-11,Active
1611,1954,Savings,1996-02-11,Active
2230,2702,Savings,1996-02-11,Active
3933,4742,Savings,1996-02-11,Active
2212,2677,Savings,1996-02-12,Active
1964,2389,Savings,1996-02-12,Active
4999,6039,Savings,1996-02-12,Active
8680,10702,Savings,1996-02-12,Active
1612,1955,Savings,1996-02-12,Active
2390,2885,Savings,1996-02-12,Active
2600,3136,Savings,1996-02-13,Active
1737,2108,Savings,1996-02-13,Active
2993,3615,Current,1996-02-13,Active
2753,3324,Savings,1996-02-13,Active
2409,2910,Savings,1996-02-13,Active
949,1145,Savings,1996-02-13,Active
3468,4191,Savings,1996-02-14,Active
3979,4798,Savings,1996-02-14,Active
296,360,Savings,1996-02-14,Active
1836,2227,Savings,1996-02-15,Active
1111,1332,Savings,1996-02-16,Active
3680,4436,Savings,1996-02-16,Active
1916,2326,Savings,1996-02-16,Active
2473,2986,Savings,1996-02-16,Active
390,471,Savings,1996-02-16,Active
3439,4160,Savings,1996-02-16,Active
7594,9403,Savings,1996-02-16,Active
3578,4316,Savings,1996-02-17,Active
2226,2696,Savings,1996-02-17,Active
466,560,Savings,1996-02-18,Active
3335,4032,Savings,1996-02-18,Active
620,744,Savings,1996-02-18,Active
2074,2515,Savings,1996-02-18,Active
1380,1670,Savings,1996-02-19,Active
2304,2788,Savings,1996-02-19,Active
3754,4529,Current,1996-02-19,Active
1102,1323,Savings,1996-02-19,Active
55,64,Savings,1996-02-19,Active
2403,2901,Savings,1996-02-20,Active
1732,2102,Savings,1996-02-20,Active
3721,4487,Savings,1996-02-21,Active
184,224,Savings,1996-02-21,Active
691,829,Savings,1996-02-21,Active
10233,12586,Savings,1996-02-21,Active
3358,4060,Savings,1996-02-21,Active
4,6,Savings,1996-02-21,Active
3151,3811,Savings,1996-02-21,Active
2017,2450,Savings,1996-02-21,Active
2804,3388,Savings,1996-02-22,Active
1310,1584,Savings,1996-02-22,Active
3016,3643,Savings,1996-02-23,Active
827,994,Savings,1996-02-23,Active
959,1156,Savings,1996-02-23,Active
1585,1920,Savings,1996-02-23,Active
590,708,Savings,1996-02-24,Active
3924,4732,Savings,1996-02-24,Active
2772,3347,Savings,1996-02-24,Active
1962,2387,Savings,1996-02-24,Active
10478,12890,Current,1996-02-24,Active
5692,6886,Savings,1996-02-25,Active
1265,1527,Savings,1996-02-25,Active
167,202,Current,1996-02-26,Active
2187,2647,Current,1996-02-26,Active
3079,3723,Savings,1996-02-26,Active
3286,3977,Savings,1996-02-26,Active
230,276,Savings,1996-02-26,Active
3193,3860,Savings,1996-02-27,Active
5593,6753,Savings,1996-02-27,Active
4088,4925,Savings,1996-03-01,Active
3409,4121,Savings,1996-03-01,Active
1216,1468,Savings,1996-03-01,Active
2491,3007,Savings,1996-03-01,Active
2498,3016,Savings,1996-03-01,Active
3366,4069,Savings,1996-03-02,Active
936,1128,Savings,1996-03-02,Active
856,1031,Savings,1996-03-03,Active
718,861,Savings,1996-03-03,Active
3698,4459,Savings,1996-03-03,Active
3462,4185,Savings,1996-03-04,Active
3881,4678,Savings,1996-03-04,Active
3709,4472,Savings,1996-03-05,Active
1349,1635,Savings,1996-03-05,Active
1886,2288,Savings,1996-03-05,Active
1897,2303,Fixed Deposit,1996-03-05,Active
1564,1896,Savings,1996-03-05,Active
2062,2501,Savings,1996-03-06,Active
141,169,Savings,1996-03-06,Active
1763,2137,Savings,1996-03-06,Active
2611,3151,Savings,1996-03-06,Active
825,992,Savings,1996-03-06,Active
3943,4755,Savings,1996-03-06,Active
9422,11596,Savings,1996-03-06,Active
1606,1947,Savings,1996-03-07,Active
3263,3948,Savings,1996-03-07,Active
2289,2770,Savings,1996-03-07,Active
3121,3775,Savings,1996-03-08,Active
3088,3735,Savings,1996-03-08,Active
3952,4767,Savings,1996-03-08,Active
3974,4793,Savings,1996-03-08,Active
3502,4230,Savings,1996-03-08,Active
3351,4053,Savings,1996-03-08,Active
2105,2549,Savings,1996-03-09,Active
3144,3802,Savings,1996-03-09,Active
846,1020,Savings,1996-03-09,Active
357,435,Savings,1996-03-10,Active
103,124,Savings,1996-03-10,Active
3118,3771,Savings,1996-03-10,Active
4361,5253,Savings,1996-03-11,Active
1722,2088,Savings,1996-03-11,Active
4273,5149,Savings,1996-03-11,Active
1510,1830,Savings,1996-03-11,Active
895,1078,Savings,1996-03-12,Active
840,1012,Savings,1996-03-12,Active
2263,2740,Savings,1996-03-12,Active
356,434,Savings,1996-03-12,Active
4863,5873,Savings,1996-03-12,Active
3455,4177,Savings,1996-03-13,Active
4092,4929,Savings,1996-03-13,Active
10807,13285,Savings,1996-03-13,Active
2598,3134,Savings,1996-03-14,Active
2633,3178,Savings,1996-03-14,Active
1800,2180,Savings,1996-03-14,Active
1698,2063,Savings,1996-03-14,Active
3994,4815,Savings,1996-03-14,Active
1365,1653,Savings,1996-03-15,Active
666,798,Savings,1996-03-15,Active
9242,11381,Savings,1996-03-15,Active
4346,5236,Savings,1996-03-15,Active
3296,3987,Savings,1996-03-15,Active
2864,3461,Savings,1996-03-16,Active
1980,2406,Savings,1996-03-16,Active
1445,1753,Savings,1996-03-16,Active
821,987,Savings,1996-03-16,Active
5591,6749,Savings,1996-03-16,Active
236,285,Savings,1996-03-16,Active
210,253,Savings,1996-03-17,Active
3795,4575,Savings,1996-03-18,Active
865,1042,Savings,1996-03-18,Active
739,887,Savings,1996-03-18,Active
3672,4426,Savings,1996-03-19,Active
2334,2822,Savings,1996-03-19,Active
1028,1234,Savings,1996-03-19,Active
468,562,Savings,1996-03-19,Active
853,1027,Savings,1996-03-20,Active
525,631,Savings,1996-03-20,Active
3322,4015,Current,1996-03-20,Active
2033,2468,Savings,1996-03-20,Active
3130,3786,Savings,1996-03-20,Active
2904,3510,Savings,1996-03-20,Active
1014,1218,Savings,1996-03-20,Active
116,139,Savings,1996-03-21,Active
10436,12840,Savings,1996-03-21,Active
4214,5081,Savings,1996-03-21,Active
824,991,Savings,1996-03-21,Active
3743,4516,Savings,1996-03-22,Active
2192,2654,Savings,1996-03-22,Active
2406,2906,Savings,1996-03-22,Active
2889,3492,Savings,1996-03-23,Active
1369,1657,Savings,1996-03-23,Active
2767,3340,Savings,1996-03-23,Active
4008,4831,Savings,1996-03-23,Active
874,1052,Current,1996-03-23,Active
3815,4597,Savings,1996-03-24,Active
3605,4348,Savings,1996-03-24,Active
3138,3794,Savings,1996-03-24,Active
2578,3110,Savings,1996-03-25,Active
2708,3268,Savings,1996-03-25,Active
631,758,Savings,1996-03-25,Active
1170,1409,Savings,1996-03-26,Active
2650,3196,Savings,1996-03-26,Active
7890,9755,Savings,1996-03-26,Active
3219,3893,Savings,1996-03-26,Active
3115,3767,Savings,1996-03-27,Active
208,251,Savings,1996-03-27,Active
286,347,Savings,1996-03-27,Active
898,1081,Savings,1996-03-27,Active
2936,3546,Savings,1996-03-27,Active
3422,4137,Savings,1996-03-28,Active
10049,12358,Savings,1996-03-28,Active
1250,1509,Savings,1996-03-28,Active
1384,1675,Current,1996-03-28,Active
2624,3166,Savings,1996-03-28,Active
3349,4050,Savings,1996-03-28,Active
1351,1638,Savings,1996-03-29,Active
2631,3176,Savings,1996-03-29,Active
7520,9313,Savings,1996-03-29,Active
10065,12378,Savings,1996-03-30,Active
708,849,Savings,1996-03-30,Active
3917,4723,Savings,1996-03-30,Active
514,617,Savings,1996-03-30,Active
2659,3210,Savings,1996-03-30,Active
3265,3952,Fixed Deposit,1996-03-30,Active
1832,2223,Savings,1996-04-01,Active
7565,9370,Savings,1996-04-02,Active
3308,4000,Savings,1996-04-02,Active
1932,2347,Savings,1996-04-03,Active
1521,1844,Savings,1996-04-04,Active
2909,3516,Savings,1996-04-04,Active
3706,4469,Savings,1996-04-04,Active
1847,2240,Savings,1996-04-04,Active
2335,2823,Savings,1996-04-04,Active
3041,3675,Savings,1996-04-04,Active
3116,3769,Savings,1996-04-05,Active
251,303,Savings,1996-04-06,Active
3632,4381,Current,1996-04-06,Active
2929,3537,Savings,1996-04-06,Active
10345,12729,Savings,1996-04-07,Active
1450,1759,Savings,1996-04-07,Active
1461,1772,Savings,1996-04-07,Active
1920,2330,Savings,1996-04-08,Active
734,881,Savings,1996-04-08,Active
8085,9987,Savings,1996-04-08,Active
1948,2368,Savings,1996-04-08,Active
3534,4265,Savings,1996-04-08,Active
278,335,Savings,1996-04-08,Active
2012,2444,Savings,1996-04-08,Active
1020,1224,Savings,1996-04-09,Active
2986,3606,Savings,1996-04-09,Active
615,739,Savings,1996-04-09,Active
7894,9760,Savings,1996-04-09,Active
3294,3985,Savings,1996-04-09,Active
2450,2958,Savings,1996-04-10,Active
1503,1822,Savings,1996-04-10,Active
3247,3927,Savings,1996-04-11,Active
3568,4305,Savings,1996-04-11,Active
152,183,Savings,1996-04-12,Active
5072,6122,Savings,1996-04-12,Active
1456,1765,Savings,1996-04-12,Active
1622,1966,Savings,1996-04-12,Active
10215,12561,Savings,1996-04-12,Active
2247,2721,Savings,1996-04-13,Active
2205,2669,Savings,1996-04-13,Active
1543,1871,Savings,1996-04-14,Active
1655,2006,Savings,1996-04-15,Active
3976,4795,Savings,1996-04-15,Active
1383,1674,Savings,1996-04-15,Active
439,529,Savings,1996-04-15,Active
1550,1880,Savings,1996-04-15,Active
101,122,Savings,1996-04-16,Active
1473,1785,Savings,1996-04-16,Active
1121,1345,Savings,1996-04-17,Active
2254,2729,Savings,1996-04-17,Active
3806,4587,Savings,1996-04-18,Active
283,343,Savings,1996-04-18,Active
2432,2938,Savings,1996-04-18,Active
3802,4582,Savings,1996-04-18,Active
3821,4605,Savings,1996-04-18,Active
3907,4712,Savings,1996-04-18,Active
3854,4647,Savings,1996-04-18,Active
3606,4349,Savings,1996-04-18,Active
1939,2355,Current,1996-04-19,Active
5726,6924,Fixed Deposit,1996-04-19,Active
3998,4820,Savings,1996-04-20,Active
3021,3649,Savings,1996-04-20,Active
1607,1948,Savings,1996-04-20,Active
1733,2103,Savings,1996-04-20,Active
2474,2988,Savings,1996-04-20,Active
3816,4598,Savings,1996-04-21,Active
766,916,Savings,1996-04-21,Active
695,833,Savings,1996-04-21,Active
2287,2768,Savings,1996-04-21,Active
1358,1645,Savings,1996-04-21,Active
3019,3646,Savings,1996-04-21,Active
1641,1989,Savings,1996-04-22,Active
1624,1969,Savings,1996-04-22,Active
798,956,Savings,1996-04-22,Active
7240,8737,Savings,1996-04-23,Active
4458,5379,Savings,1996-04-23,Active
3596,4339,Savings,1996-04-23,Active
1709,2074,Savings,1996-04-23,Active
3859,4652,Savings,1996-04-23,Active
481,579,Savings,1996-04-23,Active
1070,1285,Savings,1996-04-23,Active
3280,3971,Savings,1996-04-24,Active
689,826,Savings,1996-04-24,Active
4488,5413,Savings,1996-04-24,Active
2246,2720,Savings,1996-04-25,Active
3301,3993,Savings,1996-04-25,Active
7997,9880,Savings,1996-04-25,Active
1542,1869,Savings,1996-04-25,Active
5395,6511,Savings,1996-04-26,Active
780,932,Savings,1996-04-26,Active
5505,6644,Savings,1996-04-26,Active
3178,3843,Savings,1996-04-27,Active
500,601,Savings,1996-04-27,Active
3451,4173,Savings,1996-04-27,Active
1304,1578,Savings,1996-04-27,Active
3664,4417,Savings,1996-04-28,Active
3038,3671,Savings,1996-04-28,Active
951,1147,Savings,1996-04-28,Active
1529,1853,Savings,1996-04-28,Active
3027,3656,Savings,1996-04-29,Active
4342,5232,Savings,1996-04-29,Active
1582,1916,Savings,1996-05-01,Active
2730,3296,Savings,1996-05-02,Active
8896,10960,Fixed Deposit,1996-05-02,Active
1716,2081,Savings,1996-05-02,Active
986,1189,Savings,1996-05-02,Active
1192,1438,Savings,1996-05-02,Active
2116,2560,Savings,1996-05-02,Active
4127,4968,Savings,1996-05-03,Active
3791,4571,Current,1996-05-03,Active
3531,4262,Savings,1996-05-03,Active
2994,3616,Savings,1996-05-03,Active
1328,1607,Savings,1996-05-04,Active
97,116,Savings,1996-05-05,Active
3648,4399,Savings,1996-05-06,Active
2591,3127,Savings,1996-05-06,Active
1614,1957,Savings,1996-05-07,Active
706,847,Savings,1996-05-07,Active
2232,2704,Savings,1996-05-07,Active
2946,3558,Savings,1996-05-07,Active
2346,2835,Savings,1996-05-08,Active
3736,4508,Savings,1996-05-08,Active
3887,4685,Savings,1996-05-08,Active
1672,2030,Savings,1996-05-08,Active
1752,2124,Savings,1996-05-08,Active
1996,2425,Current,1996-05-08,Active
1244,1501,Savings,1996-05-08,Active
1213,1464,Savings,1996-05-08,Active
3928,4737,Savings,1996-05-08,Active
1045,1254,Savings,1996-05-09,Active
302,369,Savings,1996-05-09,Active
444,535,Savings,1996-05-09,Active
2035,2470,Savings,1996-05-10,Active
3942,4754,Current,1996-05-10,Active
9494,11686,Savings,1996-05-10,Active
913,1100,Savings,1996-05-10,Active
3248,3928,Savings,1996-05-11,Active
51,60,Savings,1996-05-11,Active
132,158,Fixed Deposit,1996-05-11,Active
3512,4240,Savings,1996-05-11,Active
6792,8200,Savings,1996-05-11,Active
491,590,Savings,1996-05-12,Active
9513,11713,Savings,1996-05-12,Active
684,821,Savings,1996-05-12,Active
3285,3976,Savings,1996-05-12,Active
3434,4153,Savings,1996-05-13,Active
2619,3160,Savings,1996-05-13,Active
6158,7435,Savings,1996-05-13,Active
1013,1217,Savings,1996-05-13,Active
3523,4254,Savings,1996-05-14,Active
136,163,Savings,1996-05-14,Active
632,759,Savings,1996-05-14,Active
3769,4545,Savings,1996-05-14,Active
2757,3329,Savings,1996-05-14,Active
360,438,Savings,1996-05-14,Active
9199,11327,Savings,1996-05-15,Active
2752,3323,Savings,1996-05-15,Active
10694,13151,Current,1996-05-15,Active
76,90,Savings,1996-05-16,Active
1924,2335,Savings,1996-05-16,Active
8772,10813,Savings,1996-05-16,Active
2505,3024,Savings,1996-05-16,Active
7542,9340,Savings,1996-05-16,Active
1074,1289,Savings,1996-05-16,Active
3495,4223,Savings,1996-05-17,Active
1904,2313,Savings,1996-05-18,Active
1040,1248,Savings,1996-05-18,Active
776,928,Savings,1996-05-18,Active
3162,3823,Current,1996-05-18,Active
379,459,Savings,1996-05-18,Active
3731,4501,Savings,1996-05-20,Active
1323,1599,Savings,1996-05-20,Active
580,698,Savings,1996-05-20,Active
2805,3389,Savings,1996-05-20,Active
1399,1693,Savings,1996-05-20,Active
1210,1461,Savings,1996-05-21,Active
8972,11050,Savings,1996-05-21,Active
891,1073,Savings,1996-05-23,Active
2888,3490,Savings,1996-05-23,Active
832,1002,Savings,1996-05-24,Active
1905,2314,Savings,1996-05-25,Active
7713,9546,Current,1996-05-25,Active
4099,4937,Savings,1996-05-26,Active
3055,3693,Savings,1996-05-26,Active
1715,2080,Savings,1996-05-26,Active
1646,1996,Current,1996-05-27,Active
612,735,Savings,1996-05-27,Active
450,542,Savings,1996-05-28,Active
10445,12850,Savings,1996-05-29,Active
268,324,Savings,1996-05-29,Active
3240,3919,Current,1996-05-29,Active
877,1056,Savings,1996-05-29,Active
621,745,Savings,1996-06-01,Active
1124,1349,Savings,1996-06-02,Active
687,824,Savings,1996-06-02,Active
3590,4332,Savings,1996-06-02,Active
3459,4181,Savings,1996-06-02,Active
2389,2884,Savings,1996-06-02,Active
2837,3429,Savings,1996-06-02,Active
2190,2652,Current,1996-06-04,Active
3746,4519,Savings,1996-06-04,Active
2982,3601,Savings,1996-06-04,Active
9263,11405,Savings,1996-06-04,Active
1405,1702,Savings,1996-06-04,Active
1954,2375,Savings,1996-06-05,Active
1973,2398,Savings,1996-06-05,Active
3448,4169,Current,1996-06-06,Active
1913,2323,Savings,1996-06-06,Active
958,1154,Savings,1996-06-06,Active
3199,3868,Savings,1996-06-06,Active
375,455,Savings,1996-06-07,Active
1270,1533,Fixed Deposit,1996-06-07,Active
9548,11754,Savings,1996-06-07,Active
3522,4253,Savings,1996-06-07,Active
669,803,Savings,1996-06-07,Active
732,879,Savings,1996-06-07,Active
4585,5526,Savings,1996-06-08,Active
171,207,Savings,1996-06-08,Active
3676,4431,Savings,1996-06-08,Active
1082,1299,Savings,1996-06-08,Active
6699,8089,Savings,1996-06-08,Active
1219,1472,Savings,1996-06-08,Active
4803,5801,Savings,1996-06-08,Active
1528,1852,Savings,1996-06-08,Active
9510,11709,Savings,1996-06-09,Active
7926,9798,Current,1996-06-09,Active
3591,4333,Fixed Deposit,1996-06-09,Active
1058,1271,Savings,1996-06-11,Active
1431,1736,Savings,1996-06-11,Active
181,221,Savings,1996-06-11,Active
603,722,Savings,1996-06-11,Active
409,494,Savings,1996-06-11,Active
3584,4325,Savings,1996-06-12,Active
93,110,Savings,1996-06-12,Active
2104,2548,Savings,1996-06-12,Active
2710,3270,Savings,1996-06-12,Active
3957,4773,Current,1996-06-13,Active
1869,2267,Savings,1996-06-14,Active
2397,2894,Savings,1996-06-14,Active
2603,3141,Savings,1996-06-14,Active
3723,4491,Savings,1996-06-14,Active
3668,4421,Savings,1996-06-15,Active
2400,2897,Savings,1996-06-15,Active
3015,3642,Savings,1996-06-15,Active
558,671,Savings,1996-06-15,Active
3114,3766,Savings,1996-06-15,Active
4626,5574,Savings,1996-06-15,Active
1444,1752,Savings,1996-06-16,Active
4447,5364,Savings,1996-06-16,Active
3515,4244,Savings,1996-06-16,Active
8158,10075,Current,1996-06-16,Active
848,1022,Savings,1996-06-16,Active
1086,1304,Savings,1996-06-17,Active
2602,3139,Savings,1996-06-17,Active
4768,5753,Savings,1996-06-17,Active
507,609,Savings,1996-06-17,Active
3647,4398,Savings,1996-06-17,Active
3180,3845,Savings,1996-06-18,Active
1271,1534,Savings,1996-06-18,Active
2870,3469,Savings,1996-06-18,Active
3645,4395,Savings,1996-06-18,Active
3239,3918,Savings,1996-06-19,Active
3485,4212,Savings,1996-06-19,Active
567,681,Savings,1996-06-19,Active
373,453,Savings,1996-06-20,Active
2977,3595,Savings,1996-06-20,Active
488,587,Savings,1996-06-20,Active
3120,3774,Savings,1996-06-20,Active
3801,4581,Savings,1996-06-20,Active
72,85,Current,1996-06-20,Active
10361,12750,Savings,1996-06-21,Active
587,705,Savings,1996-06-21,Active
1097,1316,Savings,1996-06-22,Active
3206,3877,Savings,1996-06-22,Active
3696,4457,Savings,1996-06-22,Active
2387,2882,Savings,1996-06-22,Active
3585,4326,Savings,1996-06-23,Active
2706,3265,Savings,1996-06-23,Active
2773,3348,Savings,1996-06-23,Active
1781,2158,Savings,1996-06-23,Active
962,1159,Savings,1996-06-24,Active
2395,2892,Savings,1996-06-24,Active
3227,3903,Savings,1996-06-24,Active
2295,2778,Savings,1996-06-25,Active
9631,11855,Savings,1996-06-25,Active
140,168,Savings,1996-06-25,Active
788,942,Savings,1996-06-25,Active
2040,2476,Savings,1996-06-25,Active
1029,1236,Savings,1996-06-25,Active
3318,4011,Savings,1996-06-25,Active
2420,2923,Savings,1996-06-25,Active
3432,4149,Savings,1996-06-25,Active
6688,8076,Savings,1996-06-25,Active
3899,4701,Savings,1996-06-25,Active
1275,1539,Savings,1996-06-26,Active
1087,1305,Savings,1996-06-26,Active
1396,1690,Savings,1996-06-26,Active
3573,4311,Savings,1996-06-27,Active
3149,3808,Savings,1996-06-27,Active
1007,1211,Savings,1996-06-28,Active
4379,5277,Savings,1996-06-28,Active
2950,3564,Savings,1996-06-28,Active
3793,4573,Savings,1996-06-28,Active
3588,4330,Savings,1996-06-28,Active
878,1057,Savings,1996-06-29,Active
3864,4658,Savings,1996-07-01,Active
1266,1528,Savings,1996-07-01,Active
3089,3737,Current,1996-07-02,Active
7181,8667,Fixed Deposit,1996-07-02,Active
1241,1497,Savings,1996-07-02,Active
1004,1208,Savings,1996-07-02,Active
2344,2832,Savings,1996-07-02,Active
2530,3054,Savings,1996-07-02,Active
170,206,Savings,1996-07-02,Active
2319,2806,Savings,1996-07-02,Active
7033,8489,Savings,1996-07-03,Active
88,105,Savings,1996-07-03,Active
1480,1793,Current,1996-07-03,Active
2526,3048,Savings,1996-07-04,Active
2604,3142,Savings,1996-07-04,Active
5269,6366,Savings,1996-07-04,Active
3563,4300,Savings,1996-07-04,Active
3550,4284,Savings,1996-07-04,Active
1903,2312,Savings,1996-07-05,Active
3153,3813,Savings,1996-07-05,Active
265,319,Savings,1996-07-05,Active
2812,3396,Savings,1996-07-05,Active
1609,1951,Savings,1996-07-05,Active
2737,3304,Savings,1996-07-06,Active
7101,8571,Savings,1996-07-06,Active
313,381,Savings,1996-07-06,Active
2593,3129,Savings,1996-07-06,Active
1232,1487,Savings,1996-07-06,Active
2108,2552,Savings,1996-07-06,Active
3694,4455,Savings,1996-07-06,Active
1289,1559,Savings,1996-07-07,Active
2445,2952,Savings,1996-07-07,Active
7733,9569,Current,1996-07-08,Active
1758,2130,Savings,1996-07-08,Active
9859,12133,Savings,1996-07-08,Active
10711,13172,Savings,1996-07-08,Active
725,870,Savings,1996-07-08,Active
1739,2110,Savings,1996-07-08,Active
10202,12547,Savings,1996-07-08,Active
506,608,Savings,1996-07-08,Active
955,1151,Savings,1996-07-08,Active
932,1122,Savings,1996-07-08,Active
413,499,Savings,1996-07-09,Active
3334,4031,Savings,1996-07-09,Active
2625,3167,Current,1996-07-09,Active
2147,2597,Savings,1996-07-10,Active
984,1186,Savings,1996-07-10,Active
3848,4639,Savings,1996-07-10,Active
2825,3415,Savings,1996-07-10,Active
5602,6764,Fixed Deposit,1996-07-10,Active
1094,1312,Savings,1996-07-10,Active
690,827,Savings,1996-07-11,Active
2945,3556,Savings,1996-07-11,Active
573,688,Current,1996-07-11,Active
2131,2577,Savings,1996-07-11,Active
2821,3410,Savings,1996-07-12,Active
2112,2556,Savings,1996-07-12,Active
2506,3026,Fixed Deposit,1996-07-12,Active
1078,1293,Savings,1996-07-12,Active
1895,2300,Savings,1996-07-12,Active
2961,3575,Savings,1996-07-12,Active
3426,4141,Current,1996-07-13,Active
3204,3874,Savings,1996-07-13,Active
2887,3489,Savings,1996-07-13,Active
2468,2979,Savings,1996-07-13,Active
3350,4051,Savings,1996-07-13,Active
858,1034,Savings,1996-07-13,Active
2359,2851,Savings,1996-07-14,Active
3726,4494,Savings,1996-07-14,Active
584,702,Savings,1996-07-14,Active
392,473,Savings,1996-07-14,Active
869,1047,Savings,1996-07-15,Active
526,632,Savings,1996-07-16,Active
571,685,Savings,1996-07-16,Active
3946,4760,Savings,1996-07-16,Active
2573,3104,Savings,1996-07-16,Active
593,711,Savings,1996-07-16,Active
4086,4923,Savings,1996-07-17,Active
6461,7796,Savings,1996-07-17,Active
110,132,Savings,1996-07-17,Active
9138,11250,Savings,1996-07-18,Active
5837,7065,Savings,1996-07-18,Active
971,1170,Savings,1996-07-18,Active
81,96,Savings,1996-07-18,Active
4537,5472,Current,1996-07-18,Active
2266,2743,Savings,1996-07-19,Active
137,164,Savings,1996-07-19,Active
3562,4299,Savings,1996-07-19,Active
1893,2297,Savings,1996-07-20,Active
2882,3484,Savings,1996-07-20,Active
5250,6342,Current,1996-07-20,Active
7674,9505,Savings,1996-07-21,Active
11123,13673,Savings,1996-07-21,Active
1765,2139,Savings,1996-07-21,Active
847,1021,Savings,1996-07-21,Active
4618,5565,Savings,1996-07-21,Active
3543,4276,Savings,1996-07-21,Active
1471,1783,Savings,1996-07-21,Active
3472,4196,Savings,1996-07-21,Active
2407,2908,Savings,1996-07-21,Active
378,458,Savings,1996-07-22,Active
1188,1432,Savings,1996-07-22,Active
2652,3199,Savings,1996-07-22,Active
3526,4257,Savings,1996-07-22,Active
113,136,Savings,1996-07-22,Active
3733,4504,Savings,1996-07-22,Active
683,819,Savings,1996-07-22,Active
3494,4222,Savings,1996-07-22,Active
3518,4248,Savings,1996-07-22,Active
4320,5203,Savings,1996-07-23,Active
6495,7843,Savings,1996-07-23,Active
3511,4239,Savings,1996-07-23,Active
303,370,Savings,1996-07-25,Active
3932,4741,Savings,1996-07-25,Active
2717,3281,Savings,1996-07-25,Active
2983,3603,Savings,1996-07-25,Active
1490,1806,Savings,1996-07-25,Active
3443,4164,Savings,1996-07-26,Active
11027,13556,Current,1996-07-26,Active
3491,4219,Savings,1996-07-27,Active
6453,7787,Savings,1996-07-27,Active
7907,9775,Savings,1996-07-27,Active
2291,2773,Savings,1996-07-27,Active
1900,2308,Savings,1996-07-27,Active
4389,5287,Savings,1996-07-28,Active
3192,3858,Savings,1996-07-28,Active
836,1006,Savings,1996-07-28,Active
3880,4677,Savings,1996-07-28,Active
7424,9202,Savings,1996-07-28,Active
1187,1431,Savings,1996-07-28,Active
25,31,Savings,1996-07-28,Active
10954,13468,Savings,1996-07-29,Active
1571,1904,Savings,1996-07-29,Active
1160,1396,Current,1996-07-29,Active
1985,2412,Savings,1996-07-29,Active
3359,4061,Savings,1996-07-30,Active
9646,11874,Current,1996-07-30,Active
1906,2316,Savings,1996-08-01,Active
194,235,Savings,1996-08-01,Active
371,451,Savings,1996-08-02,Active
9159,11274,Savings,1996-08-02,Active
3040,3674,Savings,1996-08-03,Active
4071,4906,Savings,1996-08-03,Active
2278,2758,Savings,1996-08-03,Active
2350,2841,Savings,1996-08-04,Active
4438,5353,Savings,1996-08-04,Active
2004,2434,Savings,1996-08-04,Active
2101,2545,Savings,1996-08-04,Active
3397,4107,Savings,1996-08-04,Active
1267,1529,Savings,1996-08-05,Active
2102,2546,Savings,1996-08-05,Active
1654,2005,Savings,1996-08-05,Active
2383,2878,Savings,1996-08-05,Active
2134,2581,Savings,1996-08-06,Active
1738,2109,Savings,1996-08-06,Active
1576,1909,Current,1996-08-06,Active
3614,4360,Savings,1996-08-07,Active
2066,2505,Savings,1996-08-07,Active
2117,2561,Savings,1996-08-07,Active
436,524,Savings,1996-08-07,Active
2329,2817,Savings,1996-08-07,Active
4442,5358,Savings,1996-08-08,Active
1325,1603,Savings,1996-08-08,Active
715,857,Savings,1996-08-08,Active
9491,11683,Current,1996-08-08,Active
2917,3524,Savings,1996-08-08,Active
503,605,Savings,1996-08-08,Active
2794,3375,Savings,1996-08-08,Active
2191,2653,Savings,1996-08-08,Active
2947,3559,Savings,1996-08-09,Active
2086,2529,Current,1996-08-09,Active
3020,3648,Savings,1996-08-09,Active
1211,1462,Savings,1996-08-09,Active
2724,3290,Savings,1996-08-09,Active
963,1161,Savings,1996-08-09,Active
3749,4522,Savings,1996-08-10,Active
1223,1476,Savings,1996-08-10,Active
613,737,Fixed Deposit,1996-08-10,Active
2149,2600,Savings,1996-08-11,Active
416,502,Savings,1996-08-11,Active
1501,1820,Savings,1996-08-11,Active
2114,2558,Savings,1996-08-11,Active
176,215,Current,1996-08-12,Active
3066,3707,Savings,1996-08-12,Active
911,1098,Savings,1996-08-12,Active
779,931,Savings,1996-08-13,Active
916,1103,Savings,1996-08-13,Active
271,328,Savings,1996-08-13,Active
2439,2945,Savings,1996-08-13,Active
2210,2675,Savings,1996-08-13,Active
1885,2287,Savings,1996-08-13,Active
447,538,Savings,1996-08-14,Active
3549,4283,Savings,1996-08-14,Active
1563,1895,Savings,1996-08-14,Active
753,903,Savings,1996-08-14,Active
2764,3337,Savings,1996-08-15,Active
2973,3590,Savings,1996-08-15,Active
2209,2673,Savings,1996-08-15,Active
2013,2445,Savings,1996-08-15,Active
1935,2351,Savings,1996-08-15,Active
382,462,Savings,1996-08-16,Active
42,50,Savings,1996-08-16,Active
945,1140,Savings,1996-08-16,Active
8038,9929,Savings,1996-08-17,Active
967,1165,Savings,1996-08-17,Active
3741,4514,Savings,1996-08-18,Active
3311,4003,Savings,1996-08-18,Active
656,787,Savings,1996-08-18,Active
1667,2022,Savings,1996-08-18,Active
3789,4569,Savings,1996-08-18,Active
7637,9457,Savings,1996-08-19,Active
4010,4833,Savings,1996-08-19,Active
4144,4993,Savings,1996-08-19,Active
3347,4048,Savings,1996-08-19,Active
2976,3594,Savings,1996-08-19,Active
4480,5404,Savings,1996-08-19,Active
4969,6001,Current,1996-08-19,Active
1274,1537,Current,1996-08-19,Active
7099,8568,Savings,1996-08-20,Active
166,201,Savings,1996-08-20,Active
1367,1655,Savings,1996-08-20,Active
2795,3376,Savings,1996-08-20,Active
2034,2469,Savings,1996-08-21,Active
2622,3163,Savings,1996-08-21,Active
10562,12991,Savings,1996-08-21,Active
1593,1931,Savings,1996-08-22,Active
3004,3628,Savings,1996-08-22,Active
617,741,Savings,1996-08-23,Active
2746,3314,Savings,1996-08-23,Active
3427,4142,Savings,1996-08-23,Active
58,67,Savings,1996-08-23,Active
918,1107,Savings,1996-08-23,Active
324,396,Savings,1996-08-23,Active
9826,12092,Savings,1996-08-23,Active
2094,2537,Savings,1996-08-23,Active
20,26,Savings,1996-08-24,Active
2930,3538,Savings,1996-08-24,Active
182,222,Savings,1996-08-24,Active
1517,1839,Savings,1996-08-24,Active
4186,5046,Savings,1996-08-25,Active
3467,4190,Savings,1996-08-25,Active
1350,1637,Current,1996-08-25,Active
10220,12568,Savings,1996-08-26,Active
2792,3372,Savings,1996-08-26,Active
1504,1823,Savings,1996-08-26,Active
3161,3822,Savings,1996-08-26,Active
987,1190,Savings,1996-08-27,Active
2360,2852,Savings,1996-08-27,Active
399,483,Savings,1996-08-27,Active
637,764,Savings,1996-08-27,Active
3353,4055,Savings,1996-08-27,Active
4588,5530,Savings,1996-08-27,Active
10,13,Savings,1996-08-28,Active
2113,2557,Savings,1996-08-28,Active
2677,3232,Savings,1996-08-28,Active
6062,7325,Savings,1996-08-28,Active
2065,2504,Savings,1996-08-28,Active
1894,2299,Savings,1996-08-29,Active
1117,1340,Savings,1996-08-29,Active
833,1003,Savings,1996-08-29,Active
3155,3815,Savings,1996-08-29,Active
242,293,Savings,1996-08-29,Active
812,975,Savings,1996-08-30,Active
3774,4550,Savings,1996-08-30,Active
3272,3961,Savings,1996-08-30,Active
7990,9872,Savings,1996-08-30,Active
7262,8764,Savings,1996-08-30,Active
3504,4232,Savings,1996-08-30,Active
2347,2836,Savings,1996-08-30,Active
269,325,Savings,1996-08-30,Active
1258,1518,Savings,1996-09-01,Active
3418,4132,Fixed Deposit,1996-09-02,Active
871,1049,Savings,1996-09-02,Active
2953,3567,Savings,1996-09-02,Active
3126,3781,Savings,1996-09-03,Active
1293,1564,Savings,1996-09-03,Active
406,491,Savings,1996-09-03,Active
4456,5376,Savings,1996-09-03,Active
174,212,Savings,1996-09-04,Active
694,832,Savings,1996-09-04,Active
2885,3487,Savings,1996-09-04,Active
2872,3471,Savings,1996-09-04,Active
920,1109,Savings,1996-09-05,Active
1525,1849,Savings,1996-09-05,Active
1997,2426,Savings,1996-09-05,Active
1679,2039,Savings,1996-09-05,Active
7082,8548,Savings,1996-09-06,Active
1910,2320,Savings,1996-09-06,Active
5362,6473,Current,1996-09-06,Active
1408,1707,Savings,1996-09-07,Active
125,150,Fixed Deposit,1996-09-07,Active
2655,3203,Savings,1996-09-07,Active
2314,2800,Savings,1996-09-07,Active
297,361,Savings,1996-09-08,Active
2914,3521,Savings,1996-09-08,Active
4405,5308,Savings,1996-09-08,Active
2084,2527,Savings,1996-09-08,Active
2045,2482,Savings,1996-09-09,Active
2058,2497,Savings,1996-09-09,Active
1190,1435,Savings,1996-09-09,Active
1067,1280,Savings,1996-09-10,Active
2629,3173,Savings,1996-09-10,Active
1774,2150,Savings,1996-09-10,Active
2156,2609,Savings,1996-09-11,Active
2349,2839,Savings,1996-09-11,Active
2614,3155,Savings,1996-09-11,Active
339,414,Current,1996-09-11,Active
2164,2619,Savings,1996-09-12,Active
3508,4236,Savings,1996-09-12,Active
164,198,Savings,1996-09-13,Active
1799,2179,Savings,1996-09-13,Active
1600,1939,Savings,1996-09-13,Active
3044,3679,Savings,1996-09-14,Active
3499,4227,Savings,1996-09-14,Active
1474,1786,Savings,1996-09-14,Active
2026,2461,Savings,1996-09-14,Active
1556,1887,Savings,1996-09-15,Active
6075,7339,Savings,1996-09-15,Active
1066,1279,Current,1996-09-15,Active
2275,2755,Savings,1996-09-16,Active
5305,6408,Savings,1996-09-16,Active
1329,1608,Savings,1996-09-16,Active
3098,3747,Savings,1996-09-16,Active
4349,5240,Savings,1996-09-16,Active
2990,3611,Savings,1996-09-16,Active
3800,4580,Savings,1996-09-16,Active
3191,3857,Savings,1996-09-17,Active
2076,2517,Savings,1996-09-17,Active
1002,1206,Savings,1996-09-17,Active
8381,10355,Savings,1996-09-17,Active
1957,2379,Savings,1996-09-18,Active
3569,4307,Savings,1996-09-18,Active
10789,13261,Savings,1996-09-18,Active
831,1001,Savings,1996-09-18,Active
6083,7348,Current,1996-09-19,Active
1669,2025,Savings,1996-09-19,Active
8268,10209,Savings,1996-09-19,Active
1063,1276,Savings,1996-09-19,Active
1532,1856,Savings,1996-09-19,Active
3179,3844,Savings,1996-09-20,Active
2906,3512,Savings,1996-09-20,Active
1538,1864,Savings,1996-09-20,Active
2640,3186,Savings,1996-09-21,Active
2921,3529,Savings,1996-09-21,Active
3431,4147,Savings,1996-09-21,Active
3967,4786,Savings,1996-09-22,Active
1173,1413,Savings,1996-09-22,Active
7632,9450,Savings,1996-09-22,Active
2339,2827,Savings,1996-09-22,Active
1100,1321,Savings,1996-09-23,Active
1484,1798,Savings,1996-09-23,Active
2801,3385,Savings,1996-09-23,Active
1113,1334,Savings,1996-09-23,Active
770,921,Savings,1996-09-24,Active
2332,2820,Savings,1996-09-24,Active
1463,1774,Savings,1996-09-25,Active
3894,4695,Savings,1996-09-25,Active
2091,2534,Savings,1996-09-25,Active
1377,1666,Savings,1996-09-25,Active
9241,11379,Savings,1996-09-25,Active
1308,1582,Savings,1996-09-25,Active
1370,1658,Savings,1996-09-25,Active
3399,4109,Savings,1996-09-26,Active
1374,1662,Savings,1996-09-26,Active
2955,3569,Savings,1996-09-27,Active
3446,4167,Fixed Deposit,1996-09-27,Active
3339,4037,Savings,1996-09-27,Active
1631,1977,Savings,1996-09-27,Active
2869,3468,Savings,1996-09-27,Active
2083,2526,Savings,1996-09-28,Active
1823,2211,Savings,1996-09-28,Active
2561,3092,Savings,1996-09-29,Active
972,1171,Savings,1996-09-29,Active
698,837,Savings,1996-09-29,Active
2294,2777,Savings,1996-09-29,Active
2373,2868,Savings,1996-09-29,Active
241,292,Savings,1996-09-29,Active
2483,2998,Savings,1996-09-29,Active
569,683,Savings,1996-10-01,Active
1500,1819,Savings,1996-10-01,Active
3232,3910,Savings,1996-10-02,Active
618,742,Savings,1996-10-02,Active
1502,1821,Savings,1996-10-02,Active
10857,13346,Savings,1996-10-02,Active
692,830,Savings,1996-10-02,Active
3843,4633,Savings,1996-10-02,Active
3158,3818,Savings,1996-10-03,Active
3071,3713,Savings,1996-10-03,Active
1586,1921,Savings,1996-10-03,Active
3913,4719,Savings,1996-10-04,Active
822,988,Savings,1996-10-04,Active
1155,1389,Savings,1996-10-04,Active
2807,3391,Savings,1996-10-04,Active
1751,2123,Savings,1996-10-04,Active
3904,4708,Savings,1996-10-05,Active
2252,2726,Savings,1996-10-05,Active
826,993,Savings,1996-10-05,Active
1008,1212,Savings,1996-10-05,Active
1558,1889,Savings,1996-10-06,Active
2465,2976,Savings,1996-10-06,Active
814,977,Savings,1996-10-06,Active
325,397,Savings,1996-10-06,Active
261,315,Savings,1996-10-07,Active
2240,2713,Savings,1996-10-07,Active
2657,3207,Savings,1996-10-07,Active
7636,9456,Savings,1996-10-08,Active
3175,3840,Savings,1996-10-08,Active
1812,2196,Savings,1996-10-08,Active
10607,13044,Savings,1996-10-08,Active
2999,3621,Savings,1996-10-08,Active
921,1110,Savings,1996-10-08,Active
2934,3544,Savings,1996-10-08,Active
3394,4104,Savings,1996-10-09,Active
1777,2154,Savings,1996-10-10,Active
1003,1207,Savings,1996-10-10,Active
4090,4927,Savings,1996-10-11,Active
3249,3929,Savings,1996-10-11,Active
472,568,Savings,1996-10-11,Active
6950,8392,Savings,1996-10-12,Active
3271,3960,Savings,1996-10-12,Active
3329,4024,Savings,1996-10-12,Active
9677,11911,Savings,1996-10-13,Active
342,419,Savings,1996-10-13,Active
536,645,Savings,1996-10-13,Active
350,428,Savings,1996-10-13,Active
2475,2989,Savings,1996-10-13,Active
10063,12376,Current,1996-10-13,Active
581,699,Savings,1996-10-13,Active
2988,3608,Fixed Deposit,1996-10-14,Active
3314,4006,Savings,1996-10-14,Active
4949,5978,Savings,1996-10-14,Active
713,855,Savings,1996-10-15,Active
11325,13921,Savings,1996-10-15,Active
8628,10639,Fixed Deposit,1996-10-15,Active
4493,5420,Fixed Deposit,1996-10-15,Active
410,495,Savings,1996-10-15,Active
3776,4553,Savings,1996-10-16,Active
1577,1910,Savings,1996-10-16,Active
8784,10828,Savings,1996-10-16,Active
1645,1995,Savings,1996-10-16,Active
3454,4176,Savings,1996-10-17,Active
2046,2484,Savings,1996-10-17,Active
1492,1809,Savings,1996-10-17,Active
3143,3800,Savings,1996-10-18,Active
2709,3269,Savings,1996-10-18,Active
1541,1868,Savings,1996-10-18,Active
305,372,Savings,1996-10-18,Active
3690,4450,Fixed Deposit,1996-10-18,Active
3766,4542,Fixed Deposit,1996-10-18,Active
1745,2117,Savings,1996-10-19,Active
1090,1308,Savings,1996-10-19,Active
329,402,Savings,1996-10-19,Active
975,1175,Savings,1996-10-19,Active
5317,6422,Savings,1996-10-20,Active
6592,7959,Savings,1996-10-20,Active
1060,1273,Savings,1996-10-20,Active
473,569,Savings,1996-10-20,Active
1464,1775,Savings,1996-10-21,Active
1819,2205,Current,1996-10-21,Active
2502,3020,Savings,1996-10-21,Active
1888,2291,Savings,1996-10-21,Active
6902,8333,Savings,1996-10-22,Active
3877,4674,Savings,1996-10-22,Active
2290,2771,Savings,1996-10-22,Active
1330,1610,Savings,1996-10-22,Active
9037,11130,Savings,1996-10-22,Active
272,329,Savings,1996-10-23,Active
366,445,Savings,1996-10-23,Active
1226,1479,Savings,1996-10-23,Active
2759,3332,Savings,1996-10-23,Active
1176,1416,Savings,1996-10-24,Active
1785,2163,Savings,1996-10-25,Active
5912,7150,Savings,1996-10-25,Active
199,241,Savings,1996-10-26,Active
778,930,Savings,1996-10-26,Active
3811,4592,Savings,1996-10-26,Active
1855,2250,Savings,1996-10-27,Active
224,269,Savings,1996-10-27,Active
281,339,Savings,1996-10-27,Active
9201,11329,Savings,1996-10-28,Active
888,1069,Savings,1996-10-28,Active
4715,5684,Savings,1996-10-28,Active
3956,4772,Savings,1996-10-28,Active
4375,5273,Savings,1996-10-28,Active
2418,2921,Savings,1996-10-29,Active
806,965,Savings,1996-10-29,Active
65,76,Savings,1996-10-29,Active
2279,2759,Current,1996-10-30,Active
1478,1791,Savings,1996-10-30,Active
3228,3904,Savings,1996-10-30,Active
221,266,Savings,1996-10-30,Active
3022,3650,Savings,1996-10-30,Active
122,146,Savings,1996-10-30,Active
6265,7567,Savings,1996-11-01,Active
1683,2043,Savings,1996-11-01,Active
6440,7772,Savings,1996-11-01,Active
926,1115,Savings,1996-11-01,Active
2685,3240,Savings,1996-11-01,Active
3557,4292,Savings,1996-11-02,Active
1663,2016,Savings,1996-11-02,Active
255,308,Savings,1996-11-03,Active
2193,2655,Savings,1996-11-03,Active
9455,11637,Savings,1996-11-03,Active
2130,2576,Savings,1996-11-04,Active
714,856,Savings,1996-11-04,Active
3615,4361,Savings,1996-11-05,Active
1324,1601,Savings,1996-11-05,Active
431,519,Savings,1996-11-05,Active
11328,13924,Savings,1996-11-05,Active
3626,4373,Savings,1996-11-05,Active
1899,2307,Savings,1996-11-05,Active
91,108,Savings,1996-11-06,Active
4753,5736,Savings,1996-11-07,Active
9528,11732,Savings,1996-11-07,Active
9333,11491,Savings,1996-11-08,Active
2107,2551,Savings,1996-11-09,Active
3224,3899,Savings,1996-11-10,Active
829,997,Savings,1996-11-10,Active
511,614,Savings,1996-11-10,Active
3560,4296,Savings,1996-11-10,Active
1555,1886,Savings,1996-11-10,Active
2160,2614,Savings,1996-11-10,Active
4383,5281,Savings,1996-11-10,Active
2517,3039,Fixed Deposit,1996-11-10,Active
3819,4603,Savings,1996-11-11,Active
6157,7434,Savings,1996-11-11,Active
1326,1605,Savings,1996-11-11,Active
4286,5163,Savings,1996-11-11,Active
3498,4226,Savings,1996-11-12,Active
2258,2733,Savings,1996-11-12,Active
3177,3842,Savings,1996-11-12,Active
1638,1985,Current,1996-11-12,Active
3589,4331,Savings,1996-11-13,Active
2967,3582,Savings,1996-11-13,Active
3437,4157,Savings,1996-11-13,Active
4102,4941,Savings,1996-11-13,Active
2032,2467,Savings,1996-11-14,Active
570,684,Savings,1996-11-14,Active
993,1197,Savings,1996-11-14,Active
3884,4681,Savings,1996-11-14,Active
3765,4541,Savings,1996-11-14,Active
2385,2880,Savings,1996-11-15,Active
63,73,Savings,1996-11-16,Active
1991,2419,Savings,1996-11-16,Active
3291,3982,Savings,1996-11-16,Active
3376,4082,Savings,1996-11-17,Active
1260,1521,Savings,1996-11-17,Active
1021,1225,Savings,1996-11-17,Active
48,56,Savings,1996-11-17,Active
4069,4904,Savings,1996-11-17,Active
3564,4301,Savings,1996-11-17,Active
1320,1596,Savings,1996-11-18,Active
530,638,Savings,1996-11-19,Active
508,610,Savings,1996-11-19,Active
341,418,Savings,1996-11-19,Active
3256,3939,Savings,1996-11-19,Active
4033,4861,Savings,1996-11-19,Active
5878,7112,Savings,1996-11-19,Active
77,91,Savings,1996-11-19,Active
1546,1875,Savings,1996-11-20,Active
2826,3416,Savings,1996-11-20,Active
797,955,Savings,1996-11-20,Active
513,616,Savings,1996-11-21,Active
1549,1879,Savings,1996-11-21,Active
3093,3741,Savings,1996-11-21,Active
10905,13405,Savings,1996-11-21,Active
2234,2706,Savings,1996-11-21,Active
2285,2765,Savings,1996-11-21,Active
3809,4590,Savings,1996-11-21,Active
3517,4247,Savings,1996-11-22,Active
2264,2741,Savings,1996-11-22,Active
8688,10714,Savings,1996-11-22,Active
546,657,Savings,1996-11-23,Active
3862,4656,Savings,1996-11-23,Active
2898,3502,Savings,1996-11-23,Active
3282,3973,Savings,1996-11-24,Active
330,403,Savings,1996-11-24,Active
1242,1499,Fixed Deposit,1996-11-24,Active
1393,1686,Savings,1996-11-24,Active
2303,2787,Savings,1996-11-24,Active
3708,4471,Savings,1996-11-24,Active
209,252,Savings,1996-11-24,Active
8094,9997,Savings,1996-11-24,Active
2601,3137,Savings,1996-11-24,Active
7,9,Savings,1996-11-24,Active
1347,1632,Savings,1996-11-24,Active
8523,10517,Savings,1996-11-25,Active
2398,2895,Savings,1996-11-25,Active
1712,2077,Savings,1996-11-25,Active
1943,2361,Savings,1996-11-26,Active
2090,2533,Savings,1996-11-26,Active
2636,3182,Savings,1996-11-26,Active
14,19,Savings,1996-11-27,Active
549,662,Savings,1996-11-27,Active
143,173,Savings,1996-11-27,Active
79,93,Savings,1996-11-29,Active
3799,4579,Savings,1996-11-29,Active
1460,1771,Savings,1996-11-29,Active
7745,9582,Savings,1996-11-29,Active
1435,1742,Savings,1996-12-01,Active
3507,4235,Savings,1996-12-01,Active
712,854,Savings,1996-12-01,Active
10280,12643,Savings,1996-12-01,Active
1754,2126,Savings,1996-12-01,Active
805,964,Savings,1996-12-02,Active
3377,4083,Savings,1996-12-02,Active
1296,1567,Savings,1996-12-02,Active
2916,3523,Savings,1996-12-03,Active
3018,3645,Savings,1996-12-03,Active
249,301,Savings,1996-12-03,Active
3602,4345,Savings,1996-12-03,Active
3856,4649,Savings,1996-12-03,Active
2544,3071,Savings,1996-12-04,Active
599,717,Savings,1996-12-04,Active
2590,3126,Savings,1996-12-04,Active
2589,3125,Savings,1996-12-04,Active
2545,3072,Savings,1996-12-04,Active
1735,2105,Savings,1996-12-04,Active
3312,4004,Savings,1996-12-04,Active
2060,2499,Savings,1996-12-05,Active
2115,2559,Savings,1996-12-05,Active
24,30,Savings,1996-12-05,Active
1083,1300,Savings,1996-12-06,Active
2286,2766,Savings,1996-12-06,Active
7176,8661,Savings,1996-12-07,Active
8225,10159,Savings,1996-12-07,Active
664,796,Savings,1996-12-08,Active
5133,6196,Current,1996-12-08,Active
880,1059,Savings,1996-12-08,Active
1482,1795,Savings,1996-12-08,Active
3290,3981,Savings,1996-12-09,Active
2963,3577,Savings,1996-12-09,Active
1361,1648,Savings,1996-12-09,Active
3430,4146,Savings,1996-12-10,Active
11096,13640,Savings,1996-12-10,Active
3090,3738,Savings,1996-12-10,Active
5817,7043,Fixed Deposit,1996-12-10,Active
1587,1923,Savings,1996-12-11,Active
905,1090,Savings,1996-12-11,Active
980,1181,Savings,1996-12-11,Active
1218,1470,Savings,1996-12-12,Active
561,674,Savings,1996-12-12,Active
4631,5579,Fixed Deposit,1996-12-12,Active
1055,1267,Savings,1996-12-12,Active
9153,11266,Savings,1996-12-12,Active
1368,1656,Savings,1996-12-12,Active
3452,4174,Savings,1996-12-13,Active
3450,4172,Savings,1996-12-13,Active
1557,1888,Savings,1996-12-13,Active
1316,1591,Savings,1996-12-13,Active
3893,4693,Savings,1996-12-13,Active
2873,3472,Savings,1996-12-13,Active
3962,4780,Savings,1996-12-13,Active
2376,2871,Savings,1996-12-14,Active
2995,3617,Savings,1996-12-14,Active
3984,4804,Savings,1996-12-14,Active
659,790,Savings,1996-12-14,Active
3137,3793,Savings,1996-12-15,Active
505,607,Savings,1996-12-16,Active
1817,2203,Savings,1996-12-16,Active
3125,3780,Savings,1996-12-16,Active
2734,3300,Savings,1996-12-16,Active
2386,2881,Savings,1996-12-17,Active
3411,4124,Savings,1996-12-17,Active
4794,5788,Savings,1996-12-18,Active
2827,3418,Savings,1996-12-18,Active
3024,3652,Savings,1996-12-18,Active
1618,1962,Savings,1996-12-18,Active
6510,7862,Savings,1996-12-18,Active
7465,9250,Current,1996-12-19,Active
1362,1650,Savings,1996-12-19,Active
3182,3847,Savings,1996-12-20,Active
765,915,Savings,1996-12-20,Active
3412,4125,Savings,1996-12-20,Active
2610,3150,Savings,1996-12-20,Active
4454,5374,Savings,1996-12-21,Active
595,713,Savings,1996-12-21,Active
1391,1683,Savings,1996-12-21,Active
3438,4158,Savings,1996-12-21,Active
1553,1884,Savings,1996-12-21,Active
10645,13090,Savings,1996-12-21,Active
2531,3055,Savings,1996-12-21,Active
1081,1297,Savings,1996-12-21,Active
2441,2948,Savings,1996-12-22,Active
193,233,Savings,1996-12-22,Active
3390,4099,Current,1996-12-22,Active
3393,4102,Savings,1996-12-22,Active
440,530,Savings,1996-12-22,Active
2356,2847,Current,1996-12-23,Active
333,407,Savings,1996-12-23,Active
1884,2286,Savings,1996-12-24,Active
434,522,Savings,1996-12-24,Active
2875,3475,Savings,1996-12-24,Active
2532,3056,Savings,1996-12-24,Active
3029,3659,Savings,1996-12-24,Active
2699,3257,Savings,1996-12-25,Active
935,1127,Savings,1996-12-25,Active
2777,3354,Savings,1996-12-25,Active
1659,2011,Savings,1996-12-25,Active
252,304,Savings,1996-12-26,Active
7045,8502,Savings,1996-12-26,Active
3941,4752,Savings,1996-12-26,Active
2761,3334,Savings,1996-12-26,Active
7966,9846,Savings,1996-12-27,Active
2408,2909,Savings,1996-12-27,Active
592,710,Savings,1996-12-27,Active
1195,1441,Savings,1996-12-27,Active
2261,2738,Current,1996-12-27,Active
8341,10303,Savings,1996-12-27,Active
6706,8096,Savings,1996-12-28,Active
2507,3027,Savings,1996-12-28,Active
3387,4095,Current,1996-12-28,Active
3991,4812,Savings,1996-12-28,Active
1056,1269,Current,1996-12-28,Active
2852,3446,Savings,1996-12-29,Active
3043,3678,Savings,1996-12-29,Active
10404,12802,Savings,1996-12-30,Active
528,635,Savings,1996-12-30,Active
9424,11598,Savings,1996-12-30,Active
3190,3856,Savings,1996-12-30,Active
1390,1682,Savings,1996-12-30,Active
1988,2416,Savings,1996-12-30,Active
2362,2854,Savings,1996-12-30,Active
2064,2503,Savings,1996-12-30,Active
2689,3245,Savings,1997-01-01,Active
9730,11976,Savings,1997-01-01,Active
1387,1679,Savings,1997-01-01,Active
2637,3183,Savings,1997-01-01,Active
1221,1474,Savings,1997-01-02,Active
1860,2256,Savings,1997-01-02,Active
3540,4273,Savings,1997-01-03,Active
263,317,Current,1997-01-03,Active
4660,5618,Savings,1997-01-03,Active
294,358,Savings,1997-01-05,Active
4354,5245,Savings,1997-01-08,Active
3639,4388,Savings,1997-01-08,Active
1677,2037,Savings,1997-01-08,Active
2653,3201,Savings,1997-01-08,Active
3870,4664,Savings,1997-01-08,Active
17,22,Savings,1997-01-08,Active
537,646,Savings,1997-01-08,Active
10493,12908,Savings,1997-01-09,Active
2964,3578,Savings,1997-01-09,Active
752,902,Savings,1997-01-10,Active
6064,7327,Savings,1997-01-11,Active
2981,3600,Savings,1997-01-11,Active
3527,4258,Savings,1997-01-11,Active
3005,3629,Fixed Deposit,1997-01-11,Active
11244,13820,Savings,1997-01-12,Active
3470,4193,Savings,1997-01-12,Active
3110,3761,Savings,1997-01-12,Active
2300,2784,Savings,1997-01-13,Active
10148,12485,Savings,1997-01-13,Active
1707,2072,Savings,1997-01-13,Active
512,615,Savings,1997-01-14,Active
9031,11123,Savings,1997-01-15,Active
3375,4081,Savings,1997-01-15,Active
2571,3102,Savings,1997-01-15,Active
3304,3996,Savings,1997-01-16,Active
3908,4713,Savings,1997-01-16,Active
9549,11755,Savings,1997-01-17,Active
4534,5469,Savings,1997-01-18,Active
872,1050,Savings,1997-01-18,Active
2854,3448,Savings,1997-01-18,Active
2696,3254,Savings,1997-01-19,Active
1214,1466,Savings,1997-01-19,Active
1262,1523,Savings,1997-01-19,Active
8320,10273,Savings,1997-01-19,Active
3910,4716,Savings,1997-01-19,Active
364,442,Savings,1997-01-20,Active
480,578,Savings,1997-01-21,Active
2535,3060,Savings,1997-01-21,Active
9179,11304,Savings,1997-01-21,Active
2299,2783,Savings,1997-01-21,Active
6138,7411,Savings,1997-01-22,Active
1840,2231,Savings,1997-01-22,Active
3471,4194,Savings,1997-01-22,Active
1651,2001,Savings,1997-01-23,Active
320,390,Savings,1997-01-23,Active
3961,4779,Savings,1997-01-24,Active
3379,4086,Savings,1997-01-24,Active
4052,4882,Current,1997-01-25,Active
3964,4782,Savings,1997-01-25,Active
3681,4437,Savings,1997-01-25,Active
2229,2701,Savings,1997-01-27,Active
8742,10777,Savings,1997-01-28,Active
52,61,Savings,1997-01-29,Active
1853,2248,Savings,1997-01-29,Active
3861,4654,Savings,1997-01-30,Active
3067,3708,Savings,1997-01-30,Active
3659,4411,Savings,1997-02-01,Active
1356,1643,Savings,1997-02-01,Active
1656,2008,Savings,1997-02-01,Active
2103,2547,Savings,1997-02-01,Active
1854,2249,Savings,1997-02-02,Active
910,1096,Savings,1997-02-03,Active
3794,4574,Savings,1997-02-03,Active
3546,4280,Savings,1997-02-03,Active
605,724,Savings,1997-02-04,Active
3990,4811,Savings,1997-02-04,Active
2021,2454,Savings,1997-02-05,Active
11231,13803,Savings,1997-02-05,Active
4266,5141,Savings,1997-02-05,Active
2455,2965,Savings,1997-02-06,Active
3633,4382,Savings,1997-02-06,Active
4026,4853,Savings,1997-02-06,Active
3620,4367,Savings,1997-02-06,Active
4550,5487,Savings,1997-02-06,Active
1616,1960,Savings,1997-02-07,Active
1498,1816,Current,1997-02-07,Active
598,716,Savings,1997-02-08,Active
2262,2739,Savings,1997-02-08,Active
2126,2572,Savings,1997-02-09,Active
1418,1719,Savings,1997-02-09,Active
2537,3063,Savings,1997-02-09,Active
159,192,Savings,1997-02-11,Active
11141,13694,Current,1997-02-11,Active
2477,2992,Savings,1997-02-11,Active
1182,1424,Savings,1997-02-11,Active
130,156,Savings,1997-02-12,Active
828,996,Savings,1997-02-12,Active
2042,2479,Savings,1997-02-12,Active
4358,5249,Savings,1997-02-12,Active
3565,4302,Savings,1997-02-12,Active
796,954,Savings,1997-02-13,Active
2381,2876,Savings,1997-02-13,Active
1430,1734,Savings,1997-02-13,Active
2085,2528,Savings,1997-02-13,Active
3059,3699,Savings,1997-02-15,Active
3959,4776,Current,1997-02-15,Active
1068,1282,Savings,1997-02-15,Active
10915,13417,Current,1997-02-15,Active
729,874,Savings,1997-02-15,Active
1141,1372,Savings,1997-02-16,Active
1264,1525,Savings,1997-02-16,Active
351,429,Savings,1997-02-17,Active
424,510,Savings,1997-02-17,Active
1037,1244,Savings,1997-02-18,Active
2656,3205,Savings,1997-02-18,Active
5445,6571,Savings,1997-02-19,Active
3188,3854,Savings,1997-02-20,Active
3236,3914,Savings,1997-02-20,Active
2766,3339,Savings,1997-02-20,Active
1447,1755,Savings,1997-02-20,Active
3331,4027,Savings,1997-02-20,Active
4268,5143,Savings,1997-02-20,Active
1524,1848,Savings,1997-02-20,Active
4746,5727,Savings,1997-02-21,Active
3337,4034,Fixed Deposit,1997-02-22,Active
323,394,Savings,1997-02-23,Active
2016,2449,Savings,1997-02-23,Active
226,272,Savings,1997-02-23,Active
5180,6255,Savings,1997-02-24,Active
1619,1963,Savings,1997-02-24,Active
2661,3213,Savings,1997-02-25,Active
1818,2204,Savings,1997-02-25,Active
2937,3547,Savings,1997-02-25,Active
2194,2656,Savings,1997-02-25,Active
1336,1617,Savings,1997-02-26,Active
2325,2812,Savings,1997-02-26,Active
292,354,Savings,1997-02-26,Active
2797,3380,Savings,1997-02-26,Active
1736,2106,Savings,1997-02-26,Active
2405,2904,Savings,1997-02-27,Active
2415,2917,Savings,1997-02-27,Active
3851,4643,Savings,1997-02-27,Active
2782,3359,Savings,1997-02-27,Active
195,236,Savings,1997-02-27,Active
2380,2875,Savings,1997-02-27,Active
1928,2342,Savings,1997-03-02,Active
3242,3921,Savings,1997-03-02,Active
3541,4274,Savings,1997-03-02,Active
3652,4403,Savings,1997-03-02,Active
2024,2459,Savings,1997-03-02,Active
919,1108,Savings,1997-03-03,Active
1096,1315,Savings,1997-03-03,Active
1215,1467,Savings,1997-03-04,Active
6306,7614,Savings,1997-03-04,Active
2089,2532,Current,1997-03-05,Active
850,1024,Savings,1997-03-07,Active
1668,2024,Savings,1997-03-07,Active
2224,2693,Fixed Deposit,1997-03-08,Active
3574,4312,Savings,1997-03-08,Active
6061,7324,Savings,1997-03-08,Active
2270,2749,Savings,1997-03-08,Active
214,257,Savings,1997-03-09,Active
3031,3661,Savings,1997-03-10,Active
1746,2118,Savings,1997-03-11,Active
64,75,Savings,1997-03-11,Active
3842,4632,Savings,1997-03-12,Active
3971,4790,Savings,1997-03-13,Active
405,490,Savings,1997-03-13,Active
600,719,Savings,1997-03-13,Active
1740,2111,Savings,1997-03-13,Active
2672,3227,Savings,1997-03-14,Active
114,137,Savings,1997-03-14,Active
2760,3333,Savings,1997-03-14,Active
2597,3133,Savings,1997-03-16,Active
2908,3515,Savings,1997-03-16,Active
191,231,Savings,1997-03-17,Active
2354,2845,Savings,1997-03-17,Active
3782,4560,Current,1997-03-17,Active
3328,4022,Savings,1997-03-17,Active
3083,3728,Savings,1997-03-18,Active
1199,1448,Savings,1997-03-18,Active
10652,13098,Savings,1997-03-18,Active
2690,3246,Savings,1997-03-19,Active
2495,3012,Savings,1997-03-19,Active
8505,10492,Savings,1997-03-20,Active
304,371,Savings,1997-03-20,Active
8926,10997,Savings,1997-03-21,Active
578,695,Current,1997-03-21,Active
1363,1651,Savings,1997-03-23,Active
1165,1402,Savings,1997-03-23,Active
85,101,Savings,1997-03-23,Active
749,898,Savings,1997-03-23,Active
8026,9914,Savings,1997-03-23,Active
3332,4029,Savings,1997-03-25,Active
3739,4512,Savings,1997-03-25,Active
1907,2317,Savings,1997-03-25,Active
1976,2401,Savings,1997-03-25,Active
3658,4410,Savings,1997-03-25,Active
3581,4320,Savings,1997-03-26,Active
1466,1777,Current,1997-03-26,Active
3176,3841,Savings,1997-03-26,Active
1459,1769,Savings,1997-03-26,Active
1321,1597,Savings,1997-03-27,Active
2966,3581,Savings,1997-03-27,Active
157,189,Savings,1997-03-28,Active
2158,2612,Savings,1997-03-29,Active
2843,3436,Savings,1997-03-29,Active
3266,3953,Savings,1997-03-29,Active
2048,2486,Savings,1997-03-30,Active
442,533,Savings,1997-03-30,Active
3885,4683,Savings,1997-04-01,Active
1863,2260,Savings,1997-04-01,Active
9167,11286,Savings,1997-04-02,Active
2874,3474,Savings,1997-04-02,Active
3695,4456,Savings,1997-04-02,Active
10068,12382,Savings,1997-04-02,Active
2725,3291,Savings,1997-04-02,Active
2899,3504,Savings,1997-04-03,Active
144,174,Current,1997-04-03,Active
1933,2348,Savings,1997-04-04,Active
1034,1241,Savings,1997-04-04,Active
49,58,Savings,1997-04-06,Active
1594,1932,Savings,1997-04-06,Active
1138,1369,Savings,1997-04-07,Active
3544,4278,Savings,1997-04-07,Active
1636,1982,Savings,1997-04-08,Active
10812,13290,Savings,1997-04-08,Active
2165,2621,Savings,1997-04-08,Active
3460,4182,Savings,1997-04-08,Active
4208,5072,Savings,1997-04-08,Active
2954,3568,Savings,1997-04-08,Active
843,1017,Savings,1997-04-09,Active
2901,3506,Savings,1997-04-09,Active
1734,2104,Savings,1997-04-10,Active
2466,2977,Savings,1997-04-11,Active
476,573,Savings,1997-04-11,Active
1407,1705,Fixed Deposit,1997-04-11,Active
1598,1936,Savings,1997-04-12,Active
2166,2622,Savings,1997-04-12,Active
1259,1520,Savings,1997-04-12,Active
927,1116,Savings,1997-04-12,Active
2575,3106,Savings,1997-04-13,Active
4467,5389,Current,1997-04-13,Active
1253,1512,Savings,1997-04-13,Active
1281,1550,Savings,1997-04-14,Active
1915,2325,Savings,1997-04-14,Active
3716,4481,Savings,1997-04-14,Active
1560,1891,Savings,1997-04-14,Active
4725,5699,Savings,1997-04-14,Active
1665,2019,Savings,1997-04-15,Active
12,15,Savings,1997-04-15,Active
3398,4108,Savings,1997-04-15,Active
4475,5397,Savings,1997-04-16,Active
2586,3121,Savings,1997-04-16,Active
189,229,Savings,1997-04-16,Active
3077,3721,Savings,1997-04-16,Active
3634,4383,Savings,1997-04-16,Active
3897,4699,Savings,1997-04-16,Active
2055,2494,Savings,1997-04-17,Active
3012,3638,Savings,1997-04-18,Active
1035,1242,Savings,1997-04-18,Active
1687,2048,Savings,1997-04-18,Active
407,492,Current,1997-04-18,Active
2744,3312,Current,1997-04-19,Active
3194,3861,Savings,1997-04-19,Active
109,131,Savings,1997-04-20,Active
1198,1446,Savings,1997-04-20,Active
3830,4615,Savings,1997-04-20,Active
3692,4452,Savings,1997-04-21,Active
3217,3891,Fixed Deposit,1997-04-23,Active
453,545,Savings,1997-04-24,Active
2539,3065,Savings,1997-04-24,Active
794,952,Savings,1997-04-24,Active
636,763,Savings,1997-04-24,Active
309,376,Savings,1997-04-25,Active
873,1051,Savings,1997-04-26,Active
589,707,Savings,1997-04-26,Active
9484,11676,Savings,1997-04-26,Active
3052,3690,Savings,1997-04-26,Active
10134,12468,Savings,1997-04-26,Active
3846,4637,Savings,1997-04-27,Active
912,1099,Savings,1997-04-27,Active
2080,2522,Savings,1997-04-27,Active
2857,3451,Savings,1997-04-28,Active
647,776,Savings,1997-04-28,Active
2952,3566,Savings,1997-04-28,Active
240,290,Savings,1997-04-28,Active
1693,2056,Fixed Deposit,1997-04-29,Active
2612,3152,Savings,1997-04-29,Active
3104,3754,Savings,1997-04-29,Active
1488,1803,Savings,1997-04-29,Active
2451,2959,Savings,1997-04-29,Active
10257,12616,Savings,1997-05-01,Active
1024,1229,Savings,1997-05-02,Active
2173,2630,Savings,1997-05-02,Active
98,118,Savings,1997-05-02,Active
3119,3773,Savings,1997-05-02,Active
1230,1483,Savings,1997-05-03,Active
2594,3130,Fixed Deposit,1997-05-03,Active
3773,4549,Savings,1997-05-04,Active
3635,4384,Savings,1997-05-04,Active
293,356,Savings,1997-05-04,Active
1178,1418,Savings,1997-05-04,Active
3988,4808,Savings,1997-05-04,Active
2816,3402,Savings,1997-05-04,Active
722,866,Fixed Deposit,1997-05-04,Active
2184,2644,Savings,1997-05-07,Active
10022,12328,Savings,1997-05-07,Active
1385,1676,Savings,1997-05-08,Active
3506,4234,Savings,1997-05-08,Active
316,386,Savings,1997-05-08,Active
3711,4474,Savings,1997-05-08,Active
1982,2408,Savings,1997-05-08,Active
2071,2511,Savings,1997-05-08,Active
2800,3384,Savings,1997-05-08,Active
997,1201,Savings,1997-05-08,Active
367,447,Savings,1997-05-09,Active
2141,2589,Savings,1997-05-09,Active
2127,2573,Savings,1997-05-09,Active
3214,3887,Savings,1997-05-10,Active
250,302,Savings,1997-05-10,Active
3742,4515,Savings,1997-05-11,Active
3577,4315,Savings,1997-05-11,Active
2448,2956,Savings,1997-05-11,Active
1130,1356,Savings,1997-05-11,Active
2118,2562,Savings,1997-05-11,Active
2005,2435,Savings,1997-05-11,Active
475,571,Savings,1997-05-11,Active
6922,8356,Current,1997-05-12,Active
3122,3776,Savings,1997-05-12,Active
282,341,Savings,1997-05-12,Active
3140,3796,Savings,1997-05-13,Active
3790,4570,Current,1997-05-13,Active
5164,6235,Savings,1997-05-13,Active
8149,10066,Fixed Deposit,1997-05-14,Active
2900,3505,Savings,1997-05-14,Active
383,463,Savings,1997-05-15,Active
1953,2374,Current,1997-05-15,Active
3344,4043,Savings,1997-05-15,Active
139,167,Current,1997-05-15,Active
1808,2190,Savings,1997-05-16,Active
3299,3991,Current,1997-05-16,Active
1697,2061,Savings,1997-05-17,Active
2392,2888,Savings,1997-05-18,Active
8713,10746,Savings,1997-05-18,Active
3403,4114,Savings,1997-05-20,Active
1424,1727,Savings,1997-05-20,Active
2366,2859,Savings,1997-05-20,Active
2668,3222,Savings,1997-05-20,Active
2698,3256,Savings,1997-05-21,Active
3872,4667,Savings,1997-05-21,Active
10343,12726,Savings,1997-05-22,Active
2743,3311,Savings,1997-05-22,Active
834,1004,Savings,1997-05-23,Active
1956,2378,Savings,1997-05-23,Active
4729,5704,Savings,1997-05-23,Active
760,910,Savings,1997-05-24,Active
2324,2811,Savings,1997-05-24,Active
7559,9362,Savings,1997-05-24,Active
9208,11337,Savings,1997-05-24,Active
3163,3824,Savings,1997-05-24,Active
3732,4502,Savings,1997-05-25,Active
1710,2075,Savings,1997-05-25,Active
868,1046,Savings,1997-05-26,Active
534,643,Savings,1997-05-26,Active
3662,4415,Savings,1997-05-26,Active
11053,13588,Savings,1997-05-27,Active
3172,3836,Savings,1997-05-27,Active
3905,4709,Fixed Deposit,1997-05-28,Active
464,558,Savings,1997-05-28,Active
1574,1907,Savings,1997-05-28,Active
2891,3494,Savings,1997-05-28,Active
2860,3456,Current,1997-05-30,Active
10679,13134,Savings,1997-05-30,Active
5,7,Savings,1997-05-30,Active
4130,4972,Savings,1997-06-01,Active
4527,5461,Savings,1997-06-01,Active
3951,4766,Savings,1997-06-02,Active
3700,4462,Savings,1997-06-03,Active
2564,3095,Savings,1997-06-03,Active
3202,3872,Savings,1997-06-04,Active
879,1058,Savings,1997-06-04,Active
2404,2902,Savings,1997-06-05,Active
1537,1863,Savings,1997-06-06,Active
3768,4544,Savings,1997-06-06,Active
5944,7186,Savings,1997-06-06,Active
9673,11906,Savings,1997-06-07,Active
229,275,Savings,1997-06-07,Active
614,738,Savings,1997-06-07,Active
1724,2091,Savings,1997-06-07,Active
1185,1428,Savings,1997-06-07,Active
349,426,Savings,1997-06-08,Active
682,818,Savings,1997-06-08,Active
291,353,Savings,1997-06-08,Active
3211,3884,Savings,1997-06-09,Active
3060,3701,Savings,1997-06-09,Active
4471,5393,Current,1997-06-09,Active
2956,3570,Savings,1997-06-10,Active
2019,2452,Savings,1997-06-11,Active
1491,1807,Savings,1997-06-11,Active
3496,4224,Savings,1997-06-11,Active
1841,2232,Savings,1997-06-12,Active
7180,8666,Current,1997-06-12,Active
5648,6827,Savings,1997-06-13,Active
2509,3029,Savings,1997-06-13,Active
2878,3478,Savings,1997-06-14,Active
1015,1219,Savings,1997-06-14,Active
1753,2125,Savings,1997-06-14,Active
2372,2867,Savings,1997-06-15,Active
6097,7366,Savings,1997-06-15,Active
2720,3284,Current,1997-06-16,Active
2006,2436,Savings,1997-06-16,Active
3953,4768,Savings,1997-06-16,Active
2135,2582,Savings,1997-06-17,Active
1551,1881,Savings,1997-06-18,Active
1095,1313,Savings,1997-06-18,Active
3703,4465,Savings,1997-06-18,Active
3719,4484,Savings,1997-06-19,Active
2057,2496,Savings,1997-06-20,Active
2560,3091,Savings,1997-06-20,Active
3986,4806,Savings,1997-06-20,Active
4858,5866,Savings,1997-06-21,Active
1354,1641,Savings,1997-06-21,Active
3262,3947,Savings,1997-06-22,Active
3100,3749,Savings,1997-06-22,Active
1839,2230,Savings,1997-06-22,Active
3996,4818,Savings,1997-06-22,Active
622,747,Savings,1997-06-22,Active
2340,2828,Savings,1997-06-22,Active
641,769,Savings,1997-06-22,Active
3461,4184,Savings,1997-06-23,Active
672,807,Savings,1997-06-23,Active
8645,10662,Savings,1997-06-23,Active
438,528,Savings,1997-06-23,Active
2443,2950,Savings,1997-06-25,Active
4309,5189,Current,1997-06-25,Active
3075,3717,Savings,1997-06-25,Active
2200,2662,Savings,1997-06-26,Active
3245,3925,Savings,1997-06-26,Active
2806,3390,Savings,1997-06-26,Active
556,669,Savings,1997-06-26,Active
4301,5180,Savings,1997-06-26,Active
4156,5010,Savings,1997-06-27,Active
1921,2331,Savings,1997-06-27,Active
2939,3549,Savings,1997-06-28,Active
3665,4418,Savings,1997-06-28,Active
3524,4255,Savings,1997-06-28,Active
5196,6275,Current,1997-06-29,Active
2883,3485,Savings,1997-06-29,Active
1346,1631,Savings,1997-07-01,Active
1514,1834,Savings,1997-07-01,Active
3154,3814,Savings,1997-07-02,Active
2081,2524,Savings,1997-07-02,Active
1255,1514,Savings,1997-07-02,Active
2208,2672,Savings,1997-07-02,Active
1284,1554,Savings,1997-07-02,Active
8153,10070,Savings,1997-07-02,Active
7721,9555,Savings,1997-07-03,Active
3889,4687,Savings,1997-07-03,Active
3085,3732,Savings,1997-07-03,Active
768,918,Savings,1997-07-03,Active
8919,10987,Savings,1997-07-03,Active
185,225,Savings,1997-07-04,Active
4150,5002,Savings,1997-07-05,Active
10774,13246,Savings,1997-07-05,Active
2728,3294,Current,1997-07-06,Active
1339,1621,Savings,1997-07-06,Active
1929,2343,Savings,1997-07-06,Active
3433,4151,Savings,1997-07-07,Active
2337,2825,Savings,1997-07-07,Active
3,4,Savings,1997-07-07,Active
2093,2536,Savings,1997-07-07,Active
3906,4710,Savings,1997-07-08,Active
3529,4260,Savings,1997-07-08,Active
864,1041,Savings,1997-07-08,Active
4336,5223,Savings,1997-07-08,Active
1647,1997,Savings,1997-07-09,Active
2169,2625,Savings,1997-07-09,Active
258,311,Savings,1997-07-09,Active
1110,1331,Savings,1997-07-10,Active
105,127,Savings,1997-07-10,Active
2992,3614,Savings,1997-07-11,Active
11317,13912,Savings,1997-07-11,Active
1681,2041,Savings,1997-07-11,Active
3428,4143,Savings,1997-07-12,Active
679,815,Savings,1997-07-12,Active
10644,13089,Savings,1997-07-12,Active
2182,2642,Savings,1997-07-12,Active
9560,11768,Savings,1997-07-13,Active
3985,4805,Savings,1997-07-13,Active
3833,4619,Savings,1997-07-13,Active
705,846,Savings,1997-07-14,Active
2447,2954,Savings,1997-07-14,Active
2452,2960,Savings,1997-07-14,Active
469,563,Savings,1997-07-14,Active
483,581,Savings,1997-07-15,Active
2678,3233,Savings,1997-07-15,Active
2183,2643,Savings,1997-07-17,Active
7052,8510,Fixed Deposit,1997-07-17,Active
680,816,Savings,1997-07-18,Active
284,344,Savings,1997-07-18,Active
1027,1233,Savings,1997-07-18,Active
1995,2424,Savings,1997-07-18,Active
211,254,Savings,1997-07-19,Active
1432,1737,Savings,1997-07-19,Active
2369,2862,Savings,1997-07-19,Active
3867,4661,Savings,1997-07-19,Active
1890,2293,Current,1997-07-20,Active
2204,2667,Savings,1997-07-20,Active
970,1169,Savings,1997-07-20,Active
5290,6391,Savings,1997-07-21,Active
2316,2802,Savings,1997-07-21,Active
611,733,Savings,1997-07-21,Active
1794,2174,Savings,1997-07-23,Active
801,960,Savings,1997-07-23,Active
3057,3697,Savings,1997-07-23,Active
2196,2658,Savings,1997-07-24,Active
2646,3192,Savings,1997-07-24,Active
2722,3288,Savings,1997-07-24,Active
2679,3234,Savings,1997-07-24,Active
2587,3123,Savings,1997-07-25,Active
3346,4046,Savings,1997-07-25,Active
1454,1763,Savings,1997-07-25,Active
2197,2659,Savings,1997-07-26,Active
1776,2153,Savings,1997-07-27,Active
547,659,Savings,1997-07-27,Active
5758,6967,Savings,1997-07-28,Active
3185,3850,Savings,1997-07-29,Active
1950,2371,Savings,1997-08-01,Active
811,973,Current,1997-08-01,Active
3381,4088,Savings,1997-08-02,Active
1522,1846,Savings,1997-08-02,Active
41,49,Savings,1997-08-02,Active
4533,5468,Savings,1997-08-03,Active
3343,4042,Savings,1997-08-03,Active
3686,4444,Savings,1997-08-03,Active
2927,3535,Savings,1997-08-04,Active
4091,4928,Savings,1997-08-04,Active
6602,7970,Savings,1997-08-04,Active
2558,3089,Savings,1997-08-04,Active
3208,3880,Savings,1997-08-04,Active
1389,1681,Savings,1997-08-05,Active
1033,1240,Savings,1997-08-05,Active
2449,2957,Savings,1997-08-05,Active
2000,2430,Savings,1997-08-06,Active
3724,4492,Savings,1997-08-06,Active
3281,3972,Savings,1997-08-06,Active
326,398,Savings,1997-08-06,Active
307,374,Savings,1997-08-07,Active
1951,2372,Savings,1997-08-07,Active
4445,5362,Savings,1997-08-07,Active
2338,2826,Savings,1997-08-08,Active
1319,1595,Fixed Deposit,1997-08-08,Active
311,378,Savings,1997-08-08,Active
3293,3984,Savings,1997-08-08,Active
1648,1998,Savings,1997-08-08,Active
38,46,Current,1997-08-08,Active
1434,1741,Savings,1997-08-08,Active
7437,9217,Current,1997-08-08,Active
4784,5774,Savings,1997-08-08,Active
2644,3190,Savings,1997-08-08,Active
785,939,Current,1997-08-09,Active
2776,3352,Savings,1997-08-10,Active
5572,6729,Savings,1997-08-11,Active
3046,3683,Savings,1997-08-11,Active
2138,2585,Savings,1997-08-11,Active
1662,2015,Savings,1997-08-11,Active
386,466,Savings,1997-08-11,Active
591,709,Savings,1997-08-12,Active
792,949,Savings,1997-08-13,Active
1043,1251,Savings,1997-08-13,Active
9433,11609,Savings,1997-08-14,Active
509,611,Savings,1997-08-14,Active
1747,2119,Savings,1997-08-14,Active
2073,2514,Savings,1997-08-14,Active
3097,3746,Savings,1997-08-14,Active
3062,3703,Savings,1997-08-15,Active
1355,1642,Savings,1997-08-16,Active
1881,2282,Savings,1997-08-17,Active
2595,3131,Savings,1997-08-17,Active
13,17,Savings,1997-08-17,Active
996,1200,Savings,1997-08-18,Active
37,45,Savings,1997-08-18,Active
2829,3420,Savings,1997-08-18,Active
529,637,Savings,1997-08-18,Active
1857,2252,Savings,1997-08-18,Active
9140,11252,Savings,1997-08-18,Active
2485,3000,Savings,1997-08-18,Active
2607,3146,Savings,1997-08-19,Active
653,783,Savings,1997-08-19,Active
10799,13276,Savings,1997-08-19,Active
1567,1899,Savings,1997-08-19,Active
1845,2237,Savings,1997-08-20,Active
1181,1422,Savings,1997-08-20,Active
3070,3712,Savings,1997-08-21,Active
645,774,Savings,1997-08-21,Active
1795,2175,Savings,1997-08-21,Active
2442,2949,Savings,1997-08-21,Active
2845,3439,Savings,1997-08-21,Active
8639,10654,Savings,1997-08-22,Active
4003,4826,Savings,1997-08-22,Active
3537,4269,Savings,1997-08-22,Active
2394,2890,Savings,1997-08-23,Active
859,1035,Savings,1997-08-26,Active
3798,4578,Savings,1997-08-27,Active
2317,2803,Savings,1997-08-28,Active
3828,4612,Savings,1997-08-28,Active
2422,2926,Savings,1997-08-29,Active
3556,4291,Savings,1997-08-29,Active
1154,1388,Current,1997-08-29,Active
3901,4704,Savings,1997-08-30,Active
3950,4765,Savings,1997-09-01,Active
2142,2590,Savings,1997-09-01,Active
2492,3008,Savings,1997-09-01,Active
45,53,Savings,1997-09-02,Active
2172,2628,Savings,1997-09-02,Active
909,1094,Savings,1997-09-02,Active
10243,12599,Savings,1997-09-03,Active
1026,1231,Savings,1997-09-03,Active
3444,4165,Current,1997-09-04,Active
1764,2138,Savings,1997-09-04,Active
4158,5012,Savings,1997-09-04,Active
585,703,Savings,1997-09-04,Active
5698,6892,Savings,1997-09-04,Active
178,217,Savings,1997-09-06,Active
2079,2521,Savings,1997-09-06,Active
2480,2995,Savings,1997-09-07,Active
2444,2951,Savings,1997-09-07,Active
3516,4246,Current,1997-09-07,Active
1303,1577,Savings,1997-09-08,Active
783,937,Savings,1997-09-08,Active
1729,2097,Savings,1997-09-08,Active
1790,2170,Savings,1997-09-08,Active
2351,2842,Savings,1997-09-08,Active
2997,3619,Savings,1997-09-09,Active
10650,13095,Savings,1997-09-09,Active
2684,3239,Savings,1997-09-10,Active
2459,2969,Savings,1997-09-10,Active
1240,1496,Savings,1997-09-11,Active
1783,2160,Savings,1997-09-11,Active
7156,8636,Savings,1997-09-11,Active
1085,1303,Savings,1997-09-11,Active
677,813,Savings,1997-09-13,Active
6505,7855,Savings,1997-09-13,Active
402,486,Savings,1997-09-14,Active
9156,11271,Savings,1997-09-14,Active
3987,4807,Savings,1997-09-14,Active
3852,4644,Savings,1997-09-14,Active
384,464,Current,1997-09-14,Active
1946,2365,Savings,1997-09-16,Active
3603,4346,Savings,1997-09-17,Active
1872,2270,Savings,1997-09-17,Active
3671,4424,Savings,1997-09-17,Active
735,882,Savings,1997-09-17,Active
3274,3963,Savings,1997-09-17,Active
5870,7102,Savings,1997-09-17,Active
5283,6383,Savings,1997-09-18,Active
1438,1745,Current,1997-09-18,Active
328,400,Savings,1997-09-18,Active
118,142,Savings,1997-09-18,Active
387,468,Savings,1997-09-19,Active
3300,3992,Savings,1997-09-19,Active
3657,4408,Savings,1997-09-19,Active
823,990,Savings,1997-09-19,Active
1876,2277,Savings,1997-09-20,Active
2765,3338,Savings,1997-09-20,Active
3463,4186,Savings,1997-09-21,Active
3103,3753,Fixed Deposit,1997-09-21,Active
1101,1322,Savings,1997-09-22,Active
179,218,Current,1997-09-22,Active
3610,4355,Savings,1997-09-22,Active
1814,2198,Savings,1997-09-23,Active
1718,2083,Savings,1997-09-23,Active
16,21,Savings,1997-09-23,Active
4616,5563,Savings,1997-09-24,Active
3757,4533,Savings,1997-09-24,Active
2942,3552,Savings,1997-09-24,Active
89,106,Savings,1997-09-25,Active
3106,3756,Current,1997-09-26,Active
2312,2798,Savings,1997-09-26,Active
177,216,Savings,1997-09-26,Active
4128,4969,Savings,1997-09-26,Active
2846,3440,Savings,1997-09-27,Active
1443,1751,Savings,1997-09-27,Active
1992,2420,Savings,1997-09-27,Active
755,905,Savings,1997-09-27,Active
7274,8777,Savings,1997-09-28,Active
3383,4091,Savings,1997-09-28,Active
2461,2972,Savings,1997-09-28,Active
3916,4722,Savings,1997-09-28,Active
2745,3313,Savings,1997-09-28,Active
10152,12490,Savings,1997-09-28,Active
2007,2437,Savings,1997-09-29,Active
1064,1277,Savings,1997-09-29,Active
2370,2864,Savings,1997-10-01,Active
1379,1669,Savings,1997-10-01,Active
1313,1588,Savings,1997-10-01,Active
129,154,Savings,1997-10-01,Active
6866,8287,Savings,1997-10-02,Active
4132,4976,Savings,1997-10-02,Active
2136,2583,Savings,1997-10-02,Active
2036,2472,Savings,1997-10-03,Active
3401,4112,Current,1997-10-04,Active
1596,1934,Savings,1997-10-05,Active
4116,4956,Savings,1997-10-05,Active
3342,4040,Savings,1997-10-06,Active
2715,3277,Savings,1997-10-06,Active
4143,4992,Savings,1997-10-07,Active
2133,2579,Savings,1997-10-07,Active
2069,2508,Savings,1997-10-08,Active
205,247,Savings,1997-10-08,Active
1150,1383,Savings,1997-10-08,Active
1608,1950,Savings,1997-10-08,Active
1494,1811,Savings,1997-10-08,Active
2272,2752,Savings,1997-10-08,Active
2634,3179,Savings,1997-10-08,Active
745,893,Savings,1997-10-09,Active
3813,4594,Savings,1997-10-09,Active
1342,1624,Savings,1997-10-09,Active
121,145,Savings,1997-10-11,Active
1727,2095,Savings,1997-10-11,Active
2097,2540,Savings,1997-10-11,Active
133,160,Current,1997-10-11,Active
2897,3501,Savings,1997-10-11,Active
5708,6906,Current,1997-10-12,Active
7049,8506,Savings,1997-10-12,Active
1279,1546,Savings,1997-10-13,Active
502,604,Savings,1997-10-13,Active
1506,1825,Savings,1997-10-13,Active
2231,2703,Savings,1997-10-14,Active
966,1164,Savings,1997-10-14,Active
1968,2393,Current,1997-10-14,Active
2879,3480,Savings,1997-10-14,Active
3023,3651,Savings,1997-10-14,Active
3561,4298,Savings,1997-10-15,Active
1807,2189,Savings,1997-10-15,Active
11327,13923,Savings,1997-10-15,Active
2053,2491,Savings,1997-10-16,Active
550,663,Savings,1997-10-17,Active
3324,4018,Savings,1997-10-17,Active
1061,1274,Savings,1997-10-17,Active
2215,2683,Savings,1997-10-17,Active
961,1158,Savings,1997-10-18,Active
2579,3112,Savings,1997-10-18,Active
3919,4725,Savings,1997-10-18,Active
3875,4672,Savings,1997-10-18,Active
2311,2797,Savings,1997-10-19,Active
2556,3087,Savings,1997-10-19,Active
1615,1959,Savings,1997-10-20,Active
2910,3517,Savings,1997-10-21,Active
2756,3328,Savings,1997-10-21,Active
1572,1905,Savings,1997-10-21,Active
3857,4650,Savings,1997-10-22,Active
156,188,Savings,1997-10-22,Active
3922,4730,Savings,1997-10-22,Active
1209,1460,Savings,1997-10-23,Active
2371,2865,Current,1997-10-23,Active
852,1026,Savings,1997-10-23,Active
2152,2604,Savings,1997-10-23,Active
398,481,Savings,1997-10-24,Active
2174,2631,Savings,1997-10-24,Active
3705,4467,Savings,1997-10-24,Active
1172,1412,Savings,1997-10-25,Active
876,1055,Savings,1997-10-26,Active
2413,2915,Savings,1997-10-27,Active
3963,4781,Savings,1997-10-27,Active
643,772,Savings,1997-10-28,Active
1340,1622,Savings,1997-10-28,Active
2703,3262,Savings,1997-10-28,Active
671,806,Savings,1997-10-29,Active
782,935,Savings,1997-10-30,Active
2784,3361,Savings,1997-10-30,Active
1703,2068,Savings,1997-11-02,Active
3598,4341,Savings,1997-11-02,Active
639,766,Savings,1997-11-03,Active
3325,4019,Savings,1997-11-03,Active
10613,13051,Savings,1997-11-04,Active
606,725,Savings,1997-11-04,Active
9227,11362,Savings,1997-11-04,Active
1723,2089,Savings,1997-11-04,Active
3404,4115,Savings,1997-11-04,Active
1657,2009,Savings,1997-11-04,Active
3395,4105,Savings,1997-11-05,Active
2296,2779,Savings,1997-11-05,Active
644,773,Savings,1997-11-06,Active
2402,2900,Savings,1997-11-06,Active
2391,2887,Savings,1997-11-07,Active
1140,1371,Savings,1997-11-07,Active
952,1148,Savings,1997-11-09,Active
696,834,Savings,1997-11-09,Active
2998,3620,Savings,1997-11-09,Active
867,1045,Savings,1997-11-09,Active
1208,1459,Savings,1997-11-09,Active
3423,4138,Savings,1997-11-10,Active
2831,3422,Savings,1997-11-10,Active
2211,2676,Fixed Deposit,1997-11-10,Active
3360,4062,Savings,1997-11-10,Active
1245,1502,Savings,1997-11-12,Active
1348,1633,Savings,1997-11-12,Active
2920,3528,Savings,1997-11-13,Active
566,679,Savings,1997-11-13,Active
2658,3208,Savings,1997-11-14,Active
2721,3286,Savings,1997-11-14,Active
1833,2224,Savings,1997-11-15,Active
2221,2690,Savings,1997-11-15,Active
149,179,Savings,1997-11-16,Active
3082,3727,Savings,1997-11-16,Active
3156,3816,Fixed Deposit,1997-11-16,Active
2438,2944,Savings,1997-11-16,Active
2693,3249,Savings,1997-11-17,Active
1866,2264,Savings,1997-11-17,Active
3365,4068,Savings,1997-11-18,Active
3382,4090,Current,1997-11-20,Active
2125,2571,Current,1997-11-20,Active
3396,4106,Savings,1997-11-20,Active
3105,3755,Savings,1997-11-21,Active
2162,2616,Savings,1997-11-21,Active
1125,1350,Current,1997-11-21,Active
2979,3597,Savings,1997-11-22,Active
2850,3444,Savings,1997-11-22,Active
2832,3423,Savings,1997-11-22,Active
3102,3751,Savings,1997-11-23,Active
295,359,Savings,1997-11-23,Active
1523,1847,Fixed Deposit,1997-11-24,Active
215,259,Savings,1997-11-25,Active
421,507,Savings,1997-11-27,Active
3715,4480,Savings,1997-11-27,Active
934,1125,Savings,1997-11-27,Active
3333,4030,Savings,1997-11-27,Active
1798,2178,Savings,1997-11-28,Active
10005,12308,Savings,1997-11-29,Active
4386,5284,Current,1997-11-29,Active
1868,2266,Current,1997-11-29,Active
232,280,Savings,1997-11-29,Active
298,362,Savings,1997-12-02,Active
1717,2082,Savings,1997-12-02,Active
1960,2383,Savings,1997-12-04,Active
1049,1259,Savings,1997-12-04,Active
2918,3525,Fixed Deposit,1997-12-05,Active
4140,4989,Savings,1997-12-05,Active
21,27,Savings,1997-12-06,Active
1650,2000,Savings,1997-12-06,Active
800,959,Savings,1997-12-06,Active
3415,4129,Savings,1997-12-06,Active
3722,4489,Savings,1997-12-07,Active
736,883,Savings,1997-12-07,Active
2787,3365,Savings,1997-12-07,Active
673,808,Savings,1997-12-08,Active
3406,4117,Savings,1997-12-08,Active
2796,3378,Current,1997-12-08,Active
2775,3350,Savings,1997-12-08,Active
276,333,Savings,1997-12-08,Active
315,385,Savings,1997-12-08,Active
1072,1287,Savings,1997-12-09,Active
1156,1390,Savings,1997-12-09,Active
3836,4623,Savings,1997-12-09,Active
3013,3639,Savings,1997-12-09,Active
3033,3663,Savings,1997-12-10,Active
3174,3838,Savings,1997-12-10,Active
134,161,Savings,1997-12-10,Active
1229,1482,Savings,1997-12-10,Active
3209,3881,Savings,1997-12-10,Active
2820,3409,Savings,1997-12-11,Active
938,1130,Savings,1997-12-13,Active
3501,4229,Savings,1997-12-13,Active
3616,4362,Savings,1997-12-15,Active
3911,4717,Savings,1997-12-16,Active
3992,4813,Savings,1997-12-16,Active
579,697,Savings,1997-12-16,Active
2892,3495,Savings,1997-12-16,Active
1186,1430,Savings,1997-12-17,Active
2440,2947,Savings,1997-12-18,Active
2791,3370,Savings,1997-12-19,Active
3169,3833,Savings,1997-12-19,Active
2049,2487,Savings,1997-12-19,Active
758,908,Savings,1997-12-19,Active
1177,1417,Savings,1997-12-20,Active
246,297,Savings,1997-12-20,Active
1171,1410,Savings,1997-12-20,Active
3187,3853,Savings,1997-12-20,Active
3385,4093,Savings,1997-12-21,Active
703,843,Savings,1997-12-21,Active
1318,1594,Savings,1997-12-22,Active
889,1071,Savings,1997-12-22,Active
4332,5217,Savings,1997-12-23,Active
564,677,Savings,1997-12-23,Active
3934,4744,Savings,1997-12-23,Active
1983,2409,Savings,1997-12-25,Active
727,872,Savings,1997-12-25,Active
3048,3685,Current,1997-12-26,Active
3025,3654,Savings,1997-12-27,Active
906,1091,Savings,1997-12-27,Active
845,1019,Savings,1997-12-27,Active
124,149,Savings,1997-12-28,Active
3958,4774,Savings,1997-12-28,Active
777,929,Savings,1997-12-28,Active
1573,1906,Savings,1997-12-29,Active
3276,3965,Savings,1997-12-29,Active
