date_id,full_date,day,month,month_name,quarter,year,day_of_week,is_weekend
19930101,1993-01-01,1,1,January,1,1993,Friday,False
19930102,1993-01-02,2,1,January,1,1993,Saturday,True
19930103,1993-01-03,3,1,January,1,1993,Sunday,True
19930104,1993-01-04,4,1,January,1,1993,Monday,False
19930105,1993-01-05,5,1,January,1,1993,Tuesday,False
19930106,1993-01-06,6,1,January,1,1993,Wednesday,False
19930107,1993-01-07,7,1,January,1,1993,Thursday,False
19930108,1993-01-08,8,1,January,1,1993,Friday,False
19930109,1993-01-09,9,1,January,1,1993,Saturday,True
19930110,1993-01-10,10,1,January,1,1993,Sunday,True
19930111,1993-01-11,11,1,January,1,1993,Monday,False
19930112,1993-01-12,12,1,January,1,1993,Tuesday,False
19930113,1993-01-13,13,1,January,1,1993,Wednesday,False
19930114,1993-01-14,14,1,January,1,1993,Thursday,False
19930115,1993-01-15,15,1,January,1,1993,Friday,False
19930116,1993-01-16,16,1,January,1,1993,Saturday,True
19930117,1993-01-17,17,1,January,1,1993,Sunday,True
19930118,1993-01-18,18,1,January,1,1993,Monday,False
19930119,1993-01-19,19,1,January,1,1993,Tuesday,False
19930120,1993-01-20,20,1,January,1,1993,Wednesday,False
19930121,1993-01-21,21,1,January,1,1993,Thursday,False
19930122,1993-01-22,22,1,January,1,1993,Friday,False
19930123,1993-01-23,23,1,January,1,1993,Saturday,True
19930124,1993-01-24,24,1,January,1,1993,Sunday,True
19930125,1993-01-25,25,1,January,1,1993,Monday,False
19930126,1993-01-26,26,1,January,1,1993,Tuesday,False
19930127,1993-01-27,27,1,January,1,1993,Wednesday,False
19930128,1993-01-28,28,1,January,1,1993,Thursday,False
19930129,1993-01-29,29,1,January,1,1993,Friday,False
19930130,1993-01-30,30,1,January,1,1993,Saturday,True
19930131,1993-01-31,31,1,January,1,1993,Sunday,True
19930201,1993-02-01,1,2,February,1,1993,Monday,False
19930202,1993-02-02,2,2,February,1,1993,Tuesday,False
19930203,1993-02-03,3,2,February,1,1993,Wednesday,False
19930204,1993-02-04,4,2,February,1,1993,Thursday,False
19930205,1993-02-05,5,2,February,1,1993,Friday,False
19930206,1993-02-06,6,2,February,1,1993,Saturday,True
19930207,1993-02-07,7,2,February,1,1993,Sunday,True
19930208,1993-02-08,8,2,February,1,1993,Monday,False
19930209,1993-02-09,9,2,February,1,1993,Tuesday,False
19930210,1993-02-10,10,2,February,1,1993,Wednesday,False
19930211,1993-02-11,11,2,February,1,1993,Thursday,False
19930212,1993-02-12,12,2,February,1,1993,Friday,False
19930213,1993-02-13,13,2,February,1,1993,Saturday,True
19930214,1993-02-14,14,2,February,1,1993,Sunday,True
19930215,1993-02-15,15,2,February,1,1993,Monday,False
19930216,1993-02-16,16,2,February,1,1993,Tuesday,False
19930217,1993-02-17,17,2,February,1,1993,Wednesday,False
19930218,1993-02-18,18,2,February,1,1993,Thursday,False
19930219,1993-02-19,19,2,February,1,1993,Friday,False
19930220,1993-02-20,20,2,February,1,1993,Saturday,True
19930221,1993-02-21,21,2,February,1,1993,Sunday,True
19930222,1993-02-22,22,2,February,1,1993,Monday,False
19930223,1993-02-23,23,2,February,1,1993,Tuesday,False
19930224,1993-02-24,24,2,February,1,1993,Wednesday,False
19930225,1993-02-25,25,2,February,1,1993,Thursday,False
19930226,1993-02-26,26,2,February,1,1993,Friday,False
19930227,1993-02-27,27,2,February,1,1993,Saturday,True
19930228,1993-02-28,28,2,February,1,1993,Sunday,True
19930301,1993-03-01,1,3,March,1,1993,Monday,False
19930302,1993-03-02,2,3,March,1,1993,Tuesday,False
19930303,1993-03-03,3,3,March,1,1993,Wednesday,False
19930304,1993-03-04,4,3,March,1,1993,Thursday,False
19930305,1993-03-05,5,3,March,1,1993,Friday,False
19930306,1993-03-06,6,3,March,1,1993,Saturday,True
19930307,1993-03-07,7,3,March,1,1993,Sunday,True
19930308,1993-03-08,8,3,March,1,1993,Monday,False
19930309,1993-03-09,9,3,March,1,1993,Tuesday,False
19930310,1993-03-10,10,3,March,1,1993,Wednesday,False
19930311,1993-03-11,11,3,March,1,1993,Thursday,False
19930312,1993-03-12,12,3,March,1,1993,Friday,False
19930313,1993-03-13,13,3,March,1,1993,Saturday,True
19930314,1993-03-14,14,3,March,1,1993,Sunday,True
19930315,1993-03-15,15,3,March,1,1993,Monday,False
19930316,1993-03-16,16,3,March,1,1993,Tuesday,False
19930317,1993-03-17,17,3,March,1,1993,Wednesday,False
19930318,1993-03-18,18,3,March,1,1993,Thursday,False
19930319,1993-03-19,19,3,March,1,1993,Friday,False
19930320,1993-03-20,20,3,March,1,1993,Saturday,True
19930321,1993-03-21,21,3,March,1,1993,Sunday,True
19930322,1993-03-22,22,3,March,1,1993,Monday,False
19930323,1993-03-23,23,3,March,1,1993,Tuesday,False
19930324,1993-03-24,24,3,March,1,1993,Wednesday,False
19930325,1993-03-25,25,3,March,1,1993,Thursday,False
19930326,1993-03-26,26,3,March,1,1993,Friday,False
19930327,1993-03-27,27,3,March,1,1993,Saturday,True
19930328,1993-03-28,28,3,March,1,1993,Sunday,True
19930329,1993-03-29,29,3,March,1,1993,Monday,False
19930330,1993-03-30,30,3,March,1,1993,Tuesday,False
19930331,1993-03-31,31,3,March,1,1993,Wednesday,False
19930401,1993-04-01,1,4,April,2,1993,Thursday,False
19930402,1993-04-02,2,4,April,2,1993,Friday,False
19930403,1993-04-03,3,4,April,2,1993,Saturday,True
19930404,1993-04-04,4,4,April,2,1993,Sunday,True
19930405,1993-04-05,5,4,April,2,1993,Monday,False
19930406,1993-04-06,6,4,April,2,1993,Tuesday,False
19930407,1993-04-07,7,4,April,2,1993,Wednesday,False
19930408,1993-04-08,8,4,April,2,1993,Thursday,False
19930409,1993-04-09,9,4,April,2,1993,Friday,False
19930410,1993-04-10,10,4,April,2,1993,Saturday,True
19930411,1993-04-11,11,4,April,2,1993,Sunday,True
19930412,1993-04-12,12,4,April,2,1993,Monday,False
19930413,1993-04-13,13,4,April,2,1993,Tuesday,False
19930414,1993-04-14,14,4,April,2,1993,Wednesday,False
19930415,1993-04-15,15,4,April,2,1993,Thursday,False
19930416,1993-04-16,16,4,April,2,1993,Friday,False
19930417,1993-04-17,17,4,April,2,1993,Saturday,True
19930418,1993-04-18,18,4,April,2,1993,Sunday,True
19930419,1993-04-19,19,4,April,2,1993,Monday,False
19930420,1993-04-20,20,4,April,2,1993,Tuesday,False
19930421,1993-04-21,21,4,April,2,1993,Wednesday,False
19930422,1993-04-22,22,4,April,2,1993,Thursday,False
19930423,1993-04-23,23,4,April,2,1993,Friday,False
19930424,1993-04-24,24,4,April,2,1993,Saturday,True
19930425,1993-04-25,25,4,April,2,1993,Sunday,True
19930426,1993-04-26,26,4,April,2,1993,Monday,False
19930427,1993-04-27,27,4,April,2,1993,Tuesday,False
19930428,1993-04-28,28,4,April,2,1993,Wednesday,False
19930429,1993-04-29,29,4,April,2,1993,Thursday,False
19930430,1993-04-30,30,4,April,2,1993,Friday,False
19930501,1993-05-01,1,5,May,2,1993,Saturday,True
19930502,1993-05-02,2,5,May,2,1993,Sunday,True
19930503,1993-05-03,3,5,May,2,1993,Monday,False
19930504,1993-05-04,4,5,May,2,1993,Tuesday,False
19930505,1993-05-05,5,5,May,2,1993,Wednesday,False
19930506,1993-05-06,6,5,May,2,1993,Thursday,False
19930507,1993-05-07,7,5,May,2,1993,Friday,False
19930508,1993-05-08,8,5,May,2,1993,Saturday,True
19930509,1993-05-09,9,5,May,2,1993,Sunday,True
19930510,1993-05-10,10,5,May,2,1993,Monday,False
19930511,1993-05-11,11,5,May,2,1993,Tuesday,False
19930512,1993-05-12,12,5,May,2,1993,Wednesday,False
19930513,1993-05-13,13,5,May,2,1993,Thursday,False
19930514,1993-05-14,14,5,May,2,1993,Friday,False
19930515,1993-05-15,15,5,May,2,1993,Saturday,True
19930516,1993-05-16,16,5,May,2,1993,Sunday,True
19930517,1993-05-17,17,5,May,2,1993,Monday,False
19930518,1993-05-18,18,5,May,2,1993,Tuesday,False
19930519,1993-05-19,19,5,May,2,1993,Wednesday,False
19930520,1993-05-20,20,5,May,2,1993,Thursday,False
19930521,1993-05-21,21,5,May,2,1993,Friday,False
19930522,1993-05-22,22,5,May,2,1993,Saturday,True
19930523,1993-05-23,23,5,May,2,1993,Sunday,True
19930524,1993-05-24,24,5,May,2,1993,Monday,False
19930525,1993-05-25,25,5,May,2,1993,Tuesday,False
19930526,1993-05-26,26,5,May,2,1993,Wednesday,False
19930527,1993-05-27,27,5,May,2,1993,Thursday,False
19930528,1993-05-28,28,5,May,2,1993,Friday,False
19930529,1993-05-29,29,5,May,2,1993,Saturday,True
19930530,1993-05-30,30,5,May,2,1993,Sunday,True
19930531,1993-05-31,31,5,May,2,1993,Monday,False
19930601,1993-06-01,1,6,June,2,1993,Tuesday,False
19930602,1993-06-02,2,6,June,2,1993,Wednesday,False
19930603,1993-06-03,3,6,June,2,1993,Thursday,False
19930604,1993-06-04,4,6,June,2,1993,Friday,False
19930605,1993-06-05,5,6,June,2,1993,Saturday,True
19930606,1993-06-06,6,6,June,2,1993,Sunday,True
19930607,1993-06-07,7,6,June,2,1993,Monday,False
19930608,1993-06-08,8,6,June,2,1993,Tuesday,False
19930609,1993-06-09,9,6,June,2,1993,Wednesday,False
19930610,1993-06-10,10,6,June,2,1993,Thursday,False
19930611,1993-06-11,11,6,June,2,1993,Friday,False
19930612,1993-06-12,12,6,June,2,1993,Saturday,True
19930613,1993-06-13,13,6,June,2,1993,Sunday,True
19930614,1993-06-14,14,6,June,2,1993,Monday,False
19930615,1993-06-15,15,6,June,2,1993,Tuesday,False
19930616,1993-06-16,16,6,June,2,1993,Wednesday,False
19930617,1993-06-17,17,6,June,2,1993,Thursday,False
19930618,1993-06-18,18,6,June,2,1993,Friday,False
19930619,1993-06-19,19,6,June,2,1993,Saturday,True
19930620,1993-06-20,20,6,June,2,1993,Sunday,True
19930621,1993-06-21,21,6,June,2,1993,Monday,False
19930622,1993-06-22,22,6,June,2,1993,Tuesday,False
19930623,1993-06-23,23,6,June,2,1993,Wednesday,False
19930624,1993-06-24,24,6,June,2,1993,Thursday,False
19930625,1993-06-25,25,6,June,2,1993,Friday,False
19930626,1993-06-26,26,6,June,2,1993,Saturday,True
19930627,1993-06-27,27,6,June,2,1993,Sunday,True
19930628,1993-06-28,28,6,June,2,1993,Monday,False
19930629,1993-06-29,29,6,June,2,1993,Tuesday,False
19930630,1993-06-30,30,6,June,2,1993,Wednesday,False
19930701,1993-07-01,1,7,July,3,1993,Thursday,False
19930702,1993-07-02,2,7,July,3,1993,Friday,False
19930703,1993-07-03,3,7,July,3,1993,Saturday,True
19930704,1993-07-04,4,7,July,3,1993,Sunday,True
19930705,1993-07-05,5,7,July,3,1993,Monday,False
19930706,1993-07-06,6,7,July,3,1993,Tuesday,False
19930707,1993-07-07,7,7,July,3,1993,Wednesday,False
19930708,1993-07-08,8,7,July,3,1993,Thursday,False
19930709,1993-07-09,9,7,July,3,1993,Friday,False
19930710,1993-07-10,10,7,July,3,1993,Saturday,True
19930711,1993-07-11,11,7,July,3,1993,Sunday,True
19930712,1993-07-12,12,7,July,3,1993,Monday,False
19930713,1993-07-13,13,7,July,3,1993,Tuesday,False
19930714,1993-07-14,14,7,July,3,1993,Wednesday,False
19930715,1993-07-15,15,7,July,3,1993,Thursday,False
19930716,1993-07-16,16,7,July,3,1993,Friday,False
19930717,1993-07-17,17,7,July,3,1993,Saturday,True
19930718,1993-07-18,18,7,July,3,1993,Sunday,True
19930719,1993-07-19,19,7,July,3,1993,Monday,False
19930720,1993-07-20,20,7,July,3,1993,Tuesday,False
19930721,1993-07-21,21,7,July,3,1993,Wednesday,False
19930722,1993-07-22,22,7,July,3,1993,Thursday,False
19930723,1993-07-23,23,7,July,3,1993,Friday,False
19930724,1993-07-24,24,7,July,3,1993,Saturday,True
19930725,1993-07-25,25,7,July,3,1993,Sunday,True
19930726,1993-07-26,26,7,July,3,1993,Monday,False
19930727,1993-07-27,27,7,July,3,1993,Tuesday,False
19930728,1993-07-28,28,7,July,3,1993,Wednesday,False
19930729,1993-07-29,29,7,July,3,1993,Thursday,False
19930730,1993-07-30,30,7,July,3,1993,Friday,False
19930731,1993-07-31,31,7,July,3,1993,Saturday,True
19930801,1993-08-01,1,8,August,3,1993,Sunday,True
19930802,1993-08-02,2,8,August,3,1993,Monday,False
19930803,1993-08-03,3,8,August,3,1993,Tuesday,False
19930804,1993-08-04,4,8,August,3,1993,Wednesday,False
19930805,1993-08-05,5,8,August,3,1993,Thursday,False
19930806,1993-08-06,6,8,August,3,1993,Friday,False
19930807,1993-08-07,7,8,August,3,1993,Saturday,True
19930808,1993-08-08,8,8,August,3,1993,Sunday,True
19930809,1993-08-09,9,8,August,3,1993,Monday,False
19930810,1993-08-10,10,8,August,3,1993,Tuesday,False
19930811,1993-08-11,11,8,August,3,1993,Wednesday,False
19930812,1993-08-12,12,8,August,3,1993,Thursday,False
19930813,1993-08-13,13,8,August,3,1993,Friday,False
19930814,1993-08-14,14,8,August,3,1993,Saturday,True
19930815,1993-08-15,15,8,August,3,1993,Sunday,True
19930816,1993-08-16,16,8,August,3,1993,Monday,False
19930817,1993-08-17,17,8,August,3,1993,Tuesday,False
19930818,1993-08-18,18,8,August,3,1993,Wednesday,False
19930819,1993-08-19,19,8,August,3,1993,Thursday,False
19930820,1993-08-20,20,8,August,3,1993,Friday,False
19930821,1993-08-21,21,8,August,3,1993,Saturday,True
19930822,1993-08-22,22,8,August,3,1993,Sunday,True
19930823,1993-08-23,23,8,August,3,1993,Monday,False
19930824,1993-08-24,24,8,August,3,1993,Tuesday,False
19930825,1993-08-25,25,8,August,3,1993,Wednesday,False
19930826,1993-08-26,26,8,August,3,1993,Thursday,False
19930827,1993-08-27,27,8,August,3,1993,Friday,False
19930828,1993-08-28,28,8,August,3,1993,Saturday,True
19930829,1993-08-29,29,8,August,3,1993,Sunday,True
19930830,1993-08-30,30,8,August,3,1993,Monday,False
19930831,1993-08-31,31,8,August,3,1993,Tuesday,False
19930901,1993-09-01,1,9,September,3,1993,Wednesday,False
19930902,1993-09-02,2,9,September,3,1993,Thursday,False
19930903,1993-09-03,3,9,September,3,1993,Friday,False
19930904,1993-09-04,4,9,September,3,1993,Saturday,True
19930905,1993-09-05,5,9,September,3,1993,Sunday,True
19930906,1993-09-06,6,9,September,3,1993,Monday,False
19930907,1993-09-07,7,9,September,3,1993,Tuesday,False
19930908,1993-09-08,8,9,September,3,1993,Wednesday,False
19930909,1993-09-09,9,9,September,3,1993,Thursday,False
19930910,1993-09-10,10,9,September,3,1993,Friday,False
19930911,1993-09-11,11,9,September,3,1993,Saturday,True
19930912,1993-09-12,12,9,September,3,1993,Sunday,True
19930913,1993-09-13,13,9,September,3,1993,Monday,False
19930914,1993-09-14,14,9,September,3,1993,Tuesday,False
19930915,1993-09-15,15,9,September,3,1993,Wednesday,False
19930916,1993-09-16,16,9,September,3,1993,Thursday,False
19930917,1993-09-17,17,9,September,3,1993,Friday,False
19930918,1993-09-18,18,9,September,3,1993,Saturday,True
19930919,1993-09-19,19,9,September,3,1993,Sunday,True
19930920,1993-09-20,20,9,September,3,1993,Monday,False
19930921,1993-09-21,21,9,September,3,1993,Tuesday,False
19930922,1993-09-22,22,9,September,3,1993,Wednesday,False
19930923,1993-09-23,23,9,September,3,1993,Thursday,False
19930924,1993-09-24,24,9,September,3,1993,Friday,False
19930925,1993-09-25,25,9,September,3,1993,Saturday,True
19930926,1993-09-26,26,9,September,3,1993,Sunday,True
19930927,1993-09-27,27,9,September,3,1993,Monday,False
19930928,1993-09-28,28,9,September,3,1993,Tuesday,False
19930929,1993-09-29,29,9,September,3,1993,Wednesday,False
19930930,1993-09-30,30,9,September,3,1993,Thursday,False
19931001,1993-10-01,1,10,October,4,1993,Friday,False
19931002,1993-10-02,2,10,October,4,1993,Saturday,True
19931003,1993-10-03,3,10,October,4,1993,Sunday,True
19931004,1993-10-04,4,10,October,4,1993,Monday,False
19931005,1993-10-05,5,10,October,4,1993,Tuesday,False
19931006,1993-10-06,6,10,October,4,1993,Wednesday,False
19931007,1993-10-07,7,10,October,4,1993,Thursday,False
19931008,1993-10-08,8,10,October,4,1993,Friday,False
19931009,1993-10-09,9,10,October,4,1993,Saturday,True
19931010,1993-10-10,10,10,October,4,1993,Sunday,True
19931011,1993-10-11,11,10,October,4,1993,Monday,False
19931012,1993-10-12,12,10,October,4,1993,Tuesday,False
19931013,1993-10-13,13,10,October,4,1993,Wednesday,False
19931014,1993-10-14,14,10,October,4,1993,Thursday,False
19931015,1993-10-15,15,10,October,4,1993,Friday,False
19931016,1993-10-16,16,10,October,4,1993,Saturday,True
19931017,1993-10-17,17,10,October,4,1993,Sunday,True
19931018,1993-10-18,18,10,October,4,1993,Monday,False
19931019,1993-10-19,19,10,October,4,1993,Tuesday,False
19931020,1993-10-20,20,10,October,4,1993,Wednesday,False
19931021,1993-10-21,21,10,October,4,1993,Thursday,False
19931022,1993-10-22,22,10,October,4,1993,Friday,False
19931023,1993-10-23,23,10,October,4,1993,Saturday,True
19931024,1993-10-24,24,10,October,4,1993,Sunday,True
19931025,1993-10-25,25,10,October,4,1993,Monday,False
19931026,1993-10-26,26,10,October,4,1993,Tuesday,False
19931027,1993-10-27,27,10,October,4,1993,Wednesday,False
19931028,1993-10-28,28,10,October,4,1993,Thursday,False
19931029,1993-10-29,29,10,October,4,1993,Friday,False
19931030,1993-10-30,30,10,October,4,1993,Saturday,True
19931031,1993-10-31,31,10,October,4,1993,Sunday,True
19931101,1993-11-01,1,11,November,4,1993,Monday,False
19931102,1993-11-02,2,11,November,4,1993,Tuesday,False
19931103,1993-11-03,3,11,November,4,1993,Wednesday,False
19931104,1993-11-04,4,11,November,4,1993,Thursday,False
19931105,1993-11-05,5,11,November,4,1993,Friday,False
19931106,1993-11-06,6,11,November,4,1993,Saturday,True
19931107,1993-11-07,7,11,November,4,1993,Sunday,True
19931108,1993-11-08,8,11,November,4,1993,Monday,False
19931109,1993-11-09,9,11,November,4,1993,Tuesday,False
19931110,1993-11-10,10,11,November,4,1993,Wednesday,False
19931111,1993-11-11,11,11,November,4,1993,Thursday,False
19931112,1993-11-12,12,11,November,4,1993,Friday,False
19931113,1993-11-13,13,11,November,4,1993,Saturday,True
19931114,1993-11-14,14,11,November,4,1993,Sunday,True
19931115,1993-11-15,15,11,November,4,1993,Monday,False
19931116,1993-11-16,16,11,November,4,1993,Tuesday,False
19931117,1993-11-17,17,11,November,4,1993,Wednesday,False
19931118,1993-11-18,18,11,November,4,1993,Thursday,False
19931119,1993-11-19,19,11,November,4,1993,Friday,False
19931120,1993-11-20,20,11,November,4,1993,Saturday,True
19931121,1993-11-21,21,11,November,4,1993,Sunday,True
19931122,1993-11-22,22,11,November,4,1993,Monday,False
19931123,1993-11-23,23,11,November,4,1993,Tuesday,False
19931124,1993-11-24,24,11,November,4,1993,Wednesday,False
19931125,1993-11-25,25,11,November,4,1993,Thursday,False
19931126,1993-11-26,26,11,November,4,1993,Friday,False
19931127,1993-11-27,27,11,November,4,1993,Saturday,True
19931128,1993-11-28,28,11,November,4,1993,Sunday,True
19931129,1993-11-29,29,11,November,4,1993,Monday,False
19931130,1993-11-30,30,11,November,4,1993,Tuesday,False
19931201,1993-12-01,1,12,December,4,1993,Wednesday,False
19931202,1993-12-02,2,12,December,4,1993,Thursday,False
19931203,1993-12-03,3,12,December,4,1993,Friday,False
19931204,1993-12-04,4,12,December,4,1993,Saturday,True
19931205,1993-12-05,5,12,December,4,1993,Sunday,True
19931206,1993-12-06,6,12,December,4,1993,Monday,False
19931207,1993-12-07,7,12,December,4,1993,Tuesday,False
19931208,1993-12-08,8,12,December,4,1993,Wednesday,False
19931209,1993-12-09,9,12,December,4,1993,Thursday,False
19931210,1993-12-10,10,12,December,4,1993,Friday,False
19931211,1993-12-11,11,12,December,4,1993,Saturday,True
19931212,1993-12-12,12,12,December,4,1993,Sunday,True
19931213,1993-12-13,13,12,December,4,1993,Monday,False
19931214,1993-12-14,14,12,December,4,1993,Tuesday,False
19931215,1993-12-15,15,12,December,4,1993,Wednesday,False
19931216,1993-12-16,16,12,December,4,1993,Thursday,False
19931217,1993-12-17,17,12,December,4,1993,Friday,False
19931218,1993-12-18,18,12,December,4,1993,Saturday,True
19931219,1993-12-19,19,12,December,4,1993,Sunday,True
19931220,1993-12-20,20,12,December,4,1993,Monday,False
19931221,1993-12-21,21,12,December,4,1993,Tuesday,False
19931222,1993-12-22,22,12,December,4,1993,Wednesday,False
19931223,1993-12-23,23,12,December,4,1993,Thursday,False
19931224,1993-12-24,24,12,December,4,1993,Friday,False
19931225,1993-12-25,25,12,December,4,1993,Saturday,True
19931226,1993-12-26,26,12,December,4,1993,Sunday,True
19931227,1993-12-27,27,12,December,4,1993,Monday,False
19931228,1993-12-28,28,12,December,4,1993,Tuesday,False
19931229,1993-12-29,29,12,December,4,1993,Wednesday,False
19931230,1993-12-30,30,12,December,4,1993,Thursday,False
19931231,1993-12-31,31,12,December,4,1993,Friday,False
19940101,1994-01-01,1,1,January,1,1994,Saturday,True
19940102,1994-01-02,2,1,January,1,1994,Sunday,True
19940103,1994-01-03,3,1,January,1,1994,Monday,False
19940104,1994-01-04,4,1,January,1,1994,Tuesday,False
19940105,1994-01-05,5,1,January,1,1994,Wednesday,False
19940106,1994-01-06,6,1,January,1,1994,Thursday,False
19940107,1994-01-07,7,1,January,1,1994,Friday,False
19940108,1994-01-08,8,1,January,1,1994,Saturday,True
19940109,1994-01-09,9,1,January,1,1994,Sunday,True
19940110,1994-01-10,10,1,January,1,1994,Monday,False
19940111,1994-01-11,11,1,January,1,1994,Tuesday,False
19940112,1994-01-12,12,1,January,1,1994,Wednesday,False
19940113,1994-01-13,13,1,January,1,1994,Thursday,False
19940114,1994-01-14,14,1,January,1,1994,Friday,False
19940115,1994-01-15,15,1,January,1,1994,Saturday,True
19940116,1994-01-16,16,1,January,1,1994,Sunday,True
19940117,1994-01-17,17,1,January,1,1994,Monday,False
19940118,1994-01-18,18,1,January,1,1994,Tuesday,False
19940119,1994-01-19,19,1,January,1,1994,Wednesday,False
19940120,1994-01-20,20,1,January,1,1994,Thursday,False
19940121,1994-01-21,21,1,January,1,1994,Friday,False
19940122,1994-01-22,22,1,January,1,1994,Saturday,True
19940123,1994-01-23,23,1,January,1,1994,Sunday,True
19940124,1994-01-24,24,1,January,1,1994,Monday,False
19940125,1994-01-25,25,1,January,1,1994,Tuesday,False
19940126,1994-01-26,26,1,January,1,1994,Wednesday,False
19940127,1994-01-27,27,1,January,1,1994,Thursday,False
19940128,1994-01-28,28,1,January,1,1994,Friday,False
19940129,1994-01-29,29,1,January,1,1994,Saturday,True
19940130,1994-01-30,30,1,January,1,1994,Sunday,True
19940131,1994-01-31,31,1,January,1,1994,Monday,False
19940201,1994-02-01,1,2,February,1,1994,Tuesday,False
19940202,1994-02-02,2,2,February,1,1994,Wednesday,False
19940203,1994-02-03,3,2,February,1,1994,Thursday,False
19940204,1994-02-04,4,2,February,1,1994,Friday,False
19940205,1994-02-05,5,2,February,1,1994,Saturday,True
19940206,1994-02-06,6,2,February,1,1994,Sunday,True
19940207,1994-02-07,7,2,February,1,1994,Monday,False
19940208,1994-02-08,8,2,February,1,1994,Tuesday,False
19940209,1994-02-09,9,2,February,1,1994,Wednesday,False
19940210,1994-02-10,10,2,February,1,1994,Thursday,False
19940211,1994-02-11,11,2,February,1,1994,Friday,False
19940212,1994-02-12,12,2,February,1,1994,Saturday,True
19940213,1994-02-13,13,2,February,1,1994,Sunday,True
19940214,1994-02-14,14,2,February,1,1994,Monday,False
19940215,1994-02-15,15,2,February,1,1994,Tuesday,False
19940216,1994-02-16,16,2,February,1,1994,Wednesday,False
19940217,1994-02-17,17,2,February,1,1994,Thursday,False
19940218,1994-02-18,18,2,February,1,1994,Friday,False
19940219,1994-02-19,19,2,February,1,1994,Saturday,True
19940220,1994-02-20,20,2,February,1,1994,Sunday,True
19940221,1994-02-21,21,2,February,1,1994,Monday,False
19940222,1994-02-22,22,2,February,1,1994,Tuesday,False
19940223,1994-02-23,23,2,February,1,1994,Wednesday,False
19940224,1994-02-24,24,2,February,1,1994,Thursday,False
19940225,1994-02-25,25,2,February,1,1994,Friday,False
19940226,1994-02-26,26,2,February,1,1994,Saturday,True
19940227,1994-02-27,27,2,February,1,1994,Sunday,True
19940228,1994-02-28,28,2,February,1,1994,Monday,False
19940301,1994-03-01,1,3,March,1,1994,Tuesday,False
19940302,1994-03-02,2,3,March,1,1994,Wednesday,False
19940303,1994-03-03,3,3,March,1,1994,Thursday,False
19940304,1994-03-04,4,3,March,1,1994,Friday,False
19940305,1994-03-05,5,3,March,1,1994,Saturday,True
19940306,1994-03-06,6,3,March,1,1994,Sunday,True
19940307,1994-03-07,7,3,March,1,1994,Monday,False
19940308,1994-03-08,8,3,March,1,1994,Tuesday,False
19940309,1994-03-09,9,3,March,1,1994,Wednesday,False
19940310,1994-03-10,10,3,March,1,1994,Thursday,False
19940311,1994-03-11,11,3,March,1,1994,Friday,False
19940312,1994-03-12,12,3,March,1,1994,Saturday,True
19940313,1994-03-13,13,3,March,1,1994,Sunday,True
19940314,1994-03-14,14,3,March,1,1994,Monday,False
19940315,1994-03-15,15,3,March,1,1994,Tuesday,False
19940316,1994-03-16,16,3,March,1,1994,Wednesday,False
19940317,1994-03-17,17,3,March,1,1994,Thursday,False
19940318,1994-03-18,18,3,March,1,1994,Friday,False
19940319,1994-03-19,19,3,March,1,1994,Saturday,True
19940320,1994-03-20,20,3,March,1,1994,Sunday,True
19940321,1994-03-21,21,3,March,1,1994,Monday,False
19940322,1994-03-22,22,3,March,1,1994,Tuesday,False
19940323,1994-03-23,23,3,March,1,1994,Wednesday,False
19940324,1994-03-24,24,3,March,1,1994,Thursday,False
19940325,1994-03-25,25,3,March,1,1994,Friday,False
19940326,1994-03-26,26,3,March,1,1994,Saturday,True
19940327,1994-03-27,27,3,March,1,1994,Sunday,True
19940328,1994-03-28,28,3,March,1,1994,Monday,False
19940329,1994-03-29,29,3,March,1,1994,Tuesday,False
19940330,1994-03-30,30,3,March,1,1994,Wednesday,False
19940331,1994-03-31,31,3,March,1,1994,Thursday,False
19940401,1994-04-01,1,4,April,2,1994,Friday,False
19940402,1994-04-02,2,4,April,2,1994,Saturday,True
19940403,1994-04-03,3,4,April,2,1994,Sunday,True
19940404,1994-04-04,4,4,April,2,1994,Monday,False
19940405,1994-04-05,5,4,April,2,1994,Tuesday,False
19940406,1994-04-06,6,4,April,2,1994,Wednesday,False
19940407,1994-04-07,7,4,April,2,1994,Thursday,False
19940408,1994-04-08,8,4,April,2,1994,Friday,False
19940409,1994-04-09,9,4,April,2,1994,Saturday,True
19940410,1994-04-10,10,4,April,2,1994,Sunday,True
19940411,1994-04-11,11,4,April,2,1994,Monday,False
19940412,1994-04-12,12,4,April,2,1994,Tuesday,False
19940413,1994-04-13,13,4,April,2,1994,Wednesday,False
19940414,1994-04-14,14,4,April,2,1994,Thursday,False
19940415,1994-04-15,15,4,April,2,1994,Friday,False
19940416,1994-04-16,16,4,April,2,1994,Saturday,True
19940417,1994-04-17,17,4,April,2,1994,Sunday,True
19940418,1994-04-18,18,4,April,2,1994,Monday,False
19940419,1994-04-19,19,4,April,2,1994,Tuesday,False
19940420,1994-04-20,20,4,April,2,1994,Wednesday,False
19940421,1994-04-21,21,4,April,2,1994,Thursday,False
19940422,1994-04-22,22,4,April,2,1994,Friday,False
19940423,1994-04-23,23,4,April,2,1994,Saturday,True
19940424,1994-04-24,24,4,April,2,1994,Sunday,True
19940425,1994-04-25,25,4,April,2,1994,Monday,False
19940426,1994-04-26,26,4,April,2,1994,Tuesday,False
19940427,1994-04-27,27,4,April,2,1994,Wednesday,False
19940428,1994-04-28,28,4,April,2,1994,Thursday,False
19940429,1994-04-29,29,4,April,2,1994,Friday,False
19940430,1994-04-30,30,4,April,2,1994,Saturday,True
19940501,1994-05-01,1,5,May,2,1994,Sunday,True
19940502,1994-05-02,2,5,May,2,1994,Monday,False
19940503,1994-05-03,3,5,May,2,1994,Tuesday,False
19940504,1994-05-04,4,5,May,2,1994,Wednesday,False
19940505,1994-05-05,5,5,May,2,1994,Thursday,False
19940506,1994-05-06,6,5,May,2,1994,Friday,False
19940507,1994-05-07,7,5,May,2,1994,Saturday,True
19940508,1994-05-08,8,5,May,2,1994,Sunday,True
19940509,1994-05-09,9,5,May,2,1994,Monday,False
19940510,1994-05-10,10,5,May,2,1994,Tuesday,False
19940511,1994-05-11,11,5,May,2,1994,Wednesday,False
19940512,1994-05-12,12,5,May,2,1994,Thursday,False
19940513,1994-05-13,13,5,May,2,1994,Friday,False
19940514,1994-05-14,14,5,May,2,1994,Saturday,True
19940515,1994-05-15,15,5,May,2,1994,Sunday,True
19940516,1994-05-16,16,5,May,2,1994,Monday,False
19940517,1994-05-17,17,5,May,2,1994,Tuesday,False
19940518,1994-05-18,18,5,May,2,1994,Wednesday,False
19940519,1994-05-19,19,5,May,2,1994,Thursday,False
19940520,1994-05-20,20,5,May,2,1994,Friday,False
19940521,1994-05-21,21,5,May,2,1994,Saturday,True
19940522,1994-05-22,22,5,May,2,1994,Sunday,True
19940523,1994-05-23,23,5,May,2,1994,Monday,False
19940524,1994-05-24,24,5,May,2,1994,Tuesday,False
19940525,1994-05-25,25,5,May,2,1994,Wednesday,False
19940526,1994-05-26,26,5,May,2,1994,Thursday,False
19940527,1994-05-27,27,5,May,2,1994,Friday,False
19940528,1994-05-28,28,5,May,2,1994,Saturday,True
19940529,1994-05-29,29,5,May,2,1994,Sunday,True
19940530,1994-05-30,30,5,May,2,1994,Monday,False
19940531,1994-05-31,31,5,May,2,1994,Tuesday,False
19940601,1994-06-01,1,6,June,2,1994,Wednesday,False
19940602,1994-06-02,2,6,June,2,1994,Thursday,False
19940603,1994-06-03,3,6,June,2,1994,Friday,False
19940604,1994-06-04,4,6,June,2,1994,Saturday,True
19940605,1994-06-05,5,6,June,2,1994,Sunday,True
19940606,1994-06-06,6,6,June,2,1994,Monday,False
19940607,1994-06-07,7,6,June,2,1994,Tuesday,False
19940608,1994-06-08,8,6,June,2,1994,Wednesday,False
19940609,1994-06-09,9,6,June,2,1994,Thursday,False
19940610,1994-06-10,10,6,June,2,1994,Friday,False
19940611,1994-06-11,11,6,June,2,1994,Saturday,True
19940612,1994-06-12,12,6,June,2,1994,Sunday,True
19940613,1994-06-13,13,6,June,2,1994,Monday,False
19940614,1994-06-14,14,6,June,2,1994,Tuesday,False
19940615,1994-06-15,15,6,June,2,1994,Wednesday,False
19940616,1994-06-16,16,6,June,2,1994,Thursday,False
19940617,1994-06-17,17,6,June,2,1994,Friday,False
19940618,1994-06-18,18,6,June,2,1994,Saturday,True
19940619,1994-06-19,19,6,June,2,1994,Sunday,True
19940620,1994-06-20,20,6,June,2,1994,Monday,False
19940621,1994-06-21,21,6,June,2,1994,Tuesday,False
19940622,1994-06-22,22,6,June,2,1994,Wednesday,False
19940623,1994-06-23,23,6,June,2,1994,Thursday,False
19940624,1994-06-24,24,6,June,2,1994,Friday,False
19940625,1994-06-25,25,6,June,2,1994,Saturday,True
19940626,1994-06-26,26,6,June,2,1994,Sunday,True
19940627,1994-06-27,27,6,June,2,1994,Monday,False
19940628,1994-06-28,28,6,June,2,1994,Tuesday,False
19940629,1994-06-29,29,6,June,2,1994,Wednesday,False
19940630,1994-06-30,30,6,June,2,1994,Thursday,False
19940701,1994-07-01,1,7,July,3,1994,Friday,False
19940702,1994-07-02,2,7,July,3,1994,Saturday,True
19940703,1994-07-03,3,7,July,3,1994,Sunday,True
19940704,1994-07-04,4,7,July,3,1994,Monday,False
19940705,1994-07-05,5,7,July,3,1994,Tuesday,False
19940706,1994-07-06,6,7,July,3,1994,Wednesday,False
19940707,1994-07-07,7,7,July,3,1994,Thursday,False
19940708,1994-07-08,8,7,July,3,1994,Friday,False
19940709,1994-07-09,9,7,July,3,1994,Saturday,True
19940710,1994-07-10,10,7,July,3,1994,Sunday,True
19940711,1994-07-11,11,7,July,3,1994,Monday,False
19940712,1994-07-12,12,7,July,3,1994,Tuesday,False
19940713,1994-07-13,13,7,July,3,1994,Wednesday,False
19940714,1994-07-14,14,7,July,3,1994,Thursday,False
19940715,1994-07-15,15,7,July,3,1994,Friday,False
19940716,1994-07-16,16,7,July,3,1994,Saturday,True
19940717,1994-07-17,17,7,July,3,1994,Sunday,True
19940718,1994-07-18,18,7,July,3,1994,Monday,False
19940719,1994-07-19,19,7,July,3,1994,Tuesday,False
19940720,1994-07-20,20,7,July,3,1994,Wednesday,False
19940721,1994-07-21,21,7,July,3,1994,Thursday,False
19940722,1994-07-22,22,7,July,3,1994,Friday,False
19940723,1994-07-23,23,7,July,3,1994,Saturday,True
19940724,1994-07-24,24,7,July,3,1994,Sunday,True
19940725,1994-07-25,25,7,July,3,1994,Monday,False
19940726,1994-07-26,26,7,July,3,1994,Tuesday,False
19940727,1994-07-27,27,7,July,3,1994,Wednesday,False
19940728,1994-07-28,28,7,July,3,1994,Thursday,False
19940729,1994-07-29,29,7,July,3,1994,Friday,False
19940730,1994-07-30,30,7,July,3,1994,Saturday,True
19940731,1994-07-31,31,7,July,3,1994,Sunday,True
19940801,1994-08-01,1,8,August,3,1994,Monday,False
19940802,1994-08-02,2,8,August,3,1994,Tuesday,False
19940803,1994-08-03,3,8,August,3,1994,Wednesday,False
19940804,1994-08-04,4,8,August,3,1994,Thursday,False
19940805,1994-08-05,5,8,August,3,1994,Friday,False
19940806,1994-08-06,6,8,August,3,1994,Saturday,True
19940807,1994-08-07,7,8,August,3,1994,Sunday,True
19940808,1994-08-08,8,8,August,3,1994,Monday,False
19940809,1994-08-09,9,8,August,3,1994,Tuesday,False
19940810,1994-08-10,10,8,August,3,1994,Wednesday,False
19940811,1994-08-11,11,8,August,3,1994,Thursday,False
19940812,1994-08-12,12,8,August,3,1994,Friday,False
19940813,1994-08-13,13,8,August,3,1994,Saturday,True
19940814,1994-08-14,14,8,August,3,1994,Sunday,True
19940815,1994-08-15,15,8,August,3,1994,Monday,False
19940816,1994-08-16,16,8,August,3,1994,Tuesday,False
19940817,1994-08-17,17,8,August,3,1994,Wednesday,False
19940818,1994-08-18,18,8,August,3,1994,Thursday,False
19940819,1994-08-19,19,8,August,3,1994,Friday,False
19940820,1994-08-20,20,8,August,3,1994,Saturday,True
19940821,1994-08-21,21,8,August,3,1994,Sunday,True
19940822,1994-08-22,22,8,August,3,1994,Monday,False
19940823,1994-08-23,23,8,August,3,1994,Tuesday,False
19940824,1994-08-24,24,8,August,3,1994,Wednesday,False
19940825,1994-08-25,25,8,August,3,1994,Thursday,False
19940826,1994-08-26,26,8,August,3,1994,Friday,False
19940827,1994-08-27,27,8,August,3,1994,Saturday,True
19940828,1994-08-28,28,8,August,3,1994,Sunday,True
19940829,1994-08-29,29,8,August,3,1994,Monday,False
19940830,1994-08-30,30,8,August,3,1994,Tuesday,False
19940831,1994-08-31,31,8,August,3,1994,Wednesday,False
19940901,1994-09-01,1,9,September,3,1994,Thursday,False
19940902,1994-09-02,2,9,September,3,1994,Friday,False
19940903,1994-09-03,3,9,September,3,1994,Saturday,True
19940904,1994-09-04,4,9,September,3,1994,Sunday,True
19940905,1994-09-05,5,9,September,3,1994,Monday,False
19940906,1994-09-06,6,9,September,3,1994,Tuesday,False
19940907,1994-09-07,7,9,September,3,1994,Wednesday,False
19940908,1994-09-08,8,9,September,3,1994,Thursday,False
19940909,1994-09-09,9,9,September,3,1994,Friday,False
19940910,1994-09-10,10,9,September,3,1994,Saturday,True
19940911,1994-09-11,11,9,September,3,1994,Sunday,True
19940912,1994-09-12,12,9,September,3,1994,Monday,False
19940913,1994-09-13,13,9,September,3,1994,Tuesday,False
19940914,1994-09-14,14,9,September,3,1994,Wednesday,False
19940915,1994-09-15,15,9,September,3,1994,Thursday,False
19940916,1994-09-16,16,9,September,3,1994,Friday,False
19940917,1994-09-17,17,9,September,3,1994,Saturday,True
19940918,1994-09-18,18,9,September,3,1994,Sunday,True
19940919,1994-09-19,19,9,September,3,1994,Monday,False
19940920,1994-09-20,20,9,September,3,1994,Tuesday,False
19940921,1994-09-21,21,9,September,3,1994,Wednesday,False
19940922,1994-09-22,22,9,September,3,1994,Thursday,False
19940923,1994-09-23,23,9,September,3,1994,Friday,False
19940924,1994-09-24,24,9,September,3,1994,Saturday,True
19940925,1994-09-25,25,9,September,3,1994,Sunday,True
19940926,1994-09-26,26,9,September,3,1994,Monday,False
19940927,1994-09-27,27,9,September,3,1994,Tuesday,False
19940928,1994-09-28,28,9,September,3,1994,Wednesday,False
19940929,1994-09-29,29,9,September,3,1994,Thursday,False
19940930,1994-09-30,30,9,September,3,1994,Friday,False
19941001,1994-10-01,1,10,October,4,1994,Saturday,True
19941002,1994-10-02,2,10,October,4,1994,Sunday,True
19941003,1994-10-03,3,10,October,4,1994,Monday,False
19941004,1994-10-04,4,10,October,4,1994,Tuesday,False
19941005,1994-10-05,5,10,October,4,1994,Wednesday,False
19941006,1994-10-06,6,10,October,4,1994,Thursday,False
19941007,1994-10-07,7,10,October,4,1994,Friday,False
19941008,1994-10-08,8,10,October,4,1994,Saturday,True
19941009,1994-10-09,9,10,October,4,1994,Sunday,True
19941010,1994-10-10,10,10,October,4,1994,Monday,False
19941011,1994-10-11,11,10,October,4,1994,Tuesday,False
19941012,1994-10-12,12,10,October,4,1994,Wednesday,False
19941013,1994-10-13,13,10,October,4,1994,Thursday,False
19941014,1994-10-14,14,10,October,4,1994,Friday,False
19941015,1994-10-15,15,10,October,4,1994,Saturday,True
19941016,1994-10-16,16,10,October,4,1994,Sunday,True
19941017,1994-10-17,17,10,October,4,1994,Monday,False
19941018,1994-10-18,18,10,October,4,1994,Tuesday,False
19941019,1994-10-19,19,10,October,4,1994,Wednesday,False
19941020,1994-10-20,20,10,October,4,1994,Thursday,False
19941021,1994-10-21,21,10,October,4,1994,Friday,False
19941022,1994-10-22,22,10,October,4,1994,Saturday,True
19941023,1994-10-23,23,10,October,4,1994,Sunday,True
19941024,1994-10-24,24,10,October,4,1994,Monday,False
19941025,1994-10-25,25,10,October,4,1994,Tuesday,False
19941026,1994-10-26,26,10,October,4,1994,Wednesday,False
19941027,1994-10-27,27,10,October,4,1994,Thursday,False
19941028,1994-10-28,28,10,October,4,1994,Friday,False
19941029,1994-10-29,29,10,October,4,1994,Saturday,True
19941030,1994-10-30,30,10,October,4,1994,Sunday,True
19941031,1994-10-31,31,10,October,4,1994,Monday,False
19941101,1994-11-01,1,11,November,4,1994,Tuesday,False
19941102,1994-11-02,2,11,November,4,1994,Wednesday,False
19941103,1994-11-03,3,11,November,4,1994,Thursday,False
19941104,1994-11-04,4,11,November,4,1994,Friday,False
19941105,1994-11-05,5,11,November,4,1994,Saturday,True
19941106,1994-11-06,6,11,November,4,1994,Sunday,True
19941107,1994-11-07,7,11,November,4,1994,Monday,False
19941108,1994-11-08,8,11,November,4,1994,Tuesday,False
19941109,1994-11-09,9,11,November,4,1994,Wednesday,False
19941110,1994-11-10,10,11,November,4,1994,Thursday,False
19941111,1994-11-11,11,11,November,4,1994,Friday,False
19941112,1994-11-12,12,11,November,4,1994,Saturday,True
19941113,1994-11-13,13,11,November,4,1994,Sunday,True
19941114,1994-11-14,14,11,November,4,1994,Monday,False
19941115,1994-11-15,15,11,November,4,1994,Tuesday,False
19941116,1994-11-16,16,11,November,4,1994,Wednesday,False
19941117,1994-11-17,17,11,November,4,1994,Thursday,False
19941118,1994-11-18,18,11,November,4,1994,Friday,False
19941119,1994-11-19,19,11,November,4,1994,Saturday,True
19941120,1994-11-20,20,11,November,4,1994,Sunday,True
19941121,1994-11-21,21,11,November,4,1994,Monday,False
19941122,1994-11-22,22,11,November,4,1994,Tuesday,False
19941123,1994-11-23,23,11,November,4,1994,Wednesday,False
19941124,1994-11-24,24,11,November,4,1994,Thursday,False
19941125,1994-11-25,25,11,November,4,1994,Friday,False
19941126,1994-11-26,26,11,November,4,1994,Saturday,True
19941127,1994-11-27,27,11,November,4,1994,Sunday,True
19941128,1994-11-28,28,11,November,4,1994,Monday,False
19941129,1994-11-29,29,11,November,4,1994,Tuesday,False
19941130,1994-11-30,30,11,November,4,1994,Wednesday,False
19941201,1994-12-01,1,12,December,4,1994,Thursday,False
19941202,1994-12-02,2,12,December,4,1994,Friday,False
19941203,1994-12-03,3,12,December,4,1994,Saturday,True
19941204,1994-12-04,4,12,December,4,1994,Sunday,True
19941205,1994-12-05,5,12,December,4,1994,Monday,False
19941206,1994-12-06,6,12,December,4,1994,Tuesday,False
19941207,1994-12-07,7,12,December,4,1994,Wednesday,False
19941208,1994-12-08,8,12,December,4,1994,Thursday,False
19941209,1994-12-09,9,12,December,4,1994,Friday,False
19941210,1994-12-10,10,12,December,4,1994,Saturday,True
19941211,1994-12-11,11,12,December,4,1994,Sunday,True
19941212,1994-12-12,12,12,December,4,1994,Monday,False
19941213,1994-12-13,13,12,December,4,1994,Tuesday,False
19941214,1994-12-14,14,12,December,4,1994,Wednesday,False
19941215,1994-12-15,15,12,December,4,1994,Thursday,False
19941216,1994-12-16,16,12,December,4,1994,Friday,False
19941217,1994-12-17,17,12,December,4,1994,Saturday,True
19941218,1994-12-18,18,12,December,4,1994,Sunday,True
19941219,1994-12-19,19,12,December,4,1994,Monday,False
19941220,1994-12-20,20,12,December,4,1994,Tuesday,False
19941221,1994-12-21,21,12,December,4,1994,Wednesday,False
19941222,1994-12-22,22,12,December,4,1994,Thursday,False
19941223,1994-12-23,23,12,December,4,1994,Friday,False
19941224,1994-12-24,24,12,December,4,1994,Saturday,True
19941225,1994-12-25,25,12,December,4,1994,Sunday,True
19941226,1994-12-26,26,12,December,4,1994,Monday,False
19941227,1994-12-27,27,12,December,4,1994,Tuesday,False
19941228,1994-12-28,28,12,December,4,1994,Wednesday,False
19941229,1994-12-29,29,12,December,4,1994,Thursday,False
19941230,1994-12-30,30,12,December,4,1994,Friday,False
19941231,1994-12-31,31,12,December,4,1994,Saturday,True
19950101,1995-01-01,1,1,January,1,1995,Sunday,True
19950102,1995-01-02,2,1,January,1,1995,Monday,False
19950103,1995-01-03,3,1,January,1,1995,Tuesday,False
19950104,1995-01-04,4,1,January,1,1995,Wednesday,False
19950105,1995-01-05,5,1,January,1,1995,Thursday,False
19950106,1995-01-06,6,1,January,1,1995,Friday,False
19950107,1995-01-07,7,1,January,1,1995,Saturday,True
19950108,1995-01-08,8,1,January,1,1995,Sunday,True
19950109,1995-01-09,9,1,January,1,1995,Monday,False
19950110,1995-01-10,10,1,January,1,1995,Tuesday,False
19950111,1995-01-11,11,1,January,1,1995,Wednesday,False
19950112,1995-01-12,12,1,January,1,1995,Thursday,False
19950113,1995-01-13,13,1,January,1,1995,Friday,False
19950114,1995-01-14,14,1,January,1,1995,Saturday,True
19950115,1995-01-15,15,1,January,1,1995,Sunday,True
19950116,1995-01-16,16,1,January,1,1995,Monday,False
19950117,1995-01-17,17,1,January,1,1995,Tuesday,False
19950118,1995-01-18,18,1,January,1,1995,Wednesday,False
19950119,1995-01-19,19,1,January,1,1995,Thursday,False
19950120,1995-01-20,20,1,January,1,1995,Friday,False
19950121,1995-01-21,21,1,January,1,1995,Saturday,True
19950122,1995-01-22,22,1,January,1,1995,Sunday,True
19950123,1995-01-23,23,1,January,1,1995,Monday,False
19950124,1995-01-24,24,1,January,1,1995,Tuesday,False
19950125,1995-01-25,25,1,January,1,1995,Wednesday,False
19950126,1995-01-26,26,1,January,1,1995,Thursday,False
19950127,1995-01-27,27,1,January,1,1995,Friday,False
19950128,1995-01-28,28,1,January,1,1995,Saturday,True
19950129,1995-01-29,29,1,January,1,1995,Sunday,True
19950130,1995-01-30,30,1,January,1,1995,Monday,False
19950131,1995-01-31,31,1,January,1,1995,Tuesday,False
19950201,1995-02-01,1,2,February,1,1995,Wednesday,False
19950202,1995-02-02,2,2,February,1,1995,Thursday,False
19950203,1995-02-03,3,2,February,1,1995,Friday,False
19950204,1995-02-04,4,2,February,1,1995,Saturday,True
19950205,1995-02-05,5,2,February,1,1995,Sunday,True
19950206,1995-02-06,6,2,February,1,1995,Monday,False
19950207,1995-02-07,7,2,February,1,1995,Tuesday,False
19950208,1995-02-08,8,2,February,1,1995,Wednesday,False
19950209,1995-02-09,9,2,February,1,1995,Thursday,False
19950210,1995-02-10,10,2,February,1,1995,Friday,False
19950211,1995-02-11,11,2,February,1,1995,Saturday,True
19950212,1995-02-12,12,2,February,1,1995,Sunday,True
19950213,1995-02-13,13,2,February,1,1995,Monday,False
19950214,1995-02-14,14,2,February,1,1995,Tuesday,False
19950215,1995-02-15,15,2,February,1,1995,Wednesday,False
19950216,1995-02-16,16,2,February,1,1995,Thursday,False
19950217,1995-02-17,17,2,February,1,1995,Friday,False
19950218,1995-02-18,18,2,February,1,1995,Saturday,True
19950219,1995-02-19,19,2,February,1,1995,Sunday,True
19950220,1995-02-20,20,2,February,1,1995,Monday,False
19950221,1995-02-21,21,2,February,1,1995,Tuesday,False
19950222,1995-02-22,22,2,February,1,1995,Wednesday,False
19950223,1995-02-23,23,2,February,1,1995,Thursday,False
19950224,1995-02-24,24,2,February,1,1995,Friday,False
19950225,1995-02-25,25,2,February,1,1995,Saturday,True
19950226,1995-02-26,26,2,February,1,1995,Sunday,True
19950227,1995-02-27,27,2,February,1,1995,Monday,False
19950228,1995-02-28,28,2,February,1,1995,Tuesday,False
19950301,1995-03-01,1,3,March,1,1995,Wednesday,False
19950302,1995-03-02,2,3,March,1,1995,Thursday,False
19950303,1995-03-03,3,3,March,1,1995,Friday,False
19950304,1995-03-04,4,3,March,1,1995,Saturday,True
19950305,1995-03-05,5,3,March,1,1995,Sunday,True
19950306,1995-03-06,6,3,March,1,1995,Monday,False
19950307,1995-03-07,7,3,March,1,1995,Tuesday,False
19950308,1995-03-08,8,3,March,1,1995,Wednesday,False
19950309,1995-03-09,9,3,March,1,1995,Thursday,False
19950310,1995-03-10,10,3,March,1,1995,Friday,False
19950311,1995-03-11,11,3,March,1,1995,Saturday,True
19950312,1995-03-12,12,3,March,1,1995,Sunday,True
19950313,1995-03-13,13,3,March,1,1995,Monday,False
19950314,1995-03-14,14,3,March,1,1995,Tuesday,False
19950315,1995-03-15,15,3,March,1,1995,Wednesday,False
19950316,1995-03-16,16,3,March,1,1995,Thursday,False
19950317,1995-03-17,17,3,March,1,1995,Friday,False
19950318,1995-03-18,18,3,March,1,1995,Saturday,True
19950319,1995-03-19,19,3,March,1,1995,Sunday,True
19950320,1995-03-20,20,3,March,1,1995,Monday,False
19950321,1995-03-21,21,3,March,1,1995,Tuesday,False
19950322,1995-03-22,22,3,March,1,1995,Wednesday,False
19950323,1995-03-23,23,3,March,1,1995,Thursday,False
19950324,1995-03-24,24,3,March,1,1995,Friday,False
19950325,1995-03-25,25,3,March,1,1995,Saturday,True
19950326,1995-03-26,26,3,March,1,1995,Sunday,True
19950327,1995-03-27,27,3,March,1,1995,Monday,False
19950328,1995-03-28,28,3,March,1,1995,Tuesday,False
19950329,1995-03-29,29,3,March,1,1995,Wednesday,False
19950330,1995-03-30,30,3,March,1,1995,Thursday,False
19950331,1995-03-31,31,3,March,1,1995,Friday,False
19950401,1995-04-01,1,4,April,2,1995,Saturday,True
19950402,1995-04-02,2,4,April,2,1995,Sunday,True
19950403,1995-04-03,3,4,April,2,1995,Monday,False
19950404,1995-04-04,4,4,April,2,1995,Tuesday,False
19950405,1995-04-05,5,4,April,2,1995,Wednesday,False
19950406,1995-04-06,6,4,April,2,1995,Thursday,False
19950407,1995-04-07,7,4,April,2,1995,Friday,False
19950408,1995-04-08,8,4,April,2,1995,Saturday,True
19950409,1995-04-09,9,4,April,2,1995,Sunday,True
19950410,1995-04-10,10,4,April,2,1995,Monday,False
19950411,1995-04-11,11,4,April,2,1995,Tuesday,False
19950412,1995-04-12,12,4,April,2,1995,Wednesday,False
19950413,1995-04-13,13,4,April,2,1995,Thursday,False
19950414,1995-04-14,14,4,April,2,1995,Friday,False
19950415,1995-04-15,15,4,April,2,1995,Saturday,True
19950416,1995-04-16,16,4,April,2,1995,Sunday,True
19950417,1995-04-17,17,4,April,2,1995,Monday,False
19950418,1995-04-18,18,4,April,2,1995,Tuesday,False
19950419,1995-04-19,19,4,April,2,1995,Wednesday,False
19950420,1995-04-20,20,4,April,2,1995,Thursday,False
19950421,1995-04-21,21,4,April,2,1995,Friday,False
19950422,1995-04-22,22,4,April,2,1995,Saturday,True
19950423,1995-04-23,23,4,April,2,1995,Sunday,True
19950424,1995-04-24,24,4,April,2,1995,Monday,False
19950425,1995-04-25,25,4,April,2,1995,Tuesday,False
19950426,1995-04-26,26,4,April,2,1995,Wednesday,False
19950427,1995-04-27,27,4,April,2,1995,Thursday,False
19950428,1995-04-28,28,4,April,2,1995,Friday,False
19950429,1995-04-29,29,4,April,2,1995,Saturday,True
19950430,1995-04-30,30,4,April,2,1995,Sunday,True
19950501,1995-05-01,1,5,May,2,1995,Monday,False
19950502,1995-05-02,2,5,May,2,1995,Tuesday,False
19950503,1995-05-03,3,5,May,2,1995,Wednesday,False
19950504,1995-05-04,4,5,May,2,1995,Thursday,False
19950505,1995-05-05,5,5,May,2,1995,Friday,False
19950506,1995-05-06,6,5,May,2,1995,Saturday,True
19950507,1995-05-07,7,5,May,2,1995,Sunday,True
19950508,1995-05-08,8,5,May,2,1995,Monday,False
19950509,1995-05-09,9,5,May,2,1995,Tuesday,False
19950510,1995-05-10,10,5,May,2,1995,Wednesday,False
19950511,1995-05-11,11,5,May,2,1995,Thursday,False
19950512,1995-05-12,12,5,May,2,1995,Friday,False
19950513,1995-05-13,13,5,May,2,1995,Saturday,True
19950514,1995-05-14,14,5,May,2,1995,Sunday,True
19950515,1995-05-15,15,5,May,2,1995,Monday,False
19950516,1995-05-16,16,5,May,2,1995,Tuesday,False
19950517,1995-05-17,17,5,May,2,1995,Wednesday,False
19950518,1995-05-18,18,5,May,2,1995,Thursday,False
19950519,1995-05-19,19,5,May,2,1995,Friday,False
19950520,1995-05-20,20,5,May,2,1995,Saturday,True
19950521,1995-05-21,21,5,May,2,1995,Sunday,True
19950522,1995-05-22,22,5,May,2,1995,Monday,False
19950523,1995-05-23,23,5,May,2,1995,Tuesday,False
19950524,1995-05-24,24,5,May,2,1995,Wednesday,False
19950525,1995-05-25,25,5,May,2,1995,Thursday,False
19950526,1995-05-26,26,5,May,2,1995,Friday,False
19950527,1995-05-27,27,5,May,2,1995,Saturday,True
19950528,1995-05-28,28,5,May,2,1995,Sunday,True
19950529,1995-05-29,29,5,May,2,1995,Monday,False
19950530,1995-05-30,30,5,May,2,1995,Tuesday,False
19950531,1995-05-31,31,5,May,2,1995,Wednesday,False
19950601,1995-06-01,1,6,June,2,1995,Thursday,False
19950602,1995-06-02,2,6,June,2,1995,Friday,False
19950603,1995-06-03,3,6,June,2,1995,Saturday,True
19950604,1995-06-04,4,6,June,2,1995,Sunday,True
19950605,1995-06-05,5,6,June,2,1995,Monday,False
19950606,1995-06-06,6,6,June,2,1995,Tuesday,False
19950607,1995-06-07,7,6,June,2,1995,Wednesday,False
19950608,1995-06-08,8,6,June,2,1995,Thursday,False
19950609,1995-06-09,9,6,June,2,1995,Friday,False
19950610,1995-06-10,10,6,June,2,1995,Saturday,True
19950611,1995-06-11,11,6,June,2,1995,Sunday,True
19950612,1995-06-12,12,6,June,2,1995,Monday,False
19950613,1995-06-13,13,6,June,2,1995,Tuesday,False
19950614,1995-06-14,14,6,June,2,1995,Wednesday,False
19950615,1995-06-15,15,6,June,2,1995,Thursday,False
19950616,1995-06-16,16,6,June,2,1995,Friday,False
19950617,1995-06-17,17,6,June,2,1995,Saturday,True
19950618,1995-06-18,18,6,June,2,1995,Sunday,True
19950619,1995-06-19,19,6,June,2,1995,Monday,False
19950620,1995-06-20,20,6,June,2,1995,Tuesday,False
19950621,1995-06-21,21,6,June,2,1995,Wednesday,False
19950622,1995-06-22,22,6,June,2,1995,Thursday,False
19950623,1995-06-23,23,6,June,2,1995,Friday,False
19950624,1995-06-24,24,6,June,2,1995,Saturday,True
19950625,1995-06-25,25,6,June,2,1995,Sunday,True
19950626,1995-06-26,26,6,June,2,1995,Monday,False
19950627,1995-06-27,27,6,June,2,1995,Tuesday,False
19950628,1995-06-28,28,6,June,2,1995,Wednesday,False
19950629,1995-06-29,29,6,June,2,1995,Thursday,False
19950630,1995-06-30,30,6,June,2,1995,Friday,False
19950701,1995-07-01,1,7,July,3,1995,Saturday,True
19950702,1995-07-02,2,7,July,3,1995,Sunday,True
19950703,1995-07-03,3,7,July,3,1995,Monday,False
19950704,1995-07-04,4,7,July,3,1995,Tuesday,False
19950705,1995-07-05,5,7,July,3,1995,Wednesday,False
19950706,1995-07-06,6,7,July,3,1995,Thursday,False
19950707,1995-07-07,7,7,July,3,1995,Friday,False
19950708,1995-07-08,8,7,July,3,1995,Saturday,True
19950709,1995-07-09,9,7,July,3,1995,Sunday,True
19950710,1995-07-10,10,7,July,3,1995,Monday,False
19950711,1995-07-11,11,7,July,3,1995,Tuesday,False
19950712,1995-07-12,12,7,July,3,1995,Wednesday,False
19950713,1995-07-13,13,7,July,3,1995,Thursday,False
19950714,1995-07-14,14,7,July,3,1995,Friday,False
19950715,1995-07-15,15,7,July,3,1995,Saturday,True
19950716,1995-07-16,16,7,July,3,1995,Sunday,True
19950717,1995-07-17,17,7,July,3,1995,Monday,False
19950718,1995-07-18,18,7,July,3,1995,Tuesday,False
19950719,1995-07-19,19,7,July,3,1995,Wednesday,False
19950720,1995-07-20,20,7,July,3,1995,Thursday,False
19950721,1995-07-21,21,7,July,3,1995,Friday,False
19950722,1995-07-22,22,7,July,3,1995,Saturday,True
19950723,1995-07-23,23,7,July,3,1995,Sunday,True
19950724,1995-07-24,24,7,July,3,1995,Monday,False
19950725,1995-07-25,25,7,July,3,1995,Tuesday,False
19950726,1995-07-26,26,7,July,3,1995,Wednesday,False
19950727,1995-07-27,27,7,July,3,1995,Thursday,False
19950728,1995-07-28,28,7,July,3,1995,Friday,False
19950729,1995-07-29,29,7,July,3,1995,Saturday,True
19950730,1995-07-30,30,7,July,3,1995,Sunday,True
19950731,1995-07-31,31,7,July,3,1995,Monday,False
19950801,1995-08-01,1,8,August,3,1995,Tuesday,False
19950802,1995-08-02,2,8,August,3,1995,Wednesday,False
19950803,1995-08-03,3,8,August,3,1995,Thursday,False
19950804,1995-08-04,4,8,August,3,1995,Friday,False
19950805,1995-08-05,5,8,August,3,1995,Saturday,True
19950806,1995-08-06,6,8,August,3,1995,Sunday,True
19950807,1995-08-07,7,8,August,3,1995,Monday,False
19950808,1995-08-08,8,8,August,3,1995,Tuesday,False
19950809,1995-08-09,9,8,August,3,1995,Wednesday,False
19950810,1995-08-10,10,8,August,3,1995,Thursday,False
19950811,1995-08-11,11,8,August,3,1995,Friday,False
19950812,1995-08-12,12,8,August,3,1995,Saturday,True
19950813,1995-08-13,13,8,August,3,1995,Sunday,True
19950814,1995-08-14,14,8,August,3,1995,Monday,False
19950815,1995-08-15,15,8,August,3,1995,Tuesday,False
19950816,1995-08-16,16,8,August,3,1995,Wednesday,False
19950817,1995-08-17,17,8,August,3,1995,Thursday,False
19950818,1995-08-18,18,8,August,3,1995,Friday,False
19950819,1995-08-19,19,8,August,3,1995,Saturday,True
19950820,1995-08-20,20,8,August,3,1995,Sunday,True
19950821,1995-08-21,21,8,August,3,1995,Monday,False
19950822,1995-08-22,22,8,August,3,1995,Tuesday,False
19950823,1995-08-23,23,8,August,3,1995,Wednesday,False
19950824,1995-08-24,24,8,August,3,1995,Thursday,False
19950825,1995-08-25,25,8,August,3,1995,Friday,False
19950826,1995-08-26,26,8,August,3,1995,Saturday,True
19950827,1995-08-27,27,8,August,3,1995,Sunday,True
19950828,1995-08-28,28,8,August,3,1995,Monday,False
19950829,1995-08-29,29,8,August,3,1995,Tuesday,False
19950830,1995-08-30,30,8,August,3,1995,Wednesday,False
19950831,1995-08-31,31,8,August,3,1995,Thursday,False
19950901,1995-09-01,1,9,September,3,1995,Friday,False
19950902,1995-09-02,2,9,September,3,1995,Saturday,True
19950903,1995-09-03,3,9,September,3,1995,Sunday,True
19950904,1995-09-04,4,9,September,3,1995,Monday,False
19950905,1995-09-05,5,9,September,3,1995,Tuesday,False
19950906,1995-09-06,6,9,September,3,1995,Wednesday,False
19950907,1995-09-07,7,9,September,3,1995,Thursday,False
19950908,1995-09-08,8,9,September,3,1995,Friday,False
19950909,1995-09-09,9,9,September,3,1995,Saturday,True
19950910,1995-09-10,10,9,September,3,1995,Sunday,True
19950911,1995-09-11,11,9,September,3,1995,Monday,False
19950912,1995-09-12,12,9,September,3,1995,Tuesday,False
19950913,1995-09-13,13,9,September,3,1995,Wednesday,False
19950914,1995-09-14,14,9,September,3,1995,Thursday,False
19950915,1995-09-15,15,9,September,3,1995,Friday,False
19950916,1995-09-16,16,9,September,3,1995,Saturday,True
19950917,1995-09-17,17,9,September,3,1995,Sunday,True
19950918,1995-09-18,18,9,September,3,1995,Monday,False
19950919,1995-09-19,19,9,September,3,1995,Tuesday,False
19950920,1995-09-20,20,9,September,3,1995,Wednesday,False
19950921,1995-09-21,21,9,September,3,1995,Thursday,False
19950922,1995-09-22,22,9,September,3,1995,Friday,False
19950923,1995-09-23,23,9,September,3,1995,Saturday,True
19950924,1995-09-24,24,9,September,3,1995,Sunday,True
19950925,1995-09-25,25,9,September,3,1995,Monday,False
19950926,1995-09-26,26,9,September,3,1995,Tuesday,False
19950927,1995-09-27,27,9,September,3,1995,Wednesday,False
19950928,1995-09-28,28,9,September,3,1995,Thursday,False
19950929,1995-09-29,29,9,September,3,1995,Friday,False
19950930,1995-09-30,30,9,September,3,1995,Saturday,True
19951001,1995-10-01,1,10,October,4,1995,Sunday,True
19951002,1995-10-02,2,10,October,4,1995,Monday,False
19951003,1995-10-03,3,10,October,4,1995,Tuesday,False
19951004,1995-10-04,4,10,October,4,1995,Wednesday,False
19951005,1995-10-05,5,10,October,4,1995,Thursday,False
19951006,1995-10-06,6,10,October,4,1995,Friday,False
19951007,1995-10-07,7,10,October,4,1995,Saturday,True
19951008,1995-10-08,8,10,October,4,1995,Sunday,True
19951009,1995-10-09,9,10,October,4,1995,Monday,False
19951010,1995-10-10,10,10,October,4,1995,Tuesday,False
19951011,1995-10-11,11,10,October,4,1995,Wednesday,False
19951012,1995-10-12,12,10,October,4,1995,Thursday,False
19951013,1995-10-13,13,10,October,4,1995,Friday,False
19951014,1995-10-14,14,10,October,4,1995,Saturday,True
19951015,1995-10-15,15,10,October,4,1995,Sunday,True
19951016,1995-10-16,16,10,October,4,1995,Monday,False
19951017,1995-10-17,17,10,October,4,1995,Tuesday,False
19951018,1995-10-18,18,10,October,4,1995,Wednesday,False
19951019,1995-10-19,19,10,October,4,1995,Thursday,False
19951020,1995-10-20,20,10,October,4,1995,Friday,False
19951021,1995-10-21,21,10,October,4,1995,Saturday,True
19951022,1995-10-22,22,10,October,4,1995,Sunday,True
19951023,1995-10-23,23,10,October,4,1995,Monday,False
19951024,1995-10-24,24,10,October,4,1995,Tuesday,False
19951025,1995-10-25,25,10,October,4,1995,Wednesday,False
19951026,1995-10-26,26,10,October,4,1995,Thursday,False
19951027,1995-10-27,27,10,October,4,1995,Friday,False
19951028,1995-10-28,28,10,October,4,1995,Saturday,True
19951029,1995-10-29,29,10,October,4,1995,Sunday,True
19951030,1995-10-30,30,10,October,4,1995,Monday,False
19951031,1995-10-31,31,10,October,4,1995,Tuesday,False
19951101,1995-11-01,1,11,November,4,1995,Wednesday,False
19951102,1995-11-02,2,11,November,4,1995,Thursday,False
19951103,1995-11-03,3,11,November,4,1995,Friday,False
19951104,1995-11-04,4,11,November,4,1995,Saturday,True
19951105,1995-11-05,5,11,November,4,1995,Sunday,True
19951106,1995-11-06,6,11,November,4,1995,Monday,False
19951107,1995-11-07,7,11,November,4,1995,Tuesday,False
19951108,1995-11-08,8,11,November,4,1995,Wednesday,False
19951109,1995-11-09,9,11,November,4,1995,Thursday,False
19951110,1995-11-10,10,11,November,4,1995,Friday,False
19951111,1995-11-11,11,11,November,4,1995,Saturday,True
19951112,1995-11-12,12,11,November,4,1995,Sunday,True
19951113,1995-11-13,13,11,November,4,1995,Monday,False
19951114,1995-11-14,14,11,November,4,1995,Tuesday,False
19951115,1995-11-15,15,11,November,4,1995,Wednesday,False
19951116,1995-11-16,16,11,November,4,1995,Thursday,False
19951117,1995-11-17,17,11,November,4,1995,Friday,False
19951118,1995-11-18,18,11,November,4,1995,Saturday,True
19951119,1995-11-19,19,11,November,4,1995,Sunday,True
19951120,1995-11-20,20,11,November,4,1995,Monday,False
19951121,1995-11-21,21,11,November,4,1995,Tuesday,False
19951122,1995-11-22,22,11,November,4,1995,Wednesday,False
19951123,1995-11-23,23,11,November,4,1995,Thursday,False
19951124,1995-11-24,24,11,November,4,1995,Friday,False
19951125,1995-11-25,25,11,November,4,1995,Saturday,True
19951126,1995-11-26,26,11,November,4,1995,Sunday,True
19951127,1995-11-27,27,11,November,4,1995,Monday,False
19951128,1995-11-28,28,11,November,4,1995,Tuesday,False
19951129,1995-11-29,29,11,November,4,1995,Wednesday,False
19951130,1995-11-30,30,11,November,4,1995,Thursday,False
19951201,1995-12-01,1,12,December,4,1995,Friday,False
19951202,1995-12-02,2,12,December,4,1995,Saturday,True
19951203,1995-12-03,3,12,December,4,1995,Sunday,True
19951204,1995-12-04,4,12,December,4,1995,Monday,False
19951205,1995-12-05,5,12,December,4,1995,Tuesday,False
19951206,1995-12-06,6,12,December,4,1995,Wednesday,False
19951207,1995-12-07,7,12,December,4,1995,Thursday,False
19951208,1995-12-08,8,12,December,4,1995,Friday,False
19951209,1995-12-09,9,12,December,4,1995,Saturday,True
19951210,1995-12-10,10,12,December,4,1995,Sunday,True
19951211,1995-12-11,11,12,December,4,1995,Monday,False
19951212,1995-12-12,12,12,December,4,1995,Tuesday,False
19951213,1995-12-13,13,12,December,4,1995,Wednesday,False
19951214,1995-12-14,14,12,December,4,1995,Thursday,False
19951215,1995-12-15,15,12,December,4,1995,Friday,False
19951216,1995-12-16,16,12,December,4,1995,Saturday,True
19951217,1995-12-17,17,12,December,4,1995,Sunday,True
19951218,1995-12-18,18,12,December,4,1995,Monday,False
19951219,1995-12-19,19,12,December,4,1995,Tuesday,False
19951220,1995-12-20,20,12,December,4,1995,Wednesday,False
19951221,1995-12-21,21,12,December,4,1995,Thursday,False
19951222,1995-12-22,22,12,December,4,1995,Friday,False
19951223,1995-12-23,23,12,December,4,1995,Saturday,True
19951224,1995-12-24,24,12,December,4,1995,Sunday,True
19951225,1995-12-25,25,12,December,4,1995,Monday,False
19951226,1995-12-26,26,12,December,4,1995,Tuesday,False
19951227,1995-12-27,27,12,December,4,1995,Wednesday,False
19951228,1995-12-28,28,12,December,4,1995,Thursday,False
19951229,1995-12-29,29,12,December,4,1995,Friday,False
19951230,1995-12-30,30,12,December,4,1995,Saturday,True
19951231,1995-12-31,31,12,December,4,1995,Sunday,True
19960101,1996-01-01,1,1,January,1,1996,Monday,False
19960102,1996-01-02,2,1,January,1,1996,Tuesday,False
19960103,1996-01-03,3,1,January,1,1996,Wednesday,False
19960104,1996-01-04,4,1,January,1,1996,Thursday,False
19960105,1996-01-05,5,1,January,1,1996,Friday,False
19960106,1996-01-06,6,1,January,1,1996,Saturday,True
19960107,1996-01-07,7,1,January,1,1996,Sunday,True
19960108,1996-01-08,8,1,January,1,1996,Monday,False
19960109,1996-01-09,9,1,January,1,1996,Tuesday,False
19960110,1996-01-10,10,1,January,1,1996,Wednesday,False
19960111,1996-01-11,11,1,January,1,1996,Thursday,False
19960112,1996-01-12,12,1,January,1,1996,Friday,False
19960113,1996-01-13,13,1,January,1,1996,Saturday,True
19960114,1996-01-14,14,1,January,1,1996,Sunday,True
19960115,1996-01-15,15,1,January,1,1996,Monday,False
19960116,1996-01-16,16,1,January,1,1996,Tuesday,False
19960117,1996-01-17,17,1,January,1,1996,Wednesday,False
19960118,1996-01-18,18,1,January,1,1996,Thursday,False
19960119,1996-01-19,19,1,January,1,1996,Friday,False
19960120,1996-01-20,20,1,January,1,1996,Saturday,True
19960121,1996-01-21,21,1,January,1,1996,Sunday,True
19960122,1996-01-22,22,1,January,1,1996,Monday,False
19960123,1996-01-23,23,1,January,1,1996,Tuesday,False
19960124,1996-01-24,24,1,January,1,1996,Wednesday,False
19960125,1996-01-25,25,1,January,1,1996,Thursday,False
19960126,1996-01-26,26,1,January,1,1996,Friday,False
19960127,1996-01-27,27,1,January,1,1996,Saturday,True
19960128,1996-01-28,28,1,January,1,1996,Sunday,True
19960129,1996-01-29,29,1,January,1,1996,Monday,False
19960130,1996-01-30,30,1,January,1,1996,Tuesday,False
19960131,1996-01-31,31,1,January,1,1996,Wednesday,False
19960201,1996-02-01,1,2,February,1,1996,Thursday,False
19960202,1996-02-02,2,2,February,1,1996,Friday,False
19960203,1996-02-03,3,2,February,1,1996,Saturday,True
19960204,1996-02-04,4,2,February,1,1996,Sunday,True
19960205,1996-02-05,5,2,February,1,1996,Monday,False
19960206,1996-02-06,6,2,February,1,1996,Tuesday,False
19960207,1996-02-07,7,2,February,1,1996,Wednesday,False
19960208,1996-02-08,8,2,February,1,1996,Thursday,False
19960209,1996-02-09,9,2,February,1,1996,Friday,False
19960210,1996-02-10,10,2,February,1,1996,Saturday,True
19960211,1996-02-11,11,2,February,1,1996,Sunday,True
19960212,1996-02-12,12,2,February,1,1996,Monday,False
19960213,1996-02-13,13,2,February,1,1996,Tuesday,False
19960214,1996-02-14,14,2,February,1,1996,Wednesday,False
19960215,1996-02-15,15,2,February,1,1996,Thursday,False
19960216,1996-02-16,16,2,February,1,1996,Friday,False
19960217,1996-02-17,17,2,February,1,1996,Saturday,True
19960218,1996-02-18,18,2,February,1,1996,Sunday,True
19960219,1996-02-19,19,2,February,1,1996,Monday,False
19960220,1996-02-20,20,2,February,1,1996,Tuesday,False
19960221,1996-02-21,21,2,February,1,1996,Wednesday,False
19960222,1996-02-22,22,2,February,1,1996,Thursday,False
19960223,1996-02-23,23,2,February,1,1996,Friday,False
19960224,1996-02-24,24,2,February,1,1996,Saturday,True
19960225,1996-02-25,25,2,February,1,1996,Sunday,True
19960226,1996-02-26,26,2,February,1,1996,Monday,False
19960227,1996-02-27,27,2,February,1,1996,Tuesday,False
19960228,1996-02-28,28,2,February,1,1996,Wednesday,False
19960229,1996-02-29,29,2,February,1,1996,Thursday,False
19960301,1996-03-01,1,3,March,1,1996,Friday,False
19960302,1996-03-02,2,3,March,1,1996,Saturday,True
19960303,1996-03-03,3,3,March,1,1996,Sunday,True
19960304,1996-03-04,4,3,March,1,1996,Monday,False
19960305,1996-03-05,5,3,March,1,1996,Tuesday,False
19960306,1996-03-06,6,3,March,1,1996,Wednesday,False
19960307,1996-03-07,7,3,March,1,1996,Thursday,False
19960308,1996-03-08,8,3,March,1,1996,Friday,False
19960309,1996-03-09,9,3,March,1,1996,Saturday,True
19960310,1996-03-10,10,3,March,1,1996,Sunday,True
19960311,1996-03-11,11,3,March,1,1996,Monday,False
19960312,1996-03-12,12,3,March,1,1996,Tuesday,False
19960313,1996-03-13,13,3,March,1,1996,Wednesday,False
19960314,1996-03-14,14,3,March,1,1996,Thursday,False
19960315,1996-03-15,15,3,March,1,1996,Friday,False
19960316,1996-03-16,16,3,March,1,1996,Saturday,True
19960317,1996-03-17,17,3,March,1,1996,Sunday,True
19960318,1996-03-18,18,3,March,1,1996,Monday,False
19960319,1996-03-19,19,3,March,1,1996,Tuesday,False
19960320,1996-03-20,20,3,March,1,1996,Wednesday,False
19960321,1996-03-21,21,3,March,1,1996,Thursday,False
19960322,1996-03-22,22,3,March,1,1996,Friday,False
19960323,1996-03-23,23,3,March,1,1996,Saturday,True
19960324,1996-03-24,24,3,March,1,1996,Sunday,True
19960325,1996-03-25,25,3,March,1,1996,Monday,False
19960326,1996-03-26,26,3,March,1,1996,Tuesday,False
19960327,1996-03-27,27,3,March,1,1996,Wednesday,False
19960328,1996-03-28,28,3,March,1,1996,Thursday,False
19960329,1996-03-29,29,3,March,1,1996,Friday,False
19960330,1996-03-30,30,3,March,1,1996,Saturday,True
19960331,1996-03-31,31,3,March,1,1996,Sunday,True
19960401,1996-04-01,1,4,April,2,1996,Monday,False
19960402,1996-04-02,2,4,April,2,1996,Tuesday,False
19960403,1996-04-03,3,4,April,2,1996,Wednesday,False
19960404,1996-04-04,4,4,April,2,1996,Thursday,False
19960405,1996-04-05,5,4,April,2,1996,Friday,False
19960406,1996-04-06,6,4,April,2,1996,Saturday,True
19960407,1996-04-07,7,4,April,2,1996,Sunday,True
19960408,1996-04-08,8,4,April,2,1996,Monday,False
19960409,1996-04-09,9,4,April,2,1996,Tuesday,False
19960410,1996-04-10,10,4,April,2,1996,Wednesday,False
19960411,1996-04-11,11,4,April,2,1996,Thursday,False
19960412,1996-04-12,12,4,April,2,1996,Friday,False
19960413,1996-04-13,13,4,April,2,1996,Saturday,True
19960414,1996-04-14,14,4,April,2,1996,Sunday,True
19960415,1996-04-15,15,4,April,2,1996,Monday,False
19960416,1996-04-16,16,4,April,2,1996,Tuesday,False
19960417,1996-04-17,17,4,April,2,1996,Wednesday,False
19960418,1996-04-18,18,4,April,2,1996,Thursday,False
19960419,1996-04-19,19,4,April,2,1996,Friday,False
19960420,1996-04-20,20,4,April,2,1996,Saturday,True
19960421,1996-04-21,21,4,April,2,1996,Sunday,True
19960422,1996-04-22,22,4,April,2,1996,Monday,False
19960423,1996-04-23,23,4,April,2,1996,Tuesday,False
19960424,1996-04-24,24,4,April,2,1996,Wednesday,False
19960425,1996-04-25,25,4,April,2,1996,Thursday,False
19960426,1996-04-26,26,4,April,2,1996,Friday,False
19960427,1996-04-27,27,4,April,2,1996,Saturday,True
19960428,1996-04-28,28,4,April,2,1996,Sunday,True
19960429,1996-04-29,29,4,April,2,1996,Monday,False
19960430,1996-04-30,30,4,April,2,1996,Tuesday,False
19960501,1996-05-01,1,5,May,2,1996,Wednesday,False
19960502,1996-05-02,2,5,May,2,1996,Thursday,False
19960503,1996-05-03,3,5,May,2,1996,Friday,False
19960504,1996-05-04,4,5,May,2,1996,Saturday,True
19960505,1996-05-05,5,5,May,2,1996,Sunday,True
19960506,1996-05-06,6,5,May,2,1996,Monday,False
19960507,1996-05-07,7,5,May,2,1996,Tuesday,False
19960508,1996-05-08,8,5,May,2,1996,Wednesday,False
19960509,1996-05-09,9,5,May,2,1996,Thursday,False
19960510,1996-05-10,10,5,May,2,1996,Friday,False
19960511,1996-05-11,11,5,May,2,1996,Saturday,True
19960512,1996-05-12,12,5,May,2,1996,Sunday,True
19960513,1996-05-13,13,5,May,2,1996,Monday,False
19960514,1996-05-14,14,5,May,2,1996,Tuesday,False
19960515,1996-05-15,15,5,May,2,1996,Wednesday,False
19960516,1996-05-16,16,5,May,2,1996,Thursday,False
19960517,1996-05-17,17,5,May,2,1996,Friday,False
19960518,1996-05-18,18,5,May,2,1996,Saturday,True
19960519,1996-05-19,19,5,May,2,1996,Sunday,True
19960520,1996-05-20,20,5,May,2,1996,Monday,False
19960521,1996-05-21,21,5,May,2,1996,Tuesday,False
19960522,1996-05-22,22,5,May,2,1996,Wednesday,False
19960523,1996-05-23,23,5,May,2,1996,Thursday,False
19960524,1996-05-24,24,5,May,2,1996,Friday,False
19960525,1996-05-25,25,5,May,2,1996,Saturday,True
19960526,1996-05-26,26,5,May,2,1996,Sunday,True
19960527,1996-05-27,27,5,May,2,1996,Monday,False
19960528,1996-05-28,28,5,May,2,1996,Tuesday,False
19960529,1996-05-29,29,5,May,2,1996,Wednesday,False
19960530,1996-05-30,30,5,May,2,1996,Thursday,False
19960531,1996-05-31,31,5,May,2,1996,Friday,False
19960601,1996-06-01,1,6,June,2,1996,Saturday,True
19960602,1996-06-02,2,6,June,2,1996,Sunday,True
19960603,1996-06-03,3,6,June,2,1996,Monday,False
19960604,1996-06-04,4,6,June,2,1996,Tuesday,False
19960605,1996-06-05,5,6,June,2,1996,Wednesday,False
19960606,1996-06-06,6,6,June,2,1996,Thursday,False
19960607,1996-06-07,7,6,June,2,1996,Friday,False
19960608,1996-06-08,8,6,June,2,1996,Saturday,True
19960609,1996-06-09,9,6,June,2,1996,Sunday,True
19960610,1996-06-10,10,6,June,2,1996,Monday,False
19960611,1996-06-11,11,6,June,2,1996,Tuesday,False
19960612,1996-06-12,12,6,June,2,1996,Wednesday,False
19960613,1996-06-13,13,6,June,2,1996,Thursday,False
19960614,1996-06-14,14,6,June,2,1996,Friday,False
19960615,1996-06-15,15,6,June,2,1996,Saturday,True
19960616,1996-06-16,16,6,June,2,1996,Sunday,True
19960617,1996-06-17,17,6,June,2,1996,Monday,False
19960618,1996-06-18,18,6,June,2,1996,Tuesday,False
19960619,1996-06-19,19,6,June,2,1996,Wednesday,False
19960620,1996-06-20,20,6,June,2,1996,Thursday,False
19960621,1996-06-21,21,6,June,2,1996,Friday,False
19960622,1996-06-22,22,6,June,2,1996,Saturday,True
19960623,1996-06-23,23,6,June,2,1996,Sunday,True
19960624,1996-06-24,24,6,June,2,1996,Monday,False
19960625,1996-06-25,25,6,June,2,1996,Tuesday,False
19960626,1996-06-26,26,6,June,2,1996,Wednesday,False
19960627,1996-06-27,27,6,June,2,1996,Thursday,False
19960628,1996-06-28,28,6,June,2,1996,Friday,False
19960629,1996-06-29,29,6,June,2,1996,Saturday,True
19960630,1996-06-30,30,6,June,2,1996,Sunday,True
19960701,1996-07-01,1,7,July,3,1996,Monday,False
19960702,1996-07-02,2,7,July,3,1996,Tuesday,False
19960703,1996-07-03,3,7,July,3,1996,Wednesday,False
19960704,1996-07-04,4,7,July,3,1996,Thursday,False
19960705,1996-07-05,5,7,July,3,1996,Friday,False
19960706,1996-07-06,6,7,July,3,1996,Saturday,True
19960707,1996-07-07,7,7,July,3,1996,Sunday,True
19960708,1996-07-08,8,7,July,3,1996,Monday,False
19960709,1996-07-09,9,7,July,3,1996,Tuesday,False
19960710,1996-07-10,10,7,July,3,1996,Wednesday,False
19960711,1996-07-11,11,7,July,3,1996,Thursday,False
19960712,1996-07-12,12,7,July,3,1996,Friday,False
19960713,1996-07-13,13,7,July,3,1996,Saturday,True
19960714,1996-07-14,14,7,July,3,1996,Sunday,True
19960715,1996-07-15,15,7,July,3,1996,Monday,False
19960716,1996-07-16,16,7,July,3,1996,Tuesday,False
19960717,1996-07-17,17,7,July,3,1996,Wednesday,False
19960718,1996-07-18,18,7,July,3,1996,Thursday,False
19960719,1996-07-19,19,7,July,3,1996,Friday,False
19960720,1996-07-20,20,7,July,3,1996,Saturday,True
19960721,1996-07-21,21,7,July,3,1996,Sunday,True
19960722,1996-07-22,22,7,July,3,1996,Monday,False
19960723,1996-07-23,23,7,July,3,1996,Tuesday,False
19960724,1996-07-24,24,7,July,3,1996,Wednesday,False
19960725,1996-07-25,25,7,July,3,1996,Thursday,False
19960726,1996-07-26,26,7,July,3,1996,Friday,False
19960727,1996-07-27,27,7,July,3,1996,Saturday,True
19960728,1996-07-28,28,7,July,3,1996,Sunday,True
19960729,1996-07-29,29,7,July,3,1996,Monday,False
19960730,1996-07-30,30,7,July,3,1996,Tuesday,False
19960731,1996-07-31,31,7,July,3,1996,Wednesday,False
19960801,1996-08-01,1,8,August,3,1996,Thursday,False
19960802,1996-08-02,2,8,August,3,1996,Friday,False
19960803,1996-08-03,3,8,August,3,1996,Saturday,True
19960804,1996-08-04,4,8,August,3,1996,Sunday,True
19960805,1996-08-05,5,8,August,3,1996,Monday,False
19960806,1996-08-06,6,8,August,3,1996,Tuesday,False
19960807,1996-08-07,7,8,August,3,1996,Wednesday,False
19960808,1996-08-08,8,8,August,3,1996,Thursday,False
19960809,1996-08-09,9,8,August,3,1996,Friday,False
19960810,1996-08-10,10,8,August,3,1996,Saturday,True
19960811,1996-08-11,11,8,August,3,1996,Sunday,True
19960812,1996-08-12,12,8,August,3,1996,Monday,False
19960813,1996-08-13,13,8,August,3,1996,Tuesday,False
19960814,1996-08-14,14,8,August,3,1996,Wednesday,False
19960815,1996-08-15,15,8,August,3,1996,Thursday,False
19960816,1996-08-16,16,8,August,3,1996,Friday,False
19960817,1996-08-17,17,8,August,3,1996,Saturday,True
19960818,1996-08-18,18,8,August,3,1996,Sunday,True
19960819,1996-08-19,19,8,August,3,1996,Monday,False
19960820,1996-08-20,20,8,August,3,1996,Tuesday,False
19960821,1996-08-21,21,8,August,3,1996,Wednesday,False
19960822,1996-08-22,22,8,August,3,1996,Thursday,False
19960823,1996-08-23,23,8,August,3,1996,Friday,False
19960824,1996-08-24,24,8,August,3,1996,Saturday,True
19960825,1996-08-25,25,8,August,3,1996,Sunday,True
19960826,1996-08-26,26,8,August,3,1996,Monday,False
19960827,1996-08-27,27,8,August,3,1996,Tuesday,False
19960828,1996-08-28,28,8,August,3,1996,Wednesday,False
19960829,1996-08-29,29,8,August,3,1996,Thursday,False
19960830,1996-08-30,30,8,August,3,1996,Friday,False
19960831,1996-08-31,31,8,August,3,1996,Saturday,True
19960901,1996-09-01,1,9,September,3,1996,Sunday,True
19960902,1996-09-02,2,9,September,3,1996,Monday,False
19960903,1996-09-03,3,9,September,3,1996,Tuesday,False
19960904,1996-09-04,4,9,September,3,1996,Wednesday,False
19960905,1996-09-05,5,9,September,3,1996,Thursday,False
19960906,1996-09-06,6,9,September,3,1996,Friday,False
19960907,1996-09-07,7,9,September,3,1996,Saturday,True
19960908,1996-09-08,8,9,September,3,1996,Sunday,True
19960909,1996-09-09,9,9,September,3,1996,Monday,False
19960910,1996-09-10,10,9,September,3,1996,Tuesday,False
19960911,1996-09-11,11,9,September,3,1996,Wednesday,False
19960912,1996-09-12,12,9,September,3,1996,Thursday,False
19960913,1996-09-13,13,9,September,3,1996,Friday,False
19960914,1996-09-14,14,9,September,3,1996,Saturday,True
19960915,1996-09-15,15,9,September,3,1996,Sunday,True
19960916,1996-09-16,16,9,September,3,1996,Monday,False
19960917,1996-09-17,17,9,September,3,1996,Tuesday,False
19960918,1996-09-18,18,9,September,3,1996,Wednesday,False
19960919,1996-09-19,19,9,September,3,1996,Thursday,False
19960920,1996-09-20,20,9,September,3,1996,Friday,False
19960921,1996-09-21,21,9,September,3,1996,Saturday,True
19960922,1996-09-22,22,9,September,3,1996,Sunday,True
19960923,1996-09-23,23,9,September,3,1996,Monday,False
19960924,1996-09-24,24,9,September,3,1996,Tuesday,False
19960925,1996-09-25,25,9,September,3,1996,Wednesday,False
19960926,1996-09-26,26,9,September,3,1996,Thursday,False
19960927,1996-09-27,27,9,September,3,1996,Friday,False
19960928,1996-09-28,28,9,September,3,1996,Saturday,True
19960929,1996-09-29,29,9,September,3,1996,Sunday,True
19960930,1996-09-30,30,9,September,3,1996,Monday,False
19961001,1996-10-01,1,10,October,4,1996,Tuesday,False
19961002,1996-10-02,2,10,October,4,1996,Wednesday,False
19961003,1996-10-03,3,10,October,4,1996,Thursday,False
19961004,1996-10-04,4,10,October,4,1996,Friday,False
19961005,1996-10-05,5,10,October,4,1996,Saturday,True
19961006,1996-10-06,6,10,October,4,1996,Sunday,True
19961007,1996-10-07,7,10,October,4,1996,Monday,False
19961008,1996-10-08,8,10,October,4,1996,Tuesday,False
19961009,1996-10-09,9,10,October,4,1996,Wednesday,False
19961010,1996-10-10,10,10,October,4,1996,Thursday,False
19961011,1996-10-11,11,10,October,4,1996,Friday,False
19961012,1996-10-12,12,10,October,4,1996,Saturday,True
19961013,1996-10-13,13,10,October,4,1996,Sunday,True
19961014,1996-10-14,14,10,October,4,1996,Monday,False
19961015,1996-10-15,15,10,October,4,1996,Tuesday,False
19961016,1996-10-16,16,10,October,4,1996,Wednesday,False
19961017,1996-10-17,17,10,October,4,1996,Thursday,False
19961018,1996-10-18,18,10,October,4,1996,Friday,False
19961019,1996-10-19,19,10,October,4,1996,Saturday,True
19961020,1996-10-20,20,10,October,4,1996,Sunday,True
19961021,1996-10-21,21,10,October,4,1996,Monday,False
19961022,1996-10-22,22,10,October,4,1996,Tuesday,False
19961023,1996-10-23,23,10,October,4,1996,Wednesday,False
19961024,1996-10-24,24,10,October,4,1996,Thursday,False
19961025,1996-10-25,25,10,October,4,1996,Friday,False
19961026,1996-10-26,26,10,October,4,1996,Saturday,True
19961027,1996-10-27,27,10,October,4,1996,Sunday,True
19961028,1996-10-28,28,10,October,4,1996,Monday,False
19961029,1996-10-29,29,10,October,4,1996,Tuesday,False
19961030,1996-10-30,30,10,October,4,1996,Wednesday,False
19961031,1996-10-31,31,10,October,4,1996,Thursday,False
19961101,1996-11-01,1,11,November,4,1996,Friday,False
19961102,1996-11-02,2,11,November,4,1996,Saturday,True
19961103,1996-11-03,3,11,November,4,1996,Sunday,True
19961104,1996-11-04,4,11,November,4,1996,Monday,False
19961105,1996-11-05,5,11,November,4,1996,Tuesday,False
19961106,1996-11-06,6,11,November,4,1996,Wednesday,False
19961107,1996-11-07,7,11,November,4,1996,Thursday,False
19961108,1996-11-08,8,11,November,4,1996,Friday,False
19961109,1996-11-09,9,11,November,4,1996,Saturday,True
19961110,1996-11-10,10,11,November,4,1996,Sunday,True
19961111,1996-11-11,11,11,November,4,1996,Monday,False
19961112,1996-11-12,12,11,November,4,1996,Tuesday,False
19961113,1996-11-13,13,11,November,4,1996,Wednesday,False
19961114,1996-11-14,14,11,November,4,1996,Thursday,False
19961115,1996-11-15,15,11,November,4,1996,Friday,False
19961116,1996-11-16,16,11,November,4,1996,Saturday,True
19961117,1996-11-17,17,11,November,4,1996,Sunday,True
19961118,1996-11-18,18,11,November,4,1996,Monday,False
19961119,1996-11-19,19,11,November,4,1996,Tuesday,False
19961120,1996-11-20,20,11,November,4,1996,Wednesday,False
19961121,1996-11-21,21,11,November,4,1996,Thursday,False
19961122,1996-11-22,22,11,November,4,1996,Friday,False
19961123,1996-11-23,23,11,November,4,1996,Saturday,True
19961124,1996-11-24,24,11,November,4,1996,Sunday,True
19961125,1996-11-25,25,11,November,4,1996,Monday,False
19961126,1996-11-26,26,11,November,4,1996,Tuesday,False
19961127,1996-11-27,27,11,November,4,1996,Wednesday,False
19961128,1996-11-28,28,11,November,4,1996,Thursday,False
19961129,1996-11-29,29,11,November,4,1996,Friday,False
19961130,1996-11-30,30,11,November,4,1996,Saturday,True
19961201,1996-12-01,1,12,December,4,1996,Sunday,True
19961202,1996-12-02,2,12,December,4,1996,Monday,False
19961203,1996-12-03,3,12,December,4,1996,Tuesday,False
19961204,1996-12-04,4,12,December,4,1996,Wednesday,False
19961205,1996-12-05,5,12,December,4,1996,Thursday,False
19961206,1996-12-06,6,12,December,4,1996,Friday,False
19961207,1996-12-07,7,12,December,4,1996,Saturday,True
19961208,1996-12-08,8,12,December,4,1996,Sunday,True
19961209,1996-12-09,9,12,December,4,1996,Monday,False
19961210,1996-12-10,10,12,December,4,1996,Tuesday,False
19961211,1996-12-11,11,12,December,4,1996,Wednesday,False
19961212,1996-12-12,12,12,December,4,1996,Thursday,False
19961213,1996-12-13,13,12,December,4,1996,Friday,False
19961214,1996-12-14,14,12,December,4,1996,Saturday,True
19961215,1996-12-15,15,12,December,4,1996,Sunday,True
19961216,1996-12-16,16,12,December,4,1996,Monday,False
19961217,1996-12-17,17,12,December,4,1996,Tuesday,False
19961218,1996-12-18,18,12,December,4,1996,Wednesday,False
19961219,1996-12-19,19,12,December,4,1996,Thursday,False
19961220,1996-12-20,20,12,December,4,1996,Friday,False
19961221,1996-12-21,21,12,December,4,1996,Saturday,True
19961222,1996-12-22,22,12,December,4,1996,Sunday,True
19961223,1996-12-23,23,12,December,4,1996,Monday,False
19961224,1996-12-24,24,12,December,4,1996,Tuesday,False
19961225,1996-12-25,25,12,December,4,1996,Wednesday,False
19961226,1996-12-26,26,12,December,4,1996,Thursday,False
19961227,1996-12-27,27,12,December,4,1996,Friday,False
19961228,1996-12-28,28,12,December,4,1996,Saturday,True
19961229,1996-12-29,29,12,December,4,1996,Sunday,True
19961230,1996-12-30,30,12,December,4,1996,Monday,False
19961231,1996-12-31,31,12,December,4,1996,Tuesday,False
19970101,1997-01-01,1,1,January,1,1997,Wednesday,False
19970102,1997-01-02,2,1,January,1,1997,Thursday,False
19970103,1997-01-03,3,1,January,1,1997,Friday,False
19970104,1997-01-04,4,1,January,1,1997,Saturday,True
19970105,1997-01-05,5,1,January,1,1997,Sunday,True
19970106,1997-01-06,6,1,January,1,1997,Monday,False
19970107,1997-01-07,7,1,January,1,1997,Tuesday,False
19970108,1997-01-08,8,1,January,1,1997,Wednesday,False
19970109,1997-01-09,9,1,January,1,1997,Thursday,False
19970110,1997-01-10,10,1,January,1,1997,Friday,False
19970111,1997-01-11,11,1,January,1,1997,Saturday,True
19970112,1997-01-12,12,1,January,1,1997,Sunday,True
19970113,1997-01-13,13,1,January,1,1997,Monday,False
19970114,1997-01-14,14,1,January,1,1997,Tuesday,False
19970115,1997-01-15,15,1,January,1,1997,Wednesday,False
19970116,1997-01-16,16,1,January,1,1997,Thursday,False
19970117,1997-01-17,17,1,January,1,1997,Friday,False
19970118,1997-01-18,18,1,January,1,1997,Saturday,True
19970119,1997-01-19,19,1,January,1,1997,Sunday,True
19970120,1997-01-20,20,1,January,1,1997,Monday,False
19970121,1997-01-21,21,1,January,1,1997,Tuesday,False
19970122,1997-01-22,22,1,January,1,1997,Wednesday,False
19970123,1997-01-23,23,1,January,1,1997,Thursday,False
19970124,1997-01-24,24,1,January,1,1997,Friday,False
19970125,1997-01-25,25,1,January,1,1997,Saturday,True
19970126,1997-01-26,26,1,January,1,1997,Sunday,True
19970127,1997-01-27,27,1,January,1,1997,Monday,False
19970128,1997-01-28,28,1,January,1,1997,Tuesday,False
19970129,1997-01-29,29,1,January,1,1997,Wednesday,False
19970130,1997-01-30,30,1,January,1,1997,Thursday,False
19970131,1997-01-31,31,1,January,1,1997,Friday,False
19970201,1997-02-01,1,2,February,1,1997,Saturday,True
19970202,1997-02-02,2,2,February,1,1997,Sunday,True
19970203,1997-02-03,3,2,February,1,1997,Monday,False
19970204,1997-02-04,4,2,February,1,1997,Tuesday,False
19970205,1997-02-05,5,2,February,1,1997,Wednesday,False
19970206,1997-02-06,6,2,February,1,1997,Thursday,False
19970207,1997-02-07,7,2,February,1,1997,Friday,False
19970208,1997-02-08,8,2,February,1,1997,Saturday,True
19970209,1997-02-09,9,2,February,1,1997,Sunday,True
19970210,1997-02-10,10,2,February,1,1997,Monday,False
19970211,1997-02-11,11,2,February,1,1997,Tuesday,False
19970212,1997-02-12,12,2,February,1,1997,Wednesday,False
19970213,1997-02-13,13,2,February,1,1997,Thursday,False
19970214,1997-02-14,14,2,February,1,1997,Friday,False
19970215,1997-02-15,15,2,February,1,1997,Saturday,True
19970216,1997-02-16,16,2,February,1,1997,Sunday,True
19970217,1997-02-17,17,2,February,1,1997,Monday,False
19970218,1997-02-18,18,2,February,1,1997,Tuesday,False
19970219,1997-02-19,19,2,February,1,1997,Wednesday,False
19970220,1997-02-20,20,2,February,1,1997,Thursday,False
19970221,1997-02-21,21,2,February,1,1997,Friday,False
19970222,1997-02-22,22,2,February,1,1997,Saturday,True
19970223,1997-02-23,23,2,February,1,1997,Sunday,True
19970224,1997-02-24,24,2,February,1,1997,Monday,False
19970225,1997-02-25,25,2,February,1,1997,Tuesday,False
19970226,1997-02-26,26,2,February,1,1997,Wednesday,False
19970227,1997-02-27,27,2,February,1,1997,Thursday,False
19970228,1997-02-28,28,2,February,1,1997,Friday,False
19970301,1997-03-01,1,3,March,1,1997,Saturday,True
19970302,1997-03-02,2,3,March,1,1997,Sunday,True
19970303,1997-03-03,3,3,March,1,1997,Monday,False
19970304,1997-03-04,4,3,March,1,1997,Tuesday,False
19970305,1997-03-05,5,3,March,1,1997,Wednesday,False
19970306,1997-03-06,6,3,March,1,1997,Thursday,False
19970307,1997-03-07,7,3,March,1,1997,Friday,False
19970308,1997-03-08,8,3,March,1,1997,Saturday,True
19970309,1997-03-09,9,3,March,1,1997,Sunday,True
19970310,1997-03-10,10,3,March,1,1997,Monday,False
19970311,1997-03-11,11,3,March,1,1997,Tuesday,False
19970312,1997-03-12,12,3,March,1,1997,Wednesday,False
19970313,1997-03-13,13,3,March,1,1997,Thursday,False
19970314,1997-03-14,14,3,March,1,1997,Friday,False
19970315,1997-03-15,15,3,March,1,1997,Saturday,True
19970316,1997-03-16,16,3,March,1,1997,Sunday,True
19970317,1997-03-17,17,3,March,1,1997,Monday,False
19970318,1997-03-18,18,3,March,1,1997,Tuesday,False
19970319,1997-03-19,19,3,March,1,1997,Wednesday,False
19970320,1997-03-20,20,3,March,1,1997,Thursday,False
19970321,1997-03-21,21,3,March,1,1997,Friday,False
19970322,1997-03-22,22,3,March,1,1997,Saturday,True
19970323,1997-03-23,23,3,March,1,1997,Sunday,True
19970324,1997-03-24,24,3,March,1,1997,Monday,False
19970325,1997-03-25,25,3,March,1,1997,Tuesday,False
19970326,1997-03-26,26,3,March,1,1997,Wednesday,False
19970327,1997-03-27,27,3,March,1,1997,Thursday,False
19970328,1997-03-28,28,3,March,1,1997,Friday,False
19970329,1997-03-29,29,3,March,1,1997,Saturday,True
19970330,1997-03-30,30,3,March,1,1997,Sunday,True
19970331,1997-03-31,31,3,March,1,1997,Monday,False
19970401,1997-04-01,1,4,April,2,1997,Tuesday,False
19970402,1997-04-02,2,4,April,2,1997,Wednesday,False
19970403,1997-04-03,3,4,April,2,1997,Thursday,False
19970404,1997-04-04,4,4,April,2,1997,Friday,False
19970405,1997-04-05,5,4,April,2,1997,Saturday,True
19970406,1997-04-06,6,4,April,2,1997,Sunday,True
19970407,1997-04-07,7,4,April,2,1997,Monday,False
19970408,1997-04-08,8,4,April,2,1997,Tuesday,False
19970409,1997-04-09,9,4,April,2,1997,Wednesday,False
19970410,1997-04-10,10,4,April,2,1997,Thursday,False
19970411,1997-04-11,11,4,April,2,1997,Friday,False
19970412,1997-04-12,12,4,April,2,1997,Saturday,True
19970413,1997-04-13,13,4,April,2,1997,Sunday,True
19970414,1997-04-14,14,4,April,2,1997,Monday,False
19970415,1997-04-15,15,4,April,2,1997,Tuesday,False
19970416,1997-04-16,16,4,April,2,1997,Wednesday,False
19970417,1997-04-17,17,4,April,2,1997,Thursday,False
19970418,1997-04-18,18,4,April,2,1997,Friday,False
19970419,1997-04-19,19,4,April,2,1997,Saturday,True
19970420,1997-04-20,20,4,April,2,1997,Sunday,True
19970421,1997-04-21,21,4,April,2,1997,Monday,False
19970422,1997-04-22,22,4,April,2,1997,Tuesday,False
19970423,1997-04-23,23,4,April,2,1997,Wednesday,False
19970424,1997-04-24,24,4,April,2,1997,Thursday,False
19970425,1997-04-25,25,4,April,2,1997,Friday,False
19970426,1997-04-26,26,4,April,2,1997,Saturday,True
19970427,1997-04-27,27,4,April,2,1997,Sunday,True
19970428,1997-04-28,28,4,April,2,1997,Monday,False
19970429,1997-04-29,29,4,April,2,1997,Tuesday,False
19970430,1997-04-30,30,4,April,2,1997,Wednesday,False
19970501,1997-05-01,1,5,May,2,1997,Thursday,False
19970502,1997-05-02,2,5,May,2,1997,Friday,False
19970503,1997-05-03,3,5,May,2,1997,Saturday,True
19970504,1997-05-04,4,5,May,2,1997,Sunday,True
19970505,1997-05-05,5,5,May,2,1997,Monday,False
19970506,1997-05-06,6,5,May,2,1997,Tuesday,False
19970507,1997-05-07,7,5,May,2,1997,Wednesday,False
19970508,1997-05-08,8,5,May,2,1997,Thursday,False
19970509,1997-05-09,9,5,May,2,1997,Friday,False
19970510,1997-05-10,10,5,May,2,1997,Saturday,True
19970511,1997-05-11,11,5,May,2,1997,Sunday,True
19970512,1997-05-12,12,5,May,2,1997,Monday,False
19970513,1997-05-13,13,5,May,2,1997,Tuesday,False
19970514,1997-05-14,14,5,May,2,1997,Wednesday,False
19970515,1997-05-15,15,5,May,2,1997,Thursday,False
19970516,1997-05-16,16,5,May,2,1997,Friday,False
19970517,1997-05-17,17,5,May,2,1997,Saturday,True
19970518,1997-05-18,18,5,May,2,1997,Sunday,True
19970519,1997-05-19,19,5,May,2,1997,Monday,False
19970520,1997-05-20,20,5,May,2,1997,Tuesday,False
19970521,1997-05-21,21,5,May,2,1997,Wednesday,False
19970522,1997-05-22,22,5,May,2,1997,Thursday,False
19970523,1997-05-23,23,5,May,2,1997,Friday,False
19970524,1997-05-24,24,5,May,2,1997,Saturday,True
19970525,1997-05-25,25,5,May,2,1997,Sunday,True
19970526,1997-05-26,26,5,May,2,1997,Monday,False
19970527,1997-05-27,27,5,May,2,1997,Tuesday,False
19970528,1997-05-28,28,5,May,2,1997,Wednesday,False
19970529,1997-05-29,29,5,May,2,1997,Thursday,False
19970530,1997-05-30,30,5,May,2,1997,Friday,False
19970531,1997-05-31,31,5,May,2,1997,Saturday,True
19970601,1997-06-01,1,6,June,2,1997,Sunday,True
19970602,1997-06-02,2,6,June,2,1997,Monday,False
19970603,1997-06-03,3,6,June,2,1997,Tuesday,False
19970604,1997-06-04,4,6,June,2,1997,Wednesday,False
19970605,1997-06-05,5,6,June,2,1997,Thursday,False
19970606,1997-06-06,6,6,June,2,1997,Friday,False
19970607,1997-06-07,7,6,June,2,1997,Saturday,True
19970608,1997-06-08,8,6,June,2,1997,Sunday,True
19970609,1997-06-09,9,6,June,2,1997,Monday,False
19970610,1997-06-10,10,6,June,2,1997,Tuesday,False
19970611,1997-06-11,11,6,June,2,1997,Wednesday,False
19970612,1997-06-12,12,6,June,2,1997,Thursday,False
19970613,1997-06-13,13,6,June,2,1997,Friday,False
19970614,1997-06-14,14,6,June,2,1997,Saturday,True
19970615,1997-06-15,15,6,June,2,1997,Sunday,True
19970616,1997-06-16,16,6,June,2,1997,Monday,False
19970617,1997-06-17,17,6,June,2,1997,Tuesday,False
19970618,1997-06-18,18,6,June,2,1997,Wednesday,False
19970619,1997-06-19,19,6,June,2,1997,Thursday,False
19970620,1997-06-20,20,6,June,2,1997,Friday,False
19970621,1997-06-21,21,6,June,2,1997,Saturday,True
19970622,1997-06-22,22,6,June,2,1997,Sunday,True
19970623,1997-06-23,23,6,June,2,1997,Monday,False
19970624,1997-06-24,24,6,June,2,1997,Tuesday,False
19970625,1997-06-25,25,6,June,2,1997,Wednesday,False
19970626,1997-06-26,26,6,June,2,1997,Thursday,False
19970627,1997-06-27,27,6,June,2,1997,Friday,False
19970628,1997-06-28,28,6,June,2,1997,Saturday,True
19970629,1997-06-29,29,6,June,2,1997,Sunday,True
19970630,1997-06-30,30,6,June,2,1997,Monday,False
19970701,1997-07-01,1,7,July,3,1997,Tuesday,False
19970702,1997-07-02,2,7,July,3,1997,Wednesday,False
19970703,1997-07-03,3,7,July,3,1997,Thursday,False
19970704,1997-07-04,4,7,July,3,1997,Friday,False
19970705,1997-07-05,5,7,July,3,1997,Saturday,True
19970706,1997-07-06,6,7,July,3,1997,Sunday,True
19970707,1997-07-07,7,7,July,3,1997,Monday,False
19970708,1997-07-08,8,7,July,3,1997,Tuesday,False
19970709,1997-07-09,9,7,July,3,1997,Wednesday,False
19970710,1997-07-10,10,7,July,3,1997,Thursday,False
19970711,1997-07-11,11,7,July,3,1997,Friday,False
19970712,1997-07-12,12,7,July,3,1997,Saturday,True
19970713,1997-07-13,13,7,July,3,1997,Sunday,True
19970714,1997-07-14,14,7,July,3,1997,Monday,False
19970715,1997-07-15,15,7,July,3,1997,Tuesday,False
19970716,1997-07-16,16,7,July,3,1997,Wednesday,False
19970717,1997-07-17,17,7,July,3,1997,Thursday,False
19970718,1997-07-18,18,7,July,3,1997,Friday,False
19970719,1997-07-19,19,7,July,3,1997,Saturday,True
19970720,1997-07-20,20,7,July,3,1997,Sunday,True
19970721,1997-07-21,21,7,July,3,1997,Monday,False
19970722,1997-07-22,22,7,July,3,1997,Tuesday,False
19970723,1997-07-23,23,7,July,3,1997,Wednesday,False
19970724,1997-07-24,24,7,July,3,1997,Thursday,False
19970725,1997-07-25,25,7,July,3,1997,Friday,False
19970726,1997-07-26,26,7,July,3,1997,Saturday,True
19970727,1997-07-27,27,7,July,3,1997,Sunday,True
19970728,1997-07-28,28,7,July,3,1997,Monday,False
19970729,1997-07-29,29,7,July,3,1997,Tuesday,False
19970730,1997-07-30,30,7,July,3,1997,Wednesday,False
19970731,1997-07-31,31,7,July,3,1997,Thursday,False
19970801,1997-08-01,1,8,August,3,1997,Friday,False
19970802,1997-08-02,2,8,August,3,1997,Saturday,True
19970803,1997-08-03,3,8,August,3,1997,Sunday,True
19970804,1997-08-04,4,8,August,3,1997,Monday,False
19970805,1997-08-05,5,8,August,3,1997,Tuesday,False
19970806,1997-08-06,6,8,August,3,1997,Wednesday,False
19970807,1997-08-07,7,8,August,3,1997,Thursday,False
19970808,1997-08-08,8,8,August,3,1997,Friday,False
19970809,1997-08-09,9,8,August,3,1997,Saturday,True
19970810,1997-08-10,10,8,August,3,1997,Sunday,True
19970811,1997-08-11,11,8,August,3,1997,Monday,False
19970812,1997-08-12,12,8,August,3,1997,Tuesday,False
19970813,1997-08-13,13,8,August,3,1997,Wednesday,False
19970814,1997-08-14,14,8,August,3,1997,Thursday,False
19970815,1997-08-15,15,8,August,3,1997,Friday,False
19970816,1997-08-16,16,8,August,3,1997,Saturday,True
19970817,1997-08-17,17,8,August,3,1997,Sunday,True
19970818,1997-08-18,18,8,August,3,1997,Monday,False
19970819,1997-08-19,19,8,August,3,1997,Tuesday,False
19970820,1997-08-20,20,8,August,3,1997,Wednesday,False
19970821,1997-08-21,21,8,August,3,1997,Thursday,False
19970822,1997-08-22,22,8,August,3,1997,Friday,False
19970823,1997-08-23,23,8,August,3,1997,Saturday,True
19970824,1997-08-24,24,8,August,3,1997,Sunday,True
19970825,1997-08-25,25,8,August,3,1997,Monday,False
19970826,1997-08-26,26,8,August,3,1997,Tuesday,False
19970827,1997-08-27,27,8,August,3,1997,Wednesday,False
19970828,1997-08-28,28,8,August,3,1997,Thursday,False
19970829,1997-08-29,29,8,August,3,1997,Friday,False
19970830,1997-08-30,30,8,August,3,1997,Saturday,True
19970831,1997-08-31,31,8,August,3,1997,Sunday,True
19970901,1997-09-01,1,9,September,3,1997,Monday,False
19970902,1997-09-02,2,9,September,3,1997,Tuesday,False
19970903,1997-09-03,3,9,September,3,1997,Wednesday,False
19970904,1997-09-04,4,9,September,3,1997,Thursday,False
19970905,1997-09-05,5,9,September,3,1997,Friday,False
19970906,1997-09-06,6,9,September,3,1997,Saturday,True
19970907,1997-09-07,7,9,September,3,1997,Sunday,True
19970908,1997-09-08,8,9,September,3,1997,Monday,False
19970909,1997-09-09,9,9,September,3,1997,Tuesday,False
19970910,1997-09-10,10,9,September,3,1997,Wednesday,False
19970911,1997-09-11,11,9,September,3,1997,Thursday,False
19970912,1997-09-12,12,9,September,3,1997,Friday,False
19970913,1997-09-13,13,9,September,3,1997,Saturday,True
19970914,1997-09-14,14,9,September,3,1997,Sunday,True
19970915,1997-09-15,15,9,September,3,1997,Monday,False
19970916,1997-09-16,16,9,September,3,1997,Tuesday,False
19970917,1997-09-17,17,9,September,3,1997,Wednesday,False
19970918,1997-09-18,18,9,September,3,1997,Thursday,False
19970919,1997-09-19,19,9,September,3,1997,Friday,False
19970920,1997-09-20,20,9,September,3,1997,Saturday,True
19970921,1997-09-21,21,9,September,3,1997,Sunday,True
19970922,1997-09-22,22,9,September,3,1997,Monday,False
19970923,1997-09-23,23,9,September,3,1997,Tuesday,False
19970924,1997-09-24,24,9,September,3,1997,Wednesday,False
19970925,1997-09-25,25,9,September,3,1997,Thursday,False
19970926,1997-09-26,26,9,September,3,1997,Friday,False
19970927,1997-09-27,27,9,September,3,1997,Saturday,True
19970928,1997-09-28,28,9,September,3,1997,Sunday,True
19970929,1997-09-29,29,9,September,3,1997,Monday,False
19970930,1997-09-30,30,9,September,3,1997,Tuesday,False
19971001,1997-10-01,1,10,October,4,1997,Wednesday,False
19971002,1997-10-02,2,10,October,4,1997,Thursday,False
19971003,1997-10-03,3,10,October,4,1997,Friday,False
19971004,1997-10-04,4,10,October,4,1997,Saturday,True
19971005,1997-10-05,5,10,October,4,1997,Sunday,True
19971006,1997-10-06,6,10,October,4,1997,Monday,False
19971007,1997-10-07,7,10,October,4,1997,Tuesday,False
19971008,1997-10-08,8,10,October,4,1997,Wednesday,False
19971009,1997-10-09,9,10,October,4,1997,Thursday,False
19971010,1997-10-10,10,10,October,4,1997,Friday,False
19971011,1997-10-11,11,10,October,4,1997,Saturday,True
19971012,1997-10-12,12,10,October,4,1997,Sunday,True
19971013,1997-10-13,13,10,October,4,1997,Monday,False
19971014,1997-10-14,14,10,October,4,1997,Tuesday,False
19971015,1997-10-15,15,10,October,4,1997,Wednesday,False
19971016,1997-10-16,16,10,October,4,1997,Thursday,False
19971017,1997-10-17,17,10,October,4,1997,Friday,False
19971018,1997-10-18,18,10,October,4,1997,Saturday,True
19971019,1997-10-19,19,10,October,4,1997,Sunday,True
19971020,1997-10-20,20,10,October,4,1997,Monday,False
19971021,1997-10-21,21,10,October,4,1997,Tuesday,False
19971022,1997-10-22,22,10,October,4,1997,Wednesday,False
19971023,1997-10-23,23,10,October,4,1997,Thursday,False
19971024,1997-10-24,24,10,October,4,1997,Friday,False
19971025,1997-10-25,25,10,October,4,1997,Saturday,True
19971026,1997-10-26,26,10,October,4,1997,Sunday,True
19971027,1997-10-27,27,10,October,4,1997,Monday,False
19971028,1997-10-28,28,10,October,4,1997,Tuesday,False
19971029,1997-10-29,29,10,October,4,1997,Wednesday,False
19971030,1997-10-30,30,10,October,4,1997,Thursday,False
19971031,1997-10-31,31,10,October,4,1997,Friday,False
19971101,1997-11-01,1,11,November,4,1997,Saturday,True
19971102,1997-11-02,2,11,November,4,1997,Sunday,True
19971103,1997-11-03,3,11,November,4,1997,Monday,False
19971104,1997-11-04,4,11,November,4,1997,Tuesday,False
19971105,1997-11-05,5,11,November,4,1997,Wednesday,False
19971106,1997-11-06,6,11,November,4,1997,Thursday,False
19971107,1997-11-07,7,11,November,4,1997,Friday,False
19971108,1997-11-08,8,11,November,4,1997,Saturday,True
19971109,1997-11-09,9,11,November,4,1997,Sunday,True
19971110,1997-11-10,10,11,November,4,1997,Monday,False
19971111,1997-11-11,11,11,November,4,1997,Tuesday,False
19971112,1997-11-12,12,11,November,4,1997,Wednesday,False
19971113,1997-11-13,13,11,November,4,1997,Thursday,False
19971114,1997-11-14,14,11,November,4,1997,Friday,False
19971115,1997-11-15,15,11,November,4,1997,Saturday,True
19971116,1997-11-16,16,11,November,4,1997,Sunday,True
19971117,1997-11-17,17,11,November,4,1997,Monday,False
19971118,1997-11-18,18,11,November,4,1997,Tuesday,False
19971119,1997-11-19,19,11,November,4,1997,Wednesday,False
19971120,1997-11-20,20,11,November,4,1997,Thursday,False
19971121,1997-11-21,21,11,November,4,1997,Friday,False
19971122,1997-11-22,22,11,November,4,1997,Saturday,True
19971123,1997-11-23,23,11,November,4,1997,Sunday,True
19971124,1997-11-24,24,11,November,4,1997,Monday,False
19971125,1997-11-25,25,11,November,4,1997,Tuesday,False
19971126,1997-11-26,26,11,November,4,1997,Wednesday,False
19971127,1997-11-27,27,11,November,4,1997,Thursday,False
19971128,1997-11-28,28,11,November,4,1997,Friday,False
19971129,1997-11-29,29,11,November,4,1997,Saturday,True
19971130,1997-11-30,30,11,November,4,1997,Sunday,True
19971201,1997-12-01,1,12,December,4,1997,Monday,False
19971202,1997-12-02,2,12,December,4,1997,Tuesday,False
19971203,1997-12-03,3,12,December,4,1997,Wednesday,False
19971204,1997-12-04,4,12,December,4,1997,Thursday,False
19971205,1997-12-05,5,12,December,4,1997,Friday,False
19971206,1997-12-06,6,12,December,4,1997,Saturday,True
19971207,1997-12-07,7,12,December,4,1997,Sunday,True
19971208,1997-12-08,8,12,December,4,1997,Monday,False
19971209,1997-12-09,9,12,December,4,1997,Tuesday,False
19971210,1997-12-10,10,12,December,4,1997,Wednesday,False
19971211,1997-12-11,11,12,December,4,1997,Thursday,False
19971212,1997-12-12,12,12,December,4,1997,Friday,False
19971213,1997-12-13,13,12,December,4,1997,Saturday,True
19971214,1997-12-14,14,12,December,4,1997,Sunday,True
19971215,1997-12-15,15,12,December,4,1997,Monday,False
19971216,1997-12-16,16,12,December,4,1997,Tuesday,False
19971217,1997-12-17,17,12,December,4,1997,Wednesday,False
19971218,1997-12-18,18,12,December,4,1997,Thursday,False
19971219,1997-12-19,19,12,December,4,1997,Friday,False
19971220,1997-12-20,20,12,December,4,1997,Saturday,True
19971221,1997-12-21,21,12,December,4,1997,Sunday,True
19971222,1997-12-22,22,12,December,4,1997,Monday,False
19971223,1997-12-23,23,12,December,4,1997,Tuesday,False
19971224,1997-12-24,24,12,December,4,1997,Wednesday,False
19971225,1997-12-25,25,12,December,4,1997,Thursday,False
19971226,1997-12-26,26,12,December,4,1997,Friday,False
19971227,1997-12-27,27,12,December,4,1997,Saturday,True
19971228,1997-12-28,28,12,December,4,1997,Sunday,True
19971229,1997-12-29,29,12,December,4,1997,Monday,False
19971230,1997-12-30,30,12,December,4,1997,Tuesday,False
19971231,1997-12-31,31,12,December,4,1997,Wednesday,False
19980101,1998-01-01,1,1,January,1,1998,Thursday,False
19980102,1998-01-02,2,1,January,1,1998,Friday,False
19980103,1998-01-03,3,1,January,1,1998,Saturday,True
19980104,1998-01-04,4,1,January,1,1998,Sunday,True
19980105,1998-01-05,5,1,January,1,1998,Monday,False
19980106,1998-01-06,6,1,January,1,1998,Tuesday,False
19980107,1998-01-07,7,1,January,1,1998,Wednesday,False
19980108,1998-01-08,8,1,January,1,1998,Thursday,False
19980109,1998-01-09,9,1,January,1,1998,Friday,False
19980110,1998-01-10,10,1,January,1,1998,Saturday,True
19980111,1998-01-11,11,1,January,1,1998,Sunday,True
19980112,1998-01-12,12,1,January,1,1998,Monday,False
19980113,1998-01-13,13,1,January,1,1998,Tuesday,False
19980114,1998-01-14,14,1,January,1,1998,Wednesday,False
19980115,1998-01-15,15,1,January,1,1998,Thursday,False
19980116,1998-01-16,16,1,January,1,1998,Friday,False
19980117,1998-01-17,17,1,January,1,1998,Saturday,True
19980118,1998-01-18,18,1,January,1,1998,Sunday,True
19980119,1998-01-19,19,1,January,1,1998,Monday,False
19980120,1998-01-20,20,1,January,1,1998,Tuesday,False
19980121,1998-01-21,21,1,January,1,1998,Wednesday,False
19980122,1998-01-22,22,1,January,1,1998,Thursday,False
19980123,1998-01-23,23,1,January,1,1998,Friday,False
19980124,1998-01-24,24,1,January,1,1998,Saturday,True
19980125,1998-01-25,25,1,January,1,1998,Sunday,True
19980126,1998-01-26,26,1,January,1,1998,Monday,False
19980127,1998-01-27,27,1,January,1,1998,Tuesday,False
19980128,1998-01-28,28,1,January,1,1998,Wednesday,False
19980129,1998-01-29,29,1,January,1,1998,Thursday,False
19980130,1998-01-30,30,1,January,1,1998,Friday,False
19980131,1998-01-31,31,1,January,1,1998,Saturday,True
19980201,1998-02-01,1,2,February,1,1998,Sunday,True
19980202,1998-02-02,2,2,February,1,1998,Monday,False
19980203,1998-02-03,3,2,February,1,1998,Tuesday,False
19980204,1998-02-04,4,2,February,1,1998,Wednesday,False
19980205,1998-02-05,5,2,February,1,1998,Thursday,False
19980206,1998-02-06,6,2,February,1,1998,Friday,False
19980207,1998-02-07,7,2,February,1,1998,Saturday,True
19980208,1998-02-08,8,2,February,1,1998,Sunday,True
19980209,1998-02-09,9,2,February,1,1998,Monday,False
19980210,1998-02-10,10,2,February,1,1998,Tuesday,False
19980211,1998-02-11,11,2,February,1,1998,Wednesday,False
19980212,1998-02-12,12,2,February,1,1998,Thursday,False
19980213,1998-02-13,13,2,February,1,1998,Friday,False
19980214,1998-02-14,14,2,February,1,1998,Saturday,True
19980215,1998-02-15,15,2,February,1,1998,Sunday,True
19980216,1998-02-16,16,2,February,1,1998,Monday,False
19980217,1998-02-17,17,2,February,1,1998,Tuesday,False
19980218,1998-02-18,18,2,February,1,1998,Wednesday,False
19980219,1998-02-19,19,2,February,1,1998,Thursday,False
19980220,1998-02-20,20,2,February,1,1998,Friday,False
19980221,1998-02-21,21,2,February,1,1998,Saturday,True
19980222,1998-02-22,22,2,February,1,1998,Sunday,True
19980223,1998-02-23,23,2,February,1,1998,Monday,False
19980224,1998-02-24,24,2,February,1,1998,Tuesday,False
19980225,1998-02-25,25,2,February,1,1998,Wednesday,False
19980226,1998-02-26,26,2,February,1,1998,Thursday,False
19980227,1998-02-27,27,2,February,1,1998,Friday,False
19980228,1998-02-28,28,2,February,1,1998,Saturday,True
19980301,1998-03-01,1,3,March,1,1998,Sunday,True
19980302,1998-03-02,2,3,March,1,1998,Monday,False
19980303,1998-03-03,3,3,March,1,1998,Tuesday,False
19980304,1998-03-04,4,3,March,1,1998,Wednesday,False
19980305,1998-03-05,5,3,March,1,1998,Thursday,False
19980306,1998-03-06,6,3,March,1,1998,Friday,False
19980307,1998-03-07,7,3,March,1,1998,Saturday,True
19980308,1998-03-08,8,3,March,1,1998,Sunday,True
19980309,1998-03-09,9,3,March,1,1998,Monday,False
19980310,1998-03-10,10,3,March,1,1998,Tuesday,False
19980311,1998-03-11,11,3,March,1,1998,Wednesday,False
19980312,1998-03-12,12,3,March,1,1998,Thursday,False
19980313,1998-03-13,13,3,March,1,1998,Friday,False
19980314,1998-03-14,14,3,March,1,1998,Saturday,True
19980315,1998-03-15,15,3,March,1,1998,Sunday,True
19980316,1998-03-16,16,3,March,1,1998,Monday,False
19980317,1998-03-17,17,3,March,1,1998,Tuesday,False
19980318,1998-03-18,18,3,March,1,1998,Wednesday,False
19980319,1998-03-19,19,3,March,1,1998,Thursday,False
19980320,1998-03-20,20,3,March,1,1998,Friday,False
19980321,1998-03-21,21,3,March,1,1998,Saturday,True
19980322,1998-03-22,22,3,March,1,1998,Sunday,True
19980323,1998-03-23,23,3,March,1,1998,Monday,False
19980324,1998-03-24,24,3,March,1,1998,Tuesday,False
19980325,1998-03-25,25,3,March,1,1998,Wednesday,False
19980326,1998-03-26,26,3,March,1,1998,Thursday,False
19980327,1998-03-27,27,3,March,1,1998,Friday,False
19980328,1998-03-28,28,3,March,1,1998,Saturday,True
19980329,1998-03-29,29,3,March,1,1998,Sunday,True
19980330,1998-03-30,30,3,March,1,1998,Monday,False
19980331,1998-03-31,31,3,March,1,1998,Tuesday,False
19980401,1998-04-01,1,4,April,2,1998,Wednesday,False
19980402,1998-04-02,2,4,April,2,1998,Thursday,False
19980403,1998-04-03,3,4,April,2,1998,Friday,False
19980404,1998-04-04,4,4,April,2,1998,Saturday,True
19980405,1998-04-05,5,4,April,2,1998,Sunday,True
19980406,1998-04-06,6,4,April,2,1998,Monday,False
19980407,1998-04-07,7,4,April,2,1998,Tuesday,False
19980408,1998-04-08,8,4,April,2,1998,Wednesday,False
19980409,1998-04-09,9,4,April,2,1998,Thursday,False
19980410,1998-04-10,10,4,April,2,1998,Friday,False
19980411,1998-04-11,11,4,April,2,1998,Saturday,True
19980412,1998-04-12,12,4,April,2,1998,Sunday,True
19980413,1998-04-13,13,4,April,2,1998,Monday,False
19980414,1998-04-14,14,4,April,2,1998,Tuesday,False
19980415,1998-04-15,15,4,April,2,1998,Wednesday,False
19980416,1998-04-16,16,4,April,2,1998,Thursday,False
19980417,1998-04-17,17,4,April,2,1998,Friday,False
19980418,1998-04-18,18,4,April,2,1998,Saturday,True
19980419,1998-04-19,19,4,April,2,1998,Sunday,True
19980420,1998-04-20,20,4,April,2,1998,Monday,False
19980421,1998-04-21,21,4,April,2,1998,Tuesday,False
19980422,1998-04-22,22,4,April,2,1998,Wednesday,False
19980423,1998-04-23,23,4,April,2,1998,Thursday,False
19980424,1998-04-24,24,4,April,2,1998,Friday,False
19980425,1998-04-25,25,4,April,2,1998,Saturday,True
19980426,1998-04-26,26,4,April,2,1998,Sunday,True
19980427,1998-04-27,27,4,April,2,1998,Monday,False
19980428,1998-04-28,28,4,April,2,1998,Tuesday,False
19980429,1998-04-29,29,4,April,2,1998,Wednesday,False
19980430,1998-04-30,30,4,April,2,1998,Thursday,False
19980501,1998-05-01,1,5,May,2,1998,Friday,False
19980502,1998-05-02,2,5,May,2,1998,Saturday,True
19980503,1998-05-03,3,5,May,2,1998,Sunday,True
19980504,1998-05-04,4,5,May,2,1998,Monday,False
19980505,1998-05-05,5,5,May,2,1998,Tuesday,False
19980506,1998-05-06,6,5,May,2,1998,Wednesday,False
19980507,1998-05-07,7,5,May,2,1998,Thursday,False
19980508,1998-05-08,8,5,May,2,1998,Friday,False
19980509,1998-05-09,9,5,May,2,1998,Saturday,True
19980510,1998-05-10,10,5,May,2,1998,Sunday,True
19980511,1998-05-11,11,5,May,2,1998,Monday,False
19980512,1998-05-12,12,5,May,2,1998,Tuesday,False
19980513,1998-05-13,13,5,May,2,1998,Wednesday,False
19980514,1998-05-14,14,5,May,2,1998,Thursday,False
19980515,1998-05-15,15,5,May,2,1998,Friday,False
19980516,1998-05-16,16,5,May,2,1998,Saturday,True
19980517,1998-05-17,17,5,May,2,1998,Sunday,True
19980518,1998-05-18,18,5,May,2,1998,Monday,False
19980519,1998-05-19,19,5,May,2,1998,Tuesday,False
19980520,1998-05-20,20,5,May,2,1998,Wednesday,False
19980521,1998-05-21,21,5,May,2,1998,Thursday,False
19980522,1998-05-22,22,5,May,2,1998,Friday,False
19980523,1998-05-23,23,5,May,2,1998,Saturday,True
19980524,1998-05-24,24,5,May,2,1998,Sunday,True
19980525,1998-05-25,25,5,May,2,1998,Monday,False
19980526,1998-05-26,26,5,May,2,1998,Tuesday,False
19980527,1998-05-27,27,5,May,2,1998,Wednesday,False
19980528,1998-05-28,28,5,May,2,1998,Thursday,False
19980529,1998-05-29,29,5,May,2,1998,Friday,False
19980530,1998-05-30,30,5,May,2,1998,Saturday,True
19980531,1998-05-31,31,5,May,2,1998,Sunday,True
19980601,1998-06-01,1,6,June,2,1998,Monday,False
19980602,1998-06-02,2,6,June,2,1998,Tuesday,False
19980603,1998-06-03,3,6,June,2,1998,Wednesday,False
19980604,1998-06-04,4,6,June,2,1998,Thursday,False
19980605,1998-06-05,5,6,June,2,1998,Friday,False
19980606,1998-06-06,6,6,June,2,1998,Saturday,True
19980607,1998-06-07,7,6,June,2,1998,Sunday,True
19980608,1998-06-08,8,6,June,2,1998,Monday,False
19980609,1998-06-09,9,6,June,2,1998,Tuesday,False
19980610,1998-06-10,10,6,June,2,1998,Wednesday,False
19980611,1998-06-11,11,6,June,2,1998,Thursday,False
19980612,1998-06-12,12,6,June,2,1998,Friday,False
19980613,1998-06-13,13,6,June,2,1998,Saturday,True
19980614,1998-06-14,14,6,June,2,1998,Sunday,True
19980615,1998-06-15,15,6,June,2,1998,Monday,False
19980616,1998-06-16,16,6,June,2,1998,Tuesday,False
19980617,1998-06-17,17,6,June,2,1998,Wednesday,False
19980618,1998-06-18,18,6,June,2,1998,Thursday,False
19980619,1998-06-19,19,6,June,2,1998,Friday,False
19980620,1998-06-20,20,6,June,2,1998,Saturday,True
19980621,1998-06-21,21,6,June,2,1998,Sunday,True
19980622,1998-06-22,22,6,June,2,1998,Monday,False
19980623,1998-06-23,23,6,June,2,1998,Tuesday,False
19980624,1998-06-24,24,6,June,2,1998,Wednesday,False
19980625,1998-06-25,25,6,June,2,1998,Thursday,False
19980626,1998-06-26,26,6,June,2,1998,Friday,False
19980627,1998-06-27,27,6,June,2,1998,Saturday,True
19980628,1998-06-28,28,6,June,2,1998,Sunday,True
19980629,1998-06-29,29,6,June,2,1998,Monday,False
19980630,1998-06-30,30,6,June,2,1998,Tuesday,False
19980701,1998-07-01,1,7,July,3,1998,Wednesday,False
19980702,1998-07-02,2,7,July,3,1998,Thursday,False
19980703,1998-07-03,3,7,July,3,1998,Friday,False
19980704,1998-07-04,4,7,July,3,1998,Saturday,True
19980705,1998-07-05,5,7,July,3,1998,Sunday,True
19980706,1998-07-06,6,7,July,3,1998,Monday,False
19980707,1998-07-07,7,7,July,3,1998,Tuesday,False
19980708,1998-07-08,8,7,July,3,1998,Wednesday,False
19980709,1998-07-09,9,7,July,3,1998,Thursday,False
19980710,1998-07-10,10,7,July,3,1998,Friday,False
19980711,1998-07-11,11,7,July,3,1998,Saturday,True
19980712,1998-07-12,12,7,July,3,1998,Sunday,True
19980713,1998-07-13,13,7,July,3,1998,Monday,False
19980714,1998-07-14,14,7,July,3,1998,Tuesday,False
19980715,1998-07-15,15,7,July,3,1998,Wednesday,False
19980716,1998-07-16,16,7,July,3,1998,Thursday,False
19980717,1998-07-17,17,7,July,3,1998,Friday,False
19980718,1998-07-18,18,7,July,3,1998,Saturday,True
19980719,1998-07-19,19,7,July,3,1998,Sunday,True
19980720,1998-07-20,20,7,July,3,1998,Monday,False
19980721,1998-07-21,21,7,July,3,1998,Tuesday,False
19980722,1998-07-22,22,7,July,3,1998,Wednesday,False
19980723,1998-07-23,23,7,July,3,1998,Thursday,False
19980724,1998-07-24,24,7,July,3,1998,Friday,False
19980725,1998-07-25,25,7,July,3,1998,Saturday,True
19980726,1998-07-26,26,7,July,3,1998,Sunday,True
19980727,1998-07-27,27,7,July,3,1998,Monday,False
19980728,1998-07-28,28,7,July,3,1998,Tuesday,False
19980729,1998-07-29,29,7,July,3,1998,Wednesday,False
19980730,1998-07-30,30,7,July,3,1998,Thursday,False
19980731,1998-07-31,31,7,July,3,1998,Friday,False
19980801,1998-08-01,1,8,August,3,1998,Saturday,True
19980802,1998-08-02,2,8,August,3,1998,Sunday,True
19980803,1998-08-03,3,8,August,3,1998,Monday,False
19980804,1998-08-04,4,8,August,3,1998,Tuesday,False
19980805,1998-08-05,5,8,August,3,1998,Wednesday,False
19980806,1998-08-06,6,8,August,3,1998,Thursday,False
19980807,1998-08-07,7,8,August,3,1998,Friday,False
19980808,1998-08-08,8,8,August,3,1998,Saturday,True
19980809,1998-08-09,9,8,August,3,1998,Sunday,True
19980810,1998-08-10,10,8,August,3,1998,Monday,False
19980811,1998-08-11,11,8,August,3,1998,Tuesday,False
19980812,1998-08-12,12,8,August,3,1998,Wednesday,False
19980813,1998-08-13,13,8,August,3,1998,Thursday,False
19980814,1998-08-14,14,8,August,3,1998,Friday,False
19980815,1998-08-15,15,8,August,3,1998,Saturday,True
19980816,1998-08-16,16,8,August,3,1998,Sunday,True
19980817,1998-08-17,17,8,August,3,1998,Monday,False
19980818,1998-08-18,18,8,August,3,1998,Tuesday,False
19980819,1998-08-19,19,8,August,3,1998,Wednesday,False
19980820,1998-08-20,20,8,August,3,1998,Thursday,False
19980821,1998-08-21,21,8,August,3,1998,Friday,False
19980822,1998-08-22,22,8,August,3,1998,Saturday,True
19980823,1998-08-23,23,8,August,3,1998,Sunday,True
19980824,1998-08-24,24,8,August,3,1998,Monday,False
19980825,1998-08-25,25,8,August,3,1998,Tuesday,False
19980826,1998-08-26,26,8,August,3,1998,Wednesday,False
19980827,1998-08-27,27,8,August,3,1998,Thursday,False
19980828,1998-08-28,28,8,August,3,1998,Friday,False
19980829,1998-08-29,29,8,August,3,1998,Saturday,True
19980830,1998-08-30,30,8,August,3,1998,Sunday,True
19980831,1998-08-31,31,8,August,3,1998,Monday,False
19980901,1998-09-01,1,9,September,3,1998,Tuesday,False
19980902,1998-09-02,2,9,September,3,1998,Wednesday,False
19980903,1998-09-03,3,9,September,3,1998,Thursday,False
19980904,1998-09-04,4,9,September,3,1998,Friday,False
19980905,1998-09-05,5,9,September,3,1998,Saturday,True
19980906,1998-09-06,6,9,September,3,1998,Sunday,True
19980907,1998-09-07,7,9,September,3,1998,Monday,False
19980908,1998-09-08,8,9,September,3,1998,Tuesday,False
19980909,1998-09-09,9,9,September,3,1998,Wednesday,False
19980910,1998-09-10,10,9,September,3,1998,Thursday,False
19980911,1998-09-11,11,9,September,3,1998,Friday,False
19980912,1998-09-12,12,9,September,3,1998,Saturday,True
19980913,1998-09-13,13,9,September,3,1998,Sunday,True
19980914,1998-09-14,14,9,September,3,1998,Monday,False
19980915,1998-09-15,15,9,September,3,1998,Tuesday,False
19980916,1998-09-16,16,9,September,3,1998,Wednesday,False
19980917,1998-09-17,17,9,September,3,1998,Thursday,False
19980918,1998-09-18,18,9,September,3,1998,Friday,False
19980919,1998-09-19,19,9,September,3,1998,Saturday,True
19980920,1998-09-20,20,9,September,3,1998,Sunday,True
19980921,1998-09-21,21,9,September,3,1998,Monday,False
19980922,1998-09-22,22,9,September,3,1998,Tuesday,False
19980923,1998-09-23,23,9,September,3,1998,Wednesday,False
19980924,1998-09-24,24,9,September,3,1998,Thursday,False
19980925,1998-09-25,25,9,September,3,1998,Friday,False
19980926,1998-09-26,26,9,September,3,1998,Saturday,True
19980927,1998-09-27,27,9,September,3,1998,Sunday,True
19980928,1998-09-28,28,9,September,3,1998,Monday,False
19980929,1998-09-29,29,9,September,3,1998,Tuesday,False
19980930,1998-09-30,30,9,September,3,1998,Wednesday,False
19981001,1998-10-01,1,10,October,4,1998,Thursday,False
19981002,1998-10-02,2,10,October,4,1998,Friday,False
19981003,1998-10-03,3,10,October,4,1998,Saturday,True
19981004,1998-10-04,4,10,October,4,1998,Sunday,True
19981005,1998-10-05,5,10,October,4,1998,Monday,False
19981006,1998-10-06,6,10,October,4,1998,Tuesday,False
19981007,1998-10-07,7,10,October,4,1998,Wednesday,False
19981008,1998-10-08,8,10,October,4,1998,Thursday,False
19981009,1998-10-09,9,10,October,4,1998,Friday,False
19981010,1998-10-10,10,10,October,4,1998,Saturday,True
19981011,1998-10-11,11,10,October,4,1998,Sunday,True
19981012,1998-10-12,12,10,October,4,1998,Monday,False
19981013,1998-10-13,13,10,October,4,1998,Tuesday,False
19981014,1998-10-14,14,10,October,4,1998,Wednesday,False
19981015,1998-10-15,15,10,October,4,1998,Thursday,False
19981016,1998-10-16,16,10,October,4,1998,Friday,False
19981017,1998-10-17,17,10,October,4,1998,Saturday,True
19981018,1998-10-18,18,10,October,4,1998,Sunday,True
19981019,1998-10-19,19,10,October,4,1998,Monday,False
19981020,1998-10-20,20,10,October,4,1998,Tuesday,False
19981021,1998-10-21,21,10,October,4,1998,Wednesday,False
19981022,1998-10-22,22,10,October,4,1998,Thursday,False
19981023,1998-10-23,23,10,October,4,1998,Friday,False
19981024,1998-10-24,24,10,October,4,1998,Saturday,True
19981025,1998-10-25,25,10,October,4,1998,Sunday,True
19981026,1998-10-26,26,10,October,4,1998,Monday,False
19981027,1998-10-27,27,10,October,4,1998,Tuesday,False
19981028,1998-10-28,28,10,October,4,1998,Wednesday,False
19981029,1998-10-29,29,10,October,4,1998,Thursday,False
19981030,1998-10-30,30,10,October,4,1998,Friday,False
19981031,1998-10-31,31,10,October,4,1998,Saturday,True
19981101,1998-11-01,1,11,November,4,1998,Sunday,True
19981102,1998-11-02,2,11,November,4,1998,Monday,False
19981103,1998-11-03,3,11,November,4,1998,Tuesday,False
19981104,1998-11-04,4,11,November,4,1998,Wednesday,False
19981105,1998-11-05,5,11,November,4,1998,Thursday,False
19981106,1998-11-06,6,11,November,4,1998,Friday,False
19981107,1998-11-07,7,11,November,4,1998,Saturday,True
19981108,1998-11-08,8,11,November,4,1998,Sunday,True
19981109,1998-11-09,9,11,November,4,1998,Monday,False
19981110,1998-11-10,10,11,November,4,1998,Tuesday,False
19981111,1998-11-11,11,11,November,4,1998,Wednesday,False
19981112,1998-11-12,12,11,November,4,1998,Thursday,False
19981113,1998-11-13,13,11,November,4,1998,Friday,False
19981114,1998-11-14,14,11,November,4,1998,Saturday,True
19981115,1998-11-15,15,11,November,4,1998,Sunday,True
19981116,1998-11-16,16,11,November,4,1998,Monday,False
19981117,1998-11-17,17,11,November,4,1998,Tuesday,False
19981118,1998-11-18,18,11,November,4,1998,Wednesday,False
19981119,1998-11-19,19,11,November,4,1998,Thursday,False
19981120,1998-11-20,20,11,November,4,1998,Friday,False
19981121,1998-11-21,21,11,November,4,1998,Saturday,True
19981122,1998-11-22,22,11,November,4,1998,Sunday,True
19981123,1998-11-23,23,11,November,4,1998,Monday,False
19981124,1998-11-24,24,11,November,4,1998,Tuesday,False
19981125,1998-11-25,25,11,November,4,1998,Wednesday,False
19981126,1998-11-26,26,11,November,4,1998,Thursday,False
19981127,1998-11-27,27,11,November,4,1998,Friday,False
19981128,1998-11-28,28,11,November,4,1998,Saturday,True
19981129,1998-11-29,29,11,November,4,1998,Sunday,True
19981130,1998-11-30,30,11,November,4,1998,Monday,False
19981201,1998-12-01,1,12,December,4,1998,Tuesday,False
19981202,1998-12-02,2,12,December,4,1998,Wednesday,False
19981203,1998-12-03,3,12,December,4,1998,Thursday,False
19981204,1998-12-04,4,12,December,4,1998,Friday,False
19981205,1998-12-05,5,12,December,4,1998,Saturday,True
19981206,1998-12-06,6,12,December,4,1998,Sunday,True
19981207,1998-12-07,7,12,December,4,1998,Monday,False
19981208,1998-12-08,8,12,December,4,1998,Tuesday,False
19981209,1998-12-09,9,12,December,4,1998,Wednesday,False
19981210,1998-12-10,10,12,December,4,1998,Thursday,False
19981211,1998-12-11,11,12,December,4,1998,Friday,False
19981212,1998-12-12,12,12,December,4,1998,Saturday,True
19981213,1998-12-13,13,12,December,4,1998,Sunday,True
19981214,1998-12-14,14,12,December,4,1998,Monday,False
19981215,1998-12-15,15,12,December,4,1998,Tuesday,False
19981216,1998-12-16,16,12,December,4,1998,Wednesday,False
19981217,1998-12-17,17,12,December,4,1998,Thursday,False
19981218,1998-12-18,18,12,December,4,1998,Friday,False
19981219,1998-12-19,19,12,December,4,1998,Saturday,True
19981220,1998-12-20,20,12,December,4,1998,Sunday,True
19981221,1998-12-21,21,12,December,4,1998,Monday,False
19981222,1998-12-22,22,12,December,4,1998,Tuesday,False
19981223,1998-12-23,23,12,December,4,1998,Wednesday,False
19981224,1998-12-24,24,12,December,4,1998,Thursday,False
19981225,1998-12-25,25,12,December,4,1998,Friday,False
19981226,1998-12-26,26,12,December,4,1998,Saturday,True
19981227,1998-12-27,27,12,December,4,1998,Sunday,True
19981228,1998-12-28,28,12,December,4,1998,Monday,False
19981229,1998-12-29,29,12,December,4,1998,Tuesday,False
19981230,1998-12-30,30,12,December,4,1998,Wednesday,False
19981231,1998-12-31,31,12,December,4,1998,Thursday,False
