loan_id,account_id,date,amount,duration,payments,status,parsed_date,target,client_id,n_txn,n_deposit,n_withdrawal,sum_deposit,sum_withdrawal,avg_amount,std_amount,avg_balance,min_balance,max_balance,balance_at_loan,months_active,txn_per_month,gender,age,district_id,gender_bin
5314,1787,930705,96396,12,8033.0,B,1993-07-05,1,2166,4,4,0,20100.0,0.0,5025.0,3269.0786163688385,12250.0,1100.0,20100.0,20100.0,3.4494086727989486,1.1596190476190478,Female,52,30,1
5316,1801,930711,165960,36,4610.0,A,1993-07-11,0,2181,37,17,20,229893.69999999998,177684.80000000002,11015.635135135135,13849.37600934515,52083.859459459454,700.0,120512.8,52208.9,4.862023653088042,7.61,Male,31,46,0
6863,9188,930728,127080,60,2118.0,A,1993-07-28,0,11314,24,15,9,75146.0,54873.0,5417.458333333333,6078.343765431821,30060.954166666666,800.0,49590.4,20272.8,5.5847568988173455,4.297411764705882,Male,63,45,0
5325,1843,930803,105804,36,2939.0,A,1993-08-03,0,2235,25,13,12,120309.80000000002,86017.20000000001,8253.080000000002,7616.285547115471,41297.48,1000.0,65898.5,34292.7,6.077529566360052,4.113513513513514,Female,59,14,1
7240,11013,930906,274740,60,4579.0,A,1993-09-06,0,13539,27,13,14,276327.1,235214.0,18945.966666666667,18993.408776379943,57188.21111111111,600.0,122893.1,41142.9,6.701708278580814,4.028823529411765,Male,21,63,0
6687,8261,930913,87840,24,3660.0,A,1993-09-13,0,10200,17,14,3,102647.8,58800.0,9496.929411764706,11336.412630507719,46318.55294117647,500.0,65847.8,43847.8,4.073587385019711,4.173225806451613,Female,19,13,1
7284,11265,930915,52788,12,4399.0,A,1993-09-15,0,13845,43,21,22,90384.8,69355.79999999999,3714.8976744186043,3817.0607466325405,22198.17906976744,1000.0,41469.1,21029.0,8.015768725361367,5.364426229508196,Male,26,15,0
6111,5428,930924,174744,24,7281.0,B,1993-09-24,1,6551,32,16,16,213997.59999999998,155856.8,11557.95,14633.647804524853,37485.45625,1000.0,105628.0,58140.9,5.354796320630749,5.975950920245399,Female,51,24,1
7235,10973,931013,154416,48,3217.0,A,1993-10-13,0,13490,32,16,16,182543.8,129141.0,9740.150000000001,10369.244213026088,46715.8,8897.0,81723.5,53402.7,5.781865965834428,5.534545454545455,Female,30,18,1
5997,4894,931104,117024,24,4876.0,A,1993-11-04,0,5911,13,9,4,118393.5,65200.0,14122.576923076924,12986.396306499637,44131.16923076923,800.0,76985.2,53193.5,4.50065703022339,2.8884671532846715,Male,64,14,0
7121,10364,931110,21924,36,609.0,A,1993-11-10,0,12754,45,21,24,158586.5,109503.0,5957.544444444445,6279.536338352646,34272.21333333333,1100.0,60432.4,49083.3,9.756898817345597,4.612121212121212,Male,39,55,0
6077,5270,931122,79608,24,3317.0,A,1993-11-22,0,6367,53,22,31,518282.4,414536.6,17600.358490566035,19007.43919686258,69954.57169811321,800.0,125825.7,103745.7,10.282522996057818,5.154376996805112,Male,29,44,0
6228,6034,931201,464520,60,7742.0,B,1993-12-01,1,7291,68,31,37,497102.3,409732.0,13335.798529411764,12711.69275850449,51760.01617647058,200.0,125943.1,101797.3,8.442838370565045,8.054163424124514,Female,59,77,1
6356,6701,931208,95400,36,2650.0,A,1993-12-08,0,8091,47,22,25,257545.0,229878.0,10370.702127659575,12238.621231889441,41562.32340425532,200.0,92354.8,27667.0,8.804204993429698,5.338358208955224,Male,28,5,0
5523,2705,931208,93888,36,2608.0,A,1993-12-08,0,3264,19,12,7,85016.4,50300.0,7121.915789473685,6784.389785402738,37510.49473684211,600.0,52378.2,34716.3,5.124835742444152,3.7074358974358974,Female,49,63,1
6456,7123,931209,47016,12,3918.0,A,1993-12-09,0,8598,42,22,20,286683.4,227910.0,12252.22380952381,13519.095842756036,60382.08571428573,200.0,112901.6,58773.2,7.851511169513797,5.34928870292887,Female,42,46,1
7104,10320,931213,259740,60,4329.0,A,1993-12-13,0,12695,17,10,7,144433.5,77214.0,13038.088235294117,12012.86532410797,45198.15294117647,800.0,79633.5,67219.5,5.091984231274639,3.3385806451612905,Male,20,68,0
6820,9034,931216,38148,12,3179.0,A,1993-12-16,0,11126,29,18,11,145221.5,97495.6,8369.555172413793,9589.599184158746,37462.093103448286,900.0,62324.6,47725.8,5.617608409986859,5.16233918128655,Female,34,1,1
6876,9236,931221,86616,12,7218.0,A,1993-12-21,0,11372,15,12,3,58553.2,21300.0,5323.546666666666,5923.172778262978,25714.046666666665,800.0,48353.1,37253.1,4.106438896189225,3.6528,Male,38,11,0
7097,10266,931223,75624,24,3151.0,B,1993-12-23,1,12625,23,15,8,175155.0,133200.0,13406.739130434782,16304.180760980591,50009.90869565218,400.0,89754.8,41954.8,6.438896189224704,3.5720408163265307,Male,41,54,0
4959,2,940105,80952,24,3373.0,A,1994-01-05,0,2,54,22,32,228685.3,200844.59999999998,7954.257407407406,8711.471483445812,32590.624074074065,1100.0,67529.6,27855.2,10.282522996057818,5.251629392971246,Male,54,1,0
6499,7401,940105,80952,24,3373.0,A,1994-01-05,0,9173,54,22,32,228693.9,199944.59999999998,7937.749999999999,8720.117317312031,33312.53888888889,1100.0,67529.6,28763.7,10.282522996057818,5.251629392971246,Male,54,1,0
5479,2486,940110,24516,12,2043.0,A,1994-01-10,0,3001,73,31,42,630685.0,552028.7999999999,16201.55890410959,17518.966250760845,55582.22602739726,200.0,125254.2,78670.8,10.413929040735873,7.009842271293376,Male,41,1,0
5170,1071,940120,253200,60,4220.0,C,1994-01-20,0,1286,41,21,20,284778.7,203628.0,11912.358536585367,14282.195069898124,47302.54634146342,800.0,104417.9,81150.6,8.377135348226018,4.894274509803922,Female,49,52,1
6721,8475,940121,21072,24,878.0,A,1994-01-21,0,10459,15,13,2,39167.1,8300.0,3164.473333333334,3437.5898197170386,21575.68666666666,1100.0,33467.0,30867.0,4.434954007884363,3.382222222222222,Female,35,17,1
7259,11111,940131,108144,36,3004.0,A,1994-01-31,0,13657,55,23,32,386925.00000000006,365003.6,13671.42909090909,16766.580015155392,54652.89818181817,900.0,123863.4,21921.3,8.409986859395532,6.53984375,Female,36,59,1
5285,1603,940206,78936,12,6578.0,A,1994-02-06,0,1944,51,24,27,95405.0,70804.0,3259.0,3182.947141177405,25900.31960784314,900.0,40560.3,24601.0,8.968462549277266,5.686593406593407,Female,42,31,1
5189,1166,940207,149040,48,3105.0,A,1994-02-07,0,1404,54,20,34,189931.60000000003,170898.00000000003,6682.02962962963,7558.061145108325,36845.58888888889,200.0,62441.6,19048.1,9.592641261498029,5.629315068493151,Female,31,11,1
6650,8073,940217,49320,12,4110.0,B,1994-02-17,1,9973,49,17,32,266271.60000000003,250598.0,10548.35918367347,13957.702496163014,46576.27755102041,900.0,126833.0,15673.6,5.486202365308804,8.931497005988025,Female,54,24,1
7226,10940,940223,197748,36,5493.0,A,1994-02-23,0,13447,16,11,5,135994.6,92700.0,14293.4125,12271.856316735206,44735.43125,300.0,74413.6,43294.5,5.354796320630749,2.9879754601226995,Female,29,13,1
6087,5313,940227,300660,60,5011.0,C,1994-02-27,0,6417,66,24,42,358263.0,324344.0,10342.530303030304,13695.675054777379,45854.89090909091,800.0,135175.2,33918.9,9.986859395532194,6.608684210526316,Male,49,40,0
7262,11135,940301,182628,36,5073.0,A,1994-03-01,0,13687,13,10,3,76660.9,31000.0,8281.607692307693,7492.475463522005,33229.107692307705,500.0,52246.0,45660.9,4.664914586070959,2.7867605633802817,Male,40,75,0
5519,2694,940308,91632,12,7636.0,A,1994-03-08,0,3251,70,27,43,237174.59999999998,204112.80000000002,6304.1057142857135,7010.680251442605,40976.94285714286,700.0,64577.8,33061.9,11.990801576872535,5.837808219178083,Female,37,52,1
6577,7753,940311,51696,24,2154.0,A,1994-03-11,0,9593,102,44,58,728065.9000000001,689863.6,13901.269607843138,15926.674347679036,58226.50490196079,600.0,124339.4,38202.2,13.009198423127463,7.840606060606061,Female,31,74,1
6509,7445,940315,55368,24,2307.0,A,1994-03-15,0,9226,98,47,51,432628.6,420213.99999999994,8702.47551020408,10162.655253708392,46061.31938775511,200.0,113350.7,12414.4,11.892247043363994,8.240662983425414,Female,60,64,1
6520,7485,940316,91200,24,3800.0,A,1994-03-16,0,9273,36,18,18,196349.0,163633.80000000002,9999.522222222222,10113.095655966496,32558.533333333333,700.0,76736.9,32715.3,7.588699080157687,4.7438961038961045,Female,44,39,1
6699,8330,940330,7656,24,319.0,A,1994-03-30,0,10287,81,36,45,278859.2,242506.19999999998,6436.60987654321,8827.847938740906,46444.63950617284,600.0,73069.1,36353.1,12.056504599211562,6.718365122615804,Female,37,48,1
6336,6555,940331,212400,36,5900.0,A,1994-03-31,0,7914,71,31,40,433316.2,369095.0,11301.5661971831,14192.604107038956,51034.361971830986,300.0,133215.2,64221.1,12.844940867279893,5.527468030690538,Female,33,38,1
7055,10079,940406,167100,60,2785.0,C,1994-04-06,0,12396,79,33,46,585785.2000000001,546475.0,14332.407594936709,15365.730420200383,63707.62658227849,1100.0,143605.7,39310.2,11.005256241787121,7.1783880597014935,Female,29,62,1
6103,5385,940407,149340,60,2489.0,C,1994-04-07,0,6499,56,23,33,173575.3,150037.0,5778.791071428573,6162.032147504959,29069.11607142857,500.0,53214.0,23568.3,10.545335085413928,5.310404984423677,Male,36,44,0
6202,5891,940418,65184,12,5432.0,A,1994-04-18,0,7127,82,30,52,524877.5,456881.99999999994,11972.676829268292,13553.224357355139,47426.55000000001,900.0,102410.3,67995.4,14.71747700394218,5.571607142857143,Male,42,3,0
7066,10131,940502,215388,36,5983.0,B,1994-05-02,1,12464,15,10,5,61162.9,30500.0,6110.86,12251.999934149528,32702.726666666662,1000.0,50757.0,30662.8,5.124835742444152,2.9269230769230767,Male,40,39,0
6696,8321,940509,89040,60,1484.0,C,1994-05-09,0,10275,87,44,43,164345.4,135039.4,3441.2045977011485,4341.762483163807,30045.399999999987,800.0,46550.2,29305.8,12.877792378449408,6.755816326530613,Female,29,77,1
6072,5256,940510,193968,36,5388.0,A,1994-05-10,0,6349,29,20,9,286180.0,205400.0,16951.03448275862,16231.222405221872,63579.2172413793,800.0,120567.3,80780.0,6.471747700394218,4.481015228426396,Male,27,72,0
5130,813,940511,24312,12,2026.0,A,1994-05-11,0,976,78,37,41,207260.4,178798.6,4949.474358974359,6000.787830209354,29380.839743589742,1100.0,48277.9,28461.9,14.947437582128778,5.218285714285714,Female,44,16,1
5568,2933,940517,272520,60,4542.0,C,1994-05-17,0,3542,84,34,50,467695.6,437685.4,10778.345238095239,13004.47961089164,44602.64166666666,1100.0,121891.4,30009.9,10.939553219448094,7.678558558558559,Male,60,10,0
6678,8173,940520,80340,12,6695.0,A,1994-05-20,0,10095,52,22,30,446745.7,357403.0,15464.398076923078,16707.66020882787,61531.590384615396,1100.0,122523.5,89342.6,10.4796320630749,4.962006269592477,Female,23,1,1
6998,9833,940521,97632,12,8136.0,A,1994-05-21,0,12102,65,20,45,515264.2,473934.0,15218.433846153845,18748.525333478505,53379.12769230769,1100.0,119900.1,41330.1,9.888304862023652,6.573421926910299,Female,31,21,1
6580,7769,940522,196080,48,4085.0,A,1994-05-22,0,9611,47,20,27,289532.4,202675.0,10472.497872340426,12754.15658464879,49143.965957446795,900.0,97457.4,86857.4,7.588699080157687,6.1934199134199135,Male,41,23,0
6316,6473,940526,76908,12,6409.0,B,1994-05-26,1,7815,102,42,60,666797.7,651909.2,12928.499019607847,13810.262125392765,52890.4039215686,1100.0,126002.8,14888.6,15.932982917214192,6.401814432989691,Female,53,4,1
6512,7454,940526,63312,48,1319.0,A,1994-05-26,0,9236,82,35,47,96737.2,68183.79999999999,2011.2317073170732,1972.9218867430532,22551.77926829268,500.0,31462.9,28553.5,13.206307490144546,6.209154228855722,Female,43,31,1
6407,6930,940526,25944,24,1081.0,A,1994-05-26,0,8366,37,19,18,232737.4,163338.4,10704.751351351351,11682.143414436887,56927.45405405405,600.0,80155.2,69398.9,8.541392904073588,4.331846153846154,Female,39,41,1
5002,173,940531,104808,12,8734.0,A,1994-05-31,0,210,30,12,18,113646.0,85630.6,6642.553333333332,7378.16768864887,38709.82999999999,500.0,57865.3,28015.4,6.110381077529566,4.909677419354839,Male,60,66,0
6647,8051,940601,208320,48,4340.0,A,1994-06-01,0,9945,85,33,52,423055.2,378872.0,9434.437647058825,10910.688769900895,43944.889411764714,200.0,82981.9,44183.1,15.735873850197109,5.401670146137787,Female,31,31,1
7137,10439,940603,151560,24,6315.0,A,1994-06-03,0,12843,28,13,15,247759.29999999996,226436.2,16935.55357142857,16420.53911104892,53976.29285714286,300.0,97912.7,21323.2,6.3731931668856765,4.39340206185567,Male,46,66,0
6903,9337,940604,52128,24,2172.0,A,1994-06-04,0,11497,71,39,32,243548.7,184703.8,6031.725352112675,10186.558446619718,33459.68028169014,144.2,59944.2,58844.8,8.672798948751643,8.18651515151515,Female,40,11,1
5918,4576,940604,300204,36,8339.0,A,1994-06-04,0,5517,71,27,44,250489.6,216556.80000000002,6578.118309859155,7401.947432888335,34084.46056338029,300.0,57676.7,33947.4,11.957950065703022,5.9374725274725275,Male,35,57,0
6642,8027,940605,77640,12,6470.0,A,1994-06-05,0,9915,60,22,38,413086.9,382261.0,13255.798333333334,15163.863777255581,55570.30499999998,700.0,117489.5,30825.8,10.939553219448094,5.4846846846846855,Male,32,27,0
6210,5927,940606,87216,48,1817.0,B,1994-06-06,1,7166,33,21,12,77528.30000000002,55837.2,4041.378787878788,4758.55607044938,28362.248484848482,200.0,41410.0,21705.9,6.307490144546649,5.2318750000000005,Male,35,15,0
6279,6273,940607,87360,24,3640.0,A,1994-06-07,0,7576,30,16,14,136713.2,107655.20000000001,8145.613333333333,12061.1006135906,36783.95,200.0,69174.6,29057.9,10.545335085413928,2.8448598130841125,Male,37,38,0
7249,11065,940612,69360,48,1445.0,A,1994-06-12,0,13603,78,31,47,204511.1,165846.0,4748.167948717948,5315.0523645898065,33857.10641025641,1100.0,52365.0,38665.0,14.783180026281208,5.276266666666667,Male,58,46,0
6736,8558,940614,288360,60,4806.0,C,1994-06-14,0,10555,10,8,2,64650.399999999994,21200.0,8585.04,10272.375830079427,33211.76,800.0,58495.8,43313.2,3.515111695137976,2.8448598130841125,Male,64,1,0
6112,5442,940617,174744,24,7281.0,B,1994-06-17,1,6567,118,38,80,438627.5,431696.60000000003,7375.627966101697,10167.170129941127,26252.814406779653,-1369.2,96659.4,6930.8,14.848883048620236,7.946725663716815,Female,21,5,1
5319,1811,940623,239460,60,3991.0,C,1994-06-23,0,2195,46,18,28,240982.9,204742.4,9689.680434782607,10423.326508253527,40061.58043478262,300.0,74408.8,36240.6,9.00131406044678,5.11036496350365,Female,57,68,1
6596,7844,940625,91584,24,3816.0,A,1994-06-25,0,9702,31,14,17,257465.2,207622.2,15002.819354838708,14886.742743762996,50765.41612903224,1000.0,83039.4,49842.9,6.931668856767411,4.472227488151659,Female,48,33,1
5837,4260,940629,244560,60,4076.0,C,1994-06-29,0,5134,42,18,24,224210.90000000002,202884.8,10168.945238095237,10925.436372416227,38426.728571428575,1000.0,72512.5,21326.1,8.47568988173456,4.955348837209302,Female,32,58,1
5657,3354,940705,4980,12,415.0,A,1994-07-05,0,4056,46,19,27,101697.79999999999,79197.40000000001,3932.5043478260873,4799.828771491048,30533.37173913043,800.0,41106.2,22500.3,7.9500657030223385,5.786115702479339,Female,47,63,1
5533,2762,940705,111384,24,4641.0,A,1994-07-05,0,3335,152,55,97,1054061.2000000002,1001742.4,13525.023684210526,15740.27109257007,65097.22434210527,500.0,141386.0,52318.9,15.505913272010512,9.80271186440678,Male,32,11,0
6232,6051,940708,276660,36,7685.0,B,1994-07-08,1,7311,58,30,28,111371.0,91587.6,3499.2862068965514,3037.3425332504908,19256.894827586206,500.0,32720.4,19783.2,10.315374507227332,5.622675159235669,Male,50,56,0
6888,9265,940711,39576,12,3298.0,A,1994-07-11,0,11409,115,53,62,487779.4,463878.19999999995,8275.28347826087,12068.967824782701,48944.82782608695,300.0,103467.2,23901.1,17.1484888304862,6.706130268199234,Female,19,32,1
6066,5228,940711,173808,24,7242.0,A,1994-07-11,0,6317,75,26,49,699587.9,605156.0,17396.585333333336,19722.228993503366,61218.65866666667,1000.0,134416.6,94431.9,12.582128777923783,5.960835509138382,Female,42,77,1
5549,2824,940716,50460,60,841.0,C,1994-07-16,0,3414,43,19,24,158214.4,116683.4,6392.972093023255,6760.631384933077,37570.62790697674,800.0,51971.4,41531.0,8.83705650459921,4.8658736059479555,Female,52,11,1
5060,426,940719,252060,60,4201.0,D,1994-07-19,1,512,61,26,35,389614.5,319518.0,11625.122950819672,11699.914624059995,57340.50819672131,900.0,106259.6,70096.5,7.621550591327201,8.003620689655174,Female,34,60,1
6004,4937,940723,143904,24,5996.0,A,1994-07-23,0,5965,139,47,92,658169.2999999999,619833.0,9194.261151079138,12652.915244592294,49727.45611510792,700.0,134571.2,38336.2,17.017082785808146,8.168262548262549,Male,48,50,0
5126,790,940724,208128,48,4336.0,B,1994-07-24,1,946,64,29,35,342886.4,261411.80000000002,9442.159375,12649.282396688046,36369.975,-1069.7,96064.0,81474.6,14.421813403416557,4.437722095671981,Male,48,54,0
7220,10911,940728,131292,36,3647.0,A,1994-07-28,0,13412,83,29,54,344177.4,312816.0,7915.58313253012,8909.366337423458,36635.11566265058,1000.0,70288.4,31361.3,13.961892247043364,5.94475294117647,Male,45,1,0
6668,8129,940730,74736,36,2076.0,A,1994-07-30,0,10043,67,26,41,291052.7,257808.8,8191.962686567164,8686.654584877077,37912.99850746269,700.0,62084.0,33243.7,13.107752956636006,5.111478696741854,Male,34,45,0
5395,2176,940730,299088,36,8308.0,B,1994-07-30,1,2635,126,46,80,812759.2999999999,793310.6,12746.58650793651,14546.858327560612,51992.85476190475,500.0,193909.9,19448.5,13.764783180026281,9.15379474940334,Female,33,67,1
6836,9093,940803,189300,60,3155.0,C,1994-08-03,0,11195,102,42,60,273115.4,248563.4,5114.498039215686,7331.303290256217,32354.031372549023,800.0,61043.3,24566.6,13.567674113009199,7.517869249394673,Male,46,58,0
6064,5215,940804,14628,12,1219.0,A,1994-08-04,0,6301,102,29,73,226196.19999999998,191293.4,4093.035294117647,5789.342694625458,32788.14215686275,200.0,52184.7,34917.4,13.107752956636006,7.7816541353383455,Female,50,55,1
6919,9403,940805,120888,36,3358.0,A,1994-08-05,0,11574,96,36,60,472459.6,420445.0,9301.089583333334,12770.130940030196,40838.755208333336,600.0,116468.4,52014.4,16.294349540078844,5.891612903225806,Female,55,1,1
6841,9104,940807,172080,48,3585.0,A,1994-08-07,0,11208,42,25,17,267848.9,209639.4,11368.76904761905,12904.863140479954,60743.957142857136,200.0,119138.8,58209.4,6.504599211563732,6.456969696969697,Female,42,10,1
6038,5120,940810,323472,48,6739.0,A,1994-08-10,0,6178,57,28,29,388617.3,319437.6,12422.015789473684,13070.336108643442,45414.07368421052,200.0,119934.1,69179.8,13.633377135348226,4.1809156626506025,Female,59,1,1
6729,8519,940811,74688,12,6224.0,A,1994-08-11,0,10510,112,49,63,661350.3999999999,632417.2,11551.496428571429,14612.518156544556,48484.62410714286,1100.0,104902.4,28933.3,16.294349540078844,6.873548387096774,Female,54,23,1
7198,10788,940823,45768,12,3814.0,A,1994-08-23,0,13260,27,22,5,103427.6,49000.0,5645.466666666667,8853.436933965459,32555.818518518518,800.0,78327.5,54427.5,9.00131406044678,2.9995620437956205,Female,22,72,1
6686,8260,940825,224604,36,6239.0,A,1994-08-25,0,10198,93,34,59,696151.5,655864.2,14537.803225806454,15836.046270084877,57496.989247311845,200.0,109178.4,40287.4,17.04993429697766,5.454566473988439,Male,23,31,0
5836,4259,940827,79632,24,3318.0,A,1994-08-27,0,5133,16,10,6,244462.5,154716.0,24948.65625,22744.977209923974,63494.2,900.0,119373.5,99262.5,4.6320630749014455,3.4541843971631203,Female,40,66,1
7061,10105,940827,121896,24,5079.0,A,1994-08-27,0,12432,93,39,54,636169.6,594252.4,13230.344086021505,14648.90220807023,54422.59677419356,600.0,133454.9,41917.2,15.965834428383705,5.824938271604939,Male,34,55,0
5595,3050,940902,82896,12,6908.0,A,1994-09-02,0,3687,126,34,92,702299.6000000001,654213.6,10765.977777777778,15106.147452362633,57141.73095238094,900.0,107680.9,64300.6,15.83442838370565,7.95734439834025,Male,27,49,0
5723,3674,940910,23628,12,1969.0,A,1994-09-10,0,4428,110,49,61,577410.2,513313.8,9915.672727272728,11138.332833964214,47420.84181818182,1000.0,140228.7,64096.3,17.969776609724047,6.121389396709324,Male,45,38,0
6120,5481,940911,209184,48,4358.0,A,1994-09-11,0,6616,68,26,42,513026.6,468771.8,14438.21176470588,16005.326775965865,46230.33970588236,1000.0,110583.8,44254.7,12.844940867279893,5.293913043478262,Male,46,1,0
6895,9307,940919,41904,12,3492.0,A,1994-09-19,0,11461,143,63,80,500146.7999999999,460942.0,6720.900699300699,11064.946227958899,36080.386713286716,900.0,129123.0,39204.7,19.80946123521682,7.2187728026534,Male,25,70,0
5882,4427,940926,87816,12,7318.0,A,1994-09-26,0,5337,84,41,43,198466.6,182801.0,4538.9,4018.809753788161,25533.21428571429,800.0,43442.2,15665.6,15.637319316688567,5.371764705882353,Male,38,1,0
5754,3834,940928,23052,12,1921.0,A,1994-09-28,0,4620,171,48,123,323632.8,295101.0,3618.326315789474,5003.114214536126,23771.966081871342,700.0,54321.8,28531.7,20.269382391590014,8.436369529983793,Female,59,54,1
6594,7824,940928,189696,24,7904.0,B,1994-09-28,1,9675,5,5,0,22500.0,0.0,4500.0,4135.214625627066,14900.0,600.0,22500.0,22500.0,4.402102496714849,1.135820895522388,Female,29,60,1
6738,8566,940929,230220,36,6395.0,B,1994-09-29,1,10566,82,38,44,297905.80000000005,291580.1,7188.852439024389,11834.322880371496,27658.48780487805,-2719.7,130801.0,6325.5,11.695137976346912,7.011460674157304,Female,57,74,1
6624,7965,940930,71460,12,5955.0,A,1994-09-30,0,9844,43,20,23,262679.5,185958.4,10433.43953488372,11285.961801717758,47991.53023255814,200.0,82549.0,53022.0,10.709592641261498,4.015092024539878,Male,54,55,0
6216,5952,940930,141240,24,5885.0,A,1994-09-30,0,7195,102,27,75,499448.50000000006,453576.80000000005,9343.385294117648,12998.34138275445,57219.5745098039,1000.0,107784.1,45871.6,12.746386333771353,8.002268041237114,Male,37,50,0
6229,6040,941002,11736,24,489.0,A,1994-10-02,0,7299,133,36,97,414676.4,387691.8,6032.843609022557,8293.76604837428,42224.439097744355,1100.0,70826.8,26984.4,17.345597897503286,7.6676515151515146,Male,61,1,0
5887,4448,941003,192744,36,5354.0,A,1994-10-03,0,5366,76,33,43,304978.1,275958.99999999994,7643.909210526315,10758.465396829772,37265.6552631579,700.0,121508.1,29019.1,16.031537450722734,4.740655737704918,Female,28,60,1
6808,8982,941012,227880,36,6330.0,A,1994-10-12,0,11063,83,45,38,365365.30000000005,311648.6,8156.793975903614,12671.927167384836,45134.721686747,1100.0,153213.7,53716.6,12.54927726675427,6.613926701570681,Female,44,64,1
6297,6363,941025,17508,12,1459.0,A,1994-10-25,0,7683,72,31,41,198353.1,150326.0,4842.765277777778,5302.485664163128,39290.618055555555,900.0,54432.3,48027.0,14.783180026281208,4.8704,Male,53,12,0
5161,1012,941028,98184,24,4091.0,A,1994-10-28,0,1216,14,11,3,99656.20000000001,30700.0,9311.157142857144,10865.765456351843,41660.39285714285,500.0,68956.1,68956.1,3.6465177398160313,3.8392792792792796,Female,54,65,1
5390,2167,941030,170256,24,7094.0,A,1994-10-30,0,2623,77,31,46,371594.29999999993,328291.39999999997,9089.424675324675,9976.892060470245,40091.183116883105,200.0,79869.8,43302.8,14.71747700394218,5.2318750000000005,Female,34,16,1
6150,5622,941102,83016,12,6918.0,A,1994-11-02,0,6789,196,67,129,1348329.3,1280923.7999999998,13414.556632653064,14775.335029134545,67891.93520408163,700.0,136436.6,93605.6,20.76215505913272,9.440253164556962,Male,20,57,0
6223,5991,941103,61056,48,1272.0,A,1994-11-03,0,7241,64,23,41,197445.49999999997,163920.19999999998,5646.3390625,6730.05239301247,36039.0515625,900.0,55816.0,33525.3,11.399474375821287,5.614293948126802,Female,42,57,1
5032,290,941103,123696,48,2577.0,A,1994-11-03,0,352,61,22,39,285666.8,260479.6,8953.219672131147,12318.791566343787,49084.38196721312,300.0,89822.2,25201.8,11.038107752956636,5.526309523809524,Male,59,56,0
6253,6148,941104,59760,24,2490.0,A,1994-11-04,0,7422,54,22,32,244535.8,203402.59999999998,8295.155555555555,9385.050299312055,40204.46481481482,300.0,69643.1,41133.1,10.249671484888305,5.268461538461539,Male,41,74,0
6460,7133,941106,48672,36,1352.0,A,1994-11-06,0,8610,97,34,63,88063.5,64953.4,1577.4938144329894,2123.8303828741764,23050.189690721647,300.0,33484.4,23124.6,13.633377135348226,7.11489156626506,Female,51,55,1
6645,8041,941106,140400,36,3900.0,A,1994-11-06,0,9933,45,22,23,261444.7,233173.0,10991.504444444445,15710.704530647683,43563.619999999995,400.0,115000.2,28271.8,12.877792378449408,3.494387755102041,Male,58,74,0
5176,1106,941112,192552,24,8023.0,B,1994-11-12,1,1327,51,26,25,158360.4,136135.0,5774.419607843138,6714.5536476715015,23979.011764705883,800.0,49563.0,22225.5,14.45466491458607,3.5282727272727277,Female,36,20,1
5269,1527,941119,164052,36,4557.0,B,1994-11-19,1,1851,65,28,37,394206.7,373395.4,11809.263076923076,13881.44000555661,41752.161538461536,-2564.7,112045.6,20811.2,12.056504599211562,5.391280653950954,Female,24,31,1
5351,1978,941204,205200,36,5700.0,A,1994-12-04,0,2403,129,36,93,623544.1000000001,568958.0,9244.202325581395,11975.257535878498,58336.31162790698,900.0,93928.5,54586.0,17.772667542706962,7.25833641404806,Female,36,1,1
5861,4337,941208,51408,24,2142.0,A,1994-12-08,0,5224,64,31,33,453745.69999999995,404546.80000000005,13410.8203125,15297.851987699323,52299.2859375,900.0,137087.2,49213.4,12.713534822601838,5.034005167958657,Male,50,29,0
5450,2345,941211,199680,60,3328.0,C,1994-12-11,0,2834,74,28,46,282042.6,262118.4,7353.527027027027,8279.115181021514,33658.61756756757,500.0,62238.8,19938.6,13.534822601839684,5.467378640776699,Male,50,52,0
7142,10451,941219,482940,60,8049.0,D,1994-12-19,1,12859,130,56,74,273163.9,254724.59999999998,4060.6807692307693,5176.187996141505,26358.754615384612,900.0,57707.2,18439.4,15.670170827858081,8.29601677148847,Female,23,1,1
6306,6425,941220,36684,12,3057.0,A,1994-12-20,0,7753,125,50,75,315586.8,280493.6,4768.6431999999995,5118.534872142004,30229.797599999998,700.0,50774.2,35093.0,20.729303547963205,6.030110935023772,Female,21,70,1
6272,6226,941220,398640,60,6644.0,C,1994-12-20,0,7521,86,34,52,741435.8,682119.0,16552.96279069767,17924.383707961715,63383.57558139537,400.0,121689.5,59316.9,16.819973718791065,5.112968749999999,Female,39,74,1
5044,344,941221,100980,60,1683.0,C,1994-12-21,0,421,70,27,43,207705.6,160567.8,5261.0485714285705,6207.989679523427,35614.744285714296,600.0,53376.7,48637.7,12.64783180026281,5.534545454545455,Male,34,54,0
5576,2962,941221,31248,12,2604.0,A,1994-12-21,0,3576,120,51,69,857688.8,803766.2,13845.458333333334,15310.489591646981,64493.09916666666,1000.0,144715.3,53922.3,18.725361366622863,6.40842105263158,Female,60,1,1
7192,10738,941221,115992,36,3222.0,A,1994-12-21,0,13201,127,46,81,399447.49999999994,389778.0,6214.3740157480315,9702.960640611806,25666.407086614174,200.0,107692.0,9669.5,20.13797634691196,6.306492659053833,Male,62,31,0
5739,3747,950102,76380,12,6365.0,A,1995-01-02,0,4520,45,20,25,91939.2,68782.4,3571.5911111111113,3649.665474826866,26122.848888888893,1100.0,41703.3,23156.6,8.081471747700395,5.568292682926829,Female,42,1,1
6526,7523,950103,288468,36,8013.0,A,1995-01-03,0,9316,17,14,3,95840.50000000001,47000.0,8402.382352941177,10474.834313233247,36999.523529411774,600.0,71939.2,48665.3,4.1721419185282524,4.074645669291338,Female,41,63,1
5624,3166,950103,177744,48,3703.0,D,1995-01-03,1,3829,95,36,59,326642.5,312411.89999999997,6726.888421052633,8599.216647675265,26746.5252631579,-2485.5,89733.5,14230.7,16.78712220762155,5.659099804305284,Male,27,59,0
6244,6118,950108,270648,36,7518.0,B,1995-01-08,1,7390,72,36,36,492006.6,441010.0,12958.56388888889,15796.840273869342,60819.976388888885,200.0,134501.4,50996.5,10.085413929040735,7.139022801302932,Male,62,1,0
5131,816,950108,48624,24,2026.0,A,1995-01-08,0,980,117,49,68,736573.0,688579.2,12180.788034188035,13710.776573025043,63857.236752136756,200.0,134187.4,47993.6,17.115637319316686,6.835854126679464,Male,38,40,0
6960,9640,950111,76416,24,3184.0,A,1995-01-11,0,11866,153,57,96,505472.8,493209.80000000005,6527.337254901961,7163.817989844424,31375.160784313724,8686.4,64494.1,12262.9,21.97766097240473,6.961614349775784,Male,62,1,0
6358,6715,950114,137880,60,2298.0,D,1995-01-14,1,8105,89,38,51,278052.9,258086.0,6024.032584269662,6046.803450570983,24523.073033707864,200.0,52658.4,19966.8,15.965834428383705,5.574403292181071,Male,36,72,0
5418,2245,950116,347952,48,7249.0,C,1995-01-16,0,2719,120,50,70,835258.9999999999,777712.4,13441.428333333335,13949.82797137766,54157.194166666675,300.0,123013.2,57546.3,21.583442838370566,5.5598173515981735,Female,35,29,1
6598,7857,950118,68112,12,5676.0,A,1995-01-18,0,9715,147,37,110,747246.0999999999,707829.8,9898.475510204082,13807.228984455793,47220.13401360545,300.0,111588.8,39416.1,17.47700394218134,8.411052631578947,Female,22,35,1
5464,2419,950130,95808,12,7984.0,A,1995-01-30,0,2922,90,40,50,758891.5,686391.0,16058.694444444445,14976.16638858305,59701.786666666674,900.0,122452.2,72500.4,14.09329829172142,6.386013986013986,Male,59,43,0
6591,7819,950202,20832,48,434.0,C,1995-02-02,0,9670,151,47,104,197615.90000000002,179743.39999999997,2499.06821192053,3455.350526153919,21368.90993377484,500.0,41997.9,17887.1,18.068331143232587,8.357163636363637,Male,51,38,0
5724,3678,950205,316140,60,5269.0,D,1995-02-05,1,4433,139,60,79,275514.7,262702.79999999993,3872.068345323741,3580.3900516189287,18632.933812949643,800.0,39616.2,12826.4,22.437582128777922,6.194963396778917,Male,31,1,0
6315,6472,950206,43164,12,3597.0,A,1995-02-06,0,7814,69,26,43,505169.9,473819.79999999993,14188.256521739131,16234.924623057865,68377.06376811594,800.0,120071.4,31349.9,11.925098554533507,5.786115702479339,Female,23,61,1
5876,4413,950208,221280,48,4610.0,C,1995-02-08,0,5318,71,25,46,437805.60000000003,406491.0,11891.501408450706,13345.964568758654,37596.93239436621,1100.0,106144.8,31314.7,12.779237844940866,5.5558868894601545,Male,31,74,0
6986,9750,950211,151728,48,3161.0,D,1995-02-11,1,12003,57,28,29,249499.7,223011.2,8289.664912280703,11008.054487343017,30491.098245614034,-669.7,82784.6,26488.7,8.902759526938238,6.402509225092252,Male,23,74,0
6294,6353,950212,79920,60,1332.0,C,1995-02-12,0,7672,95,29,66,381737.6,350466.0,7707.406315789474,10062.554866379984,43846.97789473685,700.0,74199.5,31271.6,14.553219448094612,6.527765237020316,Male,46,26,0
5132,817,950217,538500,60,8975.0,C,1995-02-17,0,981,58,22,36,258133.60000000003,234862.6,8499.93448275862,8952.93931192147,33687.85862068965,200.0,69775.9,23271.0,11.038107752956636,5.25452380952381,Male,39,5,0
5877,4414,950223,97224,24,4051.0,A,1995-02-23,0,5320,112,42,70,230279.8,210800.19999999998,3938.214285714286,4048.763086885239,22360.536607142854,1000.0,43393.0,19479.6,17.444152431011826,6.420489642184558,Female,48,17,1
6227,6030,950304,28248,24,1177.0,A,1995-03-04,0,7286,94,38,56,398113.5999999999,364384.39999999997,8111.680851063831,9530.785782470166,45582.448936170214,400.0,69893.0,33729.1,18.298291721419183,5.137091561938959,Female,29,47,1
7241,11021,950304,168984,24,7041.0,B,1995-03-04,1,13548,160,74,86,920743.1,896438.8,11357.386875,14173.340030370937,56053.9975,-517.7,120806.4,24304.3,18.758212877792378,8.529597197898424,Male,23,1,0
6737,8564,950311,76680,24,3195.0,A,1995-03-11,0,10563,143,53,90,719837.3,692645.8,9877.504195804197,13911.914040990134,62933.47482517484,1000.0,104676.1,27191.2,17.904073587385017,7.987009174311928,Male,50,68,0
7004,9869,950315,331560,60,5526.0,C,1995-03-15,0,12144,119,40,79,459626.4,411634.3999999999,7321.519327731093,8563.87200666855,36941.99831932772,900.0,71924.6,47992.1,18.758212877792378,6.343887915936953,Male,19,2,0
6169,5700,950316,103680,60,1728.0,D,1995-03-16,1,6895,109,44,65,227466.7,197239.0,3896.382568807339,4329.599713257058,28250.10917431193,500.0,46520.1,30227.6,19.842312746386334,5.493311258278146,Male,28,42,0
5208,1247,950316,99696,48,2077.0,D,1995-03-16,1,1505,108,45,63,649189.6,616222.6,11716.77962962963,14146.629720097575,46341.29351851852,-974.6,127684.9,32966.8,21.22207621550591,5.089040247678019,Female,28,65,1
6694,8316,950319,134784,24,5616.0,A,1995-03-19,0,10269,55,30,25,264674.30000000005,248455.59999999998,9329.634545454544,13596.27086800198,44005.11272727274,900.0,112839.2,16218.7,9.461235216819974,5.813194444444444,Female,59,70,1
5599,3064,950321,15420,12,1285.0,A,1995-03-21,0,3705,151,53,98,253168.6,221301.19999999998,3142.184105960265,3540.8693918412896,24577.199999999993,1000.0,41137.4,31867.2,21.911957950065702,6.891214392803598,Female,34,1,1
6546,7607,950327,31728,24,1322.0,A,1995-03-27,0,9418,117,41,76,319027.3,286224.3999999999,5173.091452991453,5941.159295769196,31139.74786324787,600.0,56122.8,32802.7,18.659658344283837,6.270211267605633,Male,49,1,0
5414,2228,950329,185952,48,3874.0,C,1995-03-29,0,2700,34,20,14,250010.1,167625.0,12283.385294117646,15644.87109237838,50113.194117647065,700.0,145318.2,82385.2,12.319316688567673,2.7598933333333338,Male,54,34,0
5453,2361,950401,156672,36,4352.0,A,1995-04-01,0,2853,75,37,38,135886.90000000002,112615.40000000001,3313.364,2939.4861095840097,22927.50266666667,500.0,41876.9,23286.1,13.140604467805518,5.7075000000000005,Female,43,28,1
5740,3752,950402,18564,12,1547.0,A,1995-04-02,0,4527,13,9,4,77465.7,34200.0,8589.66923076923,8635.988963578708,35538.04615384616,200.0,56498.4,43265.7,4.204993429697766,3.0915624999999998,Female,36,1,1
5804,4079,950405,158976,48,3312.0,C,1995-04-05,0,4916,156,52,104,678171.0000000001,659291.4,8573.476923076923,11011.73845261621,49916.09102564102,600.0,130293.2,18879.4,17.017082785808146,9.167258687258688,Male,60,52,0
6745,8625,950410,47304,24,1971.0,A,1995-04-10,0,10636,167,76,91,1189194.4,1126736.0,13867.846706586828,15850.566090515333,68740.02335329342,400.0,148093.0,62458.3,16.95137976346912,9.851705426356588,Male,28,64,0
6950,9591,950411,104712,24,4363.0,A,1995-04-11,0,11804,191,72,119,1155020.5,1133219.2000000004,11980.312565445027,14326.76007247234,57357.84345549739,400.0,147603.2,25947.2,22.700394218134033,8.413950795947903,Male,55,74,0
6996,9828,950413,126600,24,5275.0,A,1995-04-13,0,12095,132,46,86,795503.6,746782.8,11683.98787878788,12977.642230693655,47118.99318181818,400.0,94043.3,48720.6,22.766097240473062,5.798095238095238,Male,60,47,0
5352,1993,950415,68400,12,5700.0,B,1995-04-15,1,2422,14,9,5,62746.2,38800.0,7253.3,8968.285385815316,31793.73571428571,800.0,51242.2,23946.1,5.486202365308804,2.55185628742515,Female,23,68,1
6151,5628,950425,225420,60,3757.0,C,1995-04-25,0,6798,51,22,29,155236.5,122833.00000000001,5452.343137254902,5633.812300438359,31185.156862745098,200.0,53271.6,32403.4,10.249671484888305,4.975769230769231,Female,51,61,1
5310,1762,950428,248148,36,6893.0,A,1995-04-28,0,2136,120,37,83,347756.19999999995,306647.6,5453.365000000001,7133.353290384661,36063.78833333333,600.0,67486.0,41108.6,16.52431011826544,7.262027833001988,Female,59,28,1
5045,347,950501,187224,24,7801.0,B,1995-05-01,1,424,88,38,50,502143.60000000003,451311.39999999997,10834.71590909091,13319.840110329662,42084.31136363636,-243.3,92571.3,50832.1,16.557161629434955,5.314920634920635,Male,52,1,0
6929,9472,950508,36396,12,3033.0,A,1995-05-08,0,11662,158,56,102,949476.7,903996.0,11730.83987341772,14124.18445564042,57977.034810126584,800.0,125887.5,45480.6,22.043363994743757,7.16769001490313,Male,27,76,0
5151,960,950524,189060,60,3151.0,C,1995-05-24,0,1157,30,14,16,301974.5,233029.0,17833.45,18056.853797856555,72242.89666666668,200.0,101793.6,68945.6,6.668856767411301,4.4985221674876845,Female,41,4,1
5212,1256,950529,71064,36,1974.0,A,1995-05-29,0,1516,86,29,57,226245.69999999998,194848.8,4896.447674418605,5873.718342055305,34577.30232558139,700.0,55373.3,31397.0,13.23915900131406,6.495880893300248,Female,53,38,1
5138,854,950530,87216,48,1817.0,C,1995-05-30,0,1029,148,41,107,232489.3,205694.0,2960.6979729729733,3797.521519919623,30847.14932432432,700.0,43787.3,29638.3,20.2365308804205,7.313506493506494,Female,45,1,1
5713,3629,950530,158760,60,2646.0,C,1995-05-30,0,4377,166,55,111,395880.60000000003,376698.19999999995,4654.089156626506,5901.264408255868,24908.761445783133,900.0,59898.4,19182.3,22.07621550591327,7.519404761904762,Male,21,48,0
6704,8377,950601,417060,60,6951.0,C,1995-06-01,0,10350,74,41,33,432097.1,351118.4,10583.993243243245,13131.92757442026,58445.02702702703,200.0,127508.6,80978.7,18.331143232588698,4.036845878136201,Female,38,29,1
6474,7190,950606,63360,60,1056.0,C,1995-06-06,0,8677,119,49,70,202133.0,176497.6,3181.7697478991595,3284.5966846170654,29108.363865546213,700.0,40733.8,25635.0,20.9592641261498,5.677680250783699,Male,44,49,0
6676,8159,950613,29784,24,1241.0,A,1995-06-13,0,10076,12,9,3,60620.2,22700.0,6943.350000000001,5700.064920025035,27626.083333333332,200.0,49220.3,37920.3,4.106438896189225,2.92224,Female,30,26,1
6965,9656,950613,139536,24,5814.0,A,1995-06-13,0,11886,165,67,98,1210717.2000000002,1174244.2000000002,14454.311515151518,14694.203736977612,63889.873939393954,800.0,151546.9,36472.9,18.922470433639948,8.719791666666666,Female,58,61,1
6725,8489,950623,265320,36,7370.0,A,1995-06-23,0,10475,148,64,84,412238.9,376948.6,5332.347972972973,6707.595254498558,35566.881081081076,700.0,61993.3,35289.8,21.12352168199737,7.006407465007777,Female,51,51,1
7166,10630,950624,198240,24,8260.0,A,1995-06-24,0,13071,16,11,5,78047.2,42703.0,7546.8875,6185.992733170946,30953.14375,300.0,51947.2,35344.2,5.256241787122208,3.044,Male,43,41,0
7138,10440,950703,60000,60,1000.0,C,1995-07-03,0,12844,137,48,89,184336.5,167458.19999999998,2567.844525547445,2847.981247296369,24643.283941605838,400.0,39393.9,16893.2,21.616294349540077,6.337811550151977,Male,53,45,0
5970,4774,950709,465072,48,9689.0,C,1995-07-09,0,5760,103,38,65,460422.30000000005,423269.80000000005,8579.534951456311,9833.808613025441,27778.745631067963,300.0,79557.6,37152.4,17.772667542706962,5.795415896487986,Male,51,66,0
6157,5650,950710,98592,24,4108.0,A,1995-07-10,0,6829,26,13,13,162431.90000000002,118560.0,10807.380769230771,11147.747862133729,54128.56538461537,900.0,78713.7,62671.9,6.011826544021025,4.324808743169399,Female,36,10,1
6153,5632,950725,285600,60,4760.0,C,1995-07-25,0,6803,49,24,25,269184.3,240990.0,10411.720408163264,11557.453446435431,49651.8918367347,1100.0,126077.1,28194.4,8.278580814717477,5.918888888888889,Female,19,5,1
5693,3489,950801,44088,24,1837.0,A,1995-08-01,0,4217,32,17,15,128071.3,83702.80000000002,6617.940624999999,7405.888826925982,36548.818750000006,1000.0,55576.8,44368.6,7.752956636005256,4.127457627118645,Female,48,9,1
5922,4580,950805,20220,12,1685.0,A,1995-08-05,0,5521,51,23,28,263406.0,232102.6,9715.854901960784,12521.160228633105,41077.63529411765,500.0,122906.7,31317.9,11.268068331143231,4.526064139941691,Female,26,9,1
5959,4727,950811,107640,24,4485.0,A,1995-08-11,0,5701,23,12,11,233781.10000000003,168455.6,17488.55217391304,17258.364297950026,50214.50434782608,600.0,107783.7,65325.4,5.88042049934297,3.9112849162011174,Female,40,2,1
5980,4825,950818,21396,12,1783.0,A,1995-08-18,0,5826,78,34,44,193524.1,168742.0,4644.4371794871795,4806.160493524443,30812.94615384616,1000.0,46848.9,24782.0,14.45466491458607,5.396181818181819,Male,31,15,0
6764,8776,950826,33984,48,708.0,C,1995-08-26,0,10818,70,36,34,183167.90000000002,138702.19999999998,4598.144285714286,6133.699347879845,38587.759999999995,600.0,55077.5,44465.4,12.056504599211562,5.80599455040872,Male,27,64,0
5237,1375,950829,45336,24,1889.0,A,1995-08-29,0,1663,90,33,57,361660.3,321820.6,7594.232222222223,8405.786053081767,48152.95333333333,800.0,71486.0,39839.5,16.064388961892245,5.602453987730062,Male,42,19,0
6726,8492,950903,85860,60,1431.0,C,1995-09-03,0,10479,96,47,49,181800.00000000003,142433.0,3377.4270833333335,4245.21891819882,30461.404166666664,1000.0,44713.5,39366.8,14.159001314060447,6.780139211136891,Female,44,2,1
6933,9493,950909,188688,48,3931.0,C,1995-09-09,0,11685,22,12,10,131401.4,107821.6,10873.772727272728,11384.773895514283,42203.17272727272,400.0,71255.7,23579.7,5.256241787122208,4.1855,Female,34,64,1
5145,915,950916,309552,48,6449.0,C,1995-09-16,0,1102,35,16,19,330907.3,279107.80000000005,17429.002857142856,17001.51518129211,56105.49999999999,700.0,121713.2,51799.4,7.917214191852825,4.420746887966805,Male,64,72,0
7008,9897,950922,36168,12,3014.0,A,1995-09-22,0,12181,36,15,21,139338.2,110200.20000000001,6931.622222222222,7438.2100283719365,39063.766666666685,300.0,63738.0,29138.1,6.636005256241787,5.424950495049505,Male,38,1,0
7227,10942,951002,314520,60,5242.0,C,1995-10-02,0,13451,130,56,74,1011187.1,960700.0,15168.362307692307,15531.85215040006,63527.42,500.0,128119.4,50517.0,15.900131406044677,8.17603305785124,Female,44,44,1
6600,7861,951008,21852,36,607.0,A,1995-10-08,0,9721,18,12,6,104539.90000000001,61640.6,9232.25,9350.994868714357,38509.05,700.0,60863.2,42899.4,5.551905387647832,3.242130177514793,Male,45,34,0
6712,8405,951014,266220,60,4437.0,C,1995-10-14,0,10382,144,53,91,420932.30000000005,382772.19999999995,5581.28125,8103.86723035477,34922.881250000006,900.0,66744.4,38159.6,17.1484888304862,8.397241379310346,Female,34,20,1
7057,10093,951020,231696,36,6436.0,A,1995-10-20,0,12416,126,34,92,692989.8999999999,653115.0,10683.372222222222,14300.910260909186,45873.61666666666,800.0,108575.3,39874.7,15.637319316688567,8.05764705882353,Male,26,1,0
7176,10663,951028,260028,36,7223.0,A,1995-10-28,0,13113,161,47,114,1042331.3,972480.2000000001,12514.357142857141,15491.660434828767,50676.8198757764,200.0,124900.7,69850.9,22.634691195795007,7.112975326560232,Male,23,11,0
7304,11349,951029,419880,60,6998.0,C,1995-10-29,0,13955,18,11,7,232190.5,207486.0,24426.472222222223,22108.074094969757,59352.833333333336,200.0,104039.9,24704.4,5.124835742444152,3.5123076923076924,Female,54,1,1
6362,6738,951031,37908,12,3159.0,A,1995-10-31,0,8130,76,31,45,307505.69999999995,261392.0,7485.496052631578,8102.623895079667,42164.027631578945,800.0,69530.4,46113.5,15.111695137976346,5.029217391304348,Female,23,62,1
5880,4423,951031,73836,36,2051.0,A,1995-10-31,0,5333,19,14,5,192453.1,125000.0,16708.057894736845,15495.060653005927,55315.16842105263,900.0,129607.8,67453.1,6.176084099868594,3.0763829787234043,Female,32,39,1
6535,7546,951102,41952,12,3496.0,A,1995-11-02,0,9346,105,31,74,321582.80000000005,296910.0,5890.40761904762,8010.529187866195,41502.02571428572,500.0,71527.0,24687.4,13.961892247043364,7.520470588235294,Male,27,43,0
5449,2343,951104,99336,24,4139.0,A,1995-11-04,0,2831,52,24,28,128469.79999999999,97645.6,4348.373076923077,4501.784735059376,27019.571153846155,300.0,46568.0,30838.7,10.840998685939553,4.79660606060606,Female,19,68,1
6342,6609,951112,60156,36,1671.0,B,1995-11-12,1,7980,56,26,30,480580.30000000005,413867.39999999997,15972.280357142856,16480.103935984876,72667.63571428572,400.0,159712.8,106112.8,7.555847568988173,7.411478260869566,Male,23,16,0
5409,2218,951118,182040,60,3034.0,C,1995-11-18,0,2686,59,24,35,536797.8,498050.19999999995,17539.79661016949,19215.13727874473,67475.90169491524,600.0,110447.5,38747.5,11.892247043363994,4.9612154696132595,Female,48,19,1
6955,9627,951122,244368,48,5091.0,C,1995-11-22,0,11851,144,64,80,1328954.3,1242760.0,17859.127083333333,16535.323278520118,75924.24097222222,200.0,143453.3,86194.1,16.031537450722734,8.982295081967212,Male,29,65,0
6985,9731,951122,113796,36,3161.0,A,1995-11-22,0,11978,72,25,47,249344.09999999998,215290.0,6453.251388888889,7693.208484345733,36840.57361111111,500.0,58022.1,34054.0,11.695137976346912,6.156404494382023,Male,28,54,0
5125,789,951123,73056,48,1522.0,C,1995-11-23,0,944,51,23,28,73128.70000000001,51582.99999999999,2445.3274509803923,2439.4949634900872,23255.14901960784,500.0,33555.4,21545.7,9.526938239159001,5.353241379310345,Male,29,39,0
5805,4081,951128,137904,24,5746.0,B,1995-11-28,1,4918,12,9,3,55759.8,20600.0,6363.316666666667,4936.691082569601,26886.19166666667,600.0,43259.7,35159.7,4.23784494086728,2.831627906976744,Male,31,11,0
6185,5774,951128,31176,24,1299.0,A,1995-11-28,0,6987,23,12,11,129137.7,78490.6,9027.317391304348,9016.2460059438,46304.15217391303,700.0,65769.6,50647.1,5.683311432325887,4.0469364161849715,Male,31,1,0
7243,11042,951204,217152,36,6032.0,A,1995-12-04,0,13576,57,21,36,382143.0,339863.6,12666.78245614035,14104.729534514212,49107.06666666667,400.0,109774.3,42293.9,10.151116951379763,5.6151456310679615,Male,25,72,0
6403,6924,951205,194880,48,4060.0,C,1995-12-05,0,8359,113,37,76,478122.4,447115.3999999999,8187.945132743363,9551.132288581324,36421.425663716815,300.0,71138.8,31007.0,18.134034165571617,6.2313768115942025,Male,20,74,0
6578,7765,951211,27984,12,2332.0,A,1995-12-11,0,9606,76,30,46,286194.39999999997,267814.0,7289.584210526317,10051.722287028237,30639.86315789474,500.0,82352.4,18380.5,17.04993429697766,4.457495183044316,Male,50,52,0
5413,2227,951212,92976,24,3874.0,A,1995-12-12,0,2698,109,50,59,666916.9,645385.0,12039.466972477063,12283.946906565203,50436.46605504587,300.0,122342.1,21531.8,18.69250985545335,5.83121265377856,Female,29,31,1
6949,9583,951212,104712,24,4363.0,A,1995-12-12,0,11794,108,50,58,664119.2999999999,634004.0,12019.660185185186,12174.546508863084,52379.12870370369,300.0,119752.3,30115.3,18.69250985545335,5.777715289982426,Female,29,31,1
6545,7606,951212,191880,60,3198.0,C,1995-12-12,0,9417,87,35,52,566208.8999999999,487687.80000000005,12113.755172413796,14266.314021246628,53685.786206896555,400.0,128539.4,78521.0,8.935611038107753,9.736323529411765,Male,50,21,0
6178,5742,951216,232560,48,4845.0,C,1995-12-16,0,6946,27,14,13,197022.59999999998,155779.0,13066.725925925924,13518.004435610299,63188.63333333334,600.0,102665.9,41243.5,5.387647831800263,5.011463414634147,Female,29,74,1
5160,1011,951218,204000,60,3400.0,C,1995-12-18,0,1215,65,25,40,269311.0,231318.2,7701.987692307692,8189.430896776607,37809.39846153847,400.0,68172.8,45077.7,12.02365308804205,5.406010928961749,Male,55,45,0
6785,8899,951225,125340,60,2089.0,C,1995-12-25,0,10963,127,57,70,624607.4,605600.0,9686.672440944882,12333.394247197306,51145.51574803149,500.0,110933.4,19007.0,15.637319316688567,8.121596638655463,Male,55,1,0
6540,7562,951231,309600,48,6450.0,C,1995-12-31,0,9366,56,22,34,467021.00000000006,431533.0,16045.607142857143,16582.98627461998,58185.58928571428,400.0,112363.1,35488.1,11.432325886990801,4.898390804597701,Male,24,72,0
6589,7815,960101,189696,24,7904.0,A,1996-01-01,0,9663,89,30,59,559759.2000000001,471127.0,11582.991011235956,15191.676731918376,54137.10561797753,700.0,125386.9,88662.1,8.771353482260183,10.146666666666668,Male,54,19,0
5900,4503,960101,135360,48,2820.0,C,1996-01-01,0,5433,77,32,45,603340.4,548471.4,14958.594805194805,15825.401871329015,64881.31428571429,200.0,146479.5,54883.5,11.925098554533507,6.456969696969698,Male,24,50,0
5999,4907,960103,98832,48,2059.0,C,1996-01-03,0,5928,177,50,127,401400.30000000005,374230.39999999997,4382.094350282486,5941.618452387649,31814.268361581922,500.0,63095.4,27184.4,22.864651773981603,7.7412068965517244,Female,29,42,1
6043,5126,960111,20352,48,424.0,C,1996-01-11,0,6185,48,22,26,97274.6,75993.0,3609.7416666666663,3753.088662124023,31814.41458333333,400.0,44427.9,21281.5,9.296977660972404,5.162968197879859,Female,51,58,1
5482,2496,960112,165120,60,2752.0,C,1996-01-12,0,3013,116,50,66,197974.40000000002,175229.0,3217.270689655172,3028.143351757984,24377.371551724136,1100.0,37946.3,22745.4,19.743758212877793,5.875274542429284,Female,49,51,1
7263,11138,960119,89880,24,3745.0,A,1996-01-19,0,13690,29,13,16,215539.49999999997,176460.0,13517.224137931034,15760.815464892128,62571.28275862069,800.0,116004.2,39079.5,5.059132720105125,5.7322077922077925,Male,36,70,0
6013,4995,960203,128988,36,3583.0,D,1996-02-03,1,6034,82,35,47,314909.5,305229.1,7562.665853658536,9570.237795554935,34740.7024390244,-36.1,78192.9,9680.2,18.101182654402102,4.530090744101633,Male,60,20,0
5750,3804,960208,63252,12,5271.0,A,1996-02-08,0,4584,164,48,116,800390.8999999999,750681.7999999999,9457.76036585366,12156.55837361262,49291.82256097561,13097.7,86343.2,49709.2,22.07621550591327,7.428809523809524,Female,50,7,1
6027,5066,960210,61656,24,2569.0,B,1996-02-10,1,6115,12,9,3,125895.5,66200.0,16007.958333333334,16306.994907730972,44763.458333333336,400.0,89256.9,59695.5,5.486202365308804,2.187305389221557,Female,46,13,1
6303,6400,960212,72408,24,3017.0,B,1996-02-12,1,7727,13,9,4,109163.9,72800.0,13997.223076923077,14761.173821479406,45099.26153846154,700.0,83619.5,36363.9,4.139290407358739,3.1406349206349207,Female,41,31,1
7213,10884,960213,113544,36,3154.0,C,1996-02-13,0,13380,71,26,45,235792.1,222405.19999999998,6453.483098591549,7656.596093399522,33990.41971830985,700.0,68048.1,13386.8,11.76084099868594,6.0369832402234636,Male,57,65,0
6659,8092,960220,56100,60,935.0,C,1996-02-20,0,9995,68,28,40,138828.1,123420.8,3856.6014705882358,4023.8845103695458,20158.001470588235,1000.0,45346.1,15407.2,13.304862023653088,5.110913580246914,Male,41,54,0
6175,5735,960221,290700,60,4845.0,D,1996-02-21,1,6936,100,42,58,719516.0,707941.1,14274.571000000002,15006.470641448606,59647.42399999999,-2825.2,129626.3,11574.8,12.877792378449408,7.76530612244898,Female,40,52,1
5610,3112,960224,123216,48,2567.0,C,1996-02-24,0,3763,128,48,80,815518.8999999999,737938.0,12136.38203125,15511.98511686021,70622.83359375,700.0,138433.7,77580.8,18.429697766097238,6.945311942959003,Female,22,38,1
5563,2912,960229,380160,60,6336.0,C,1996-02-29,0,3519,109,47,62,878170.4999999999,853620.7999999999,15887.993577981653,16641.30671799651,64777.07522935778,1100.0,147375.1,24549.6,19.021024967148488,5.730500863557858,Male,50,74,0
5989,4852,960304,213300,36,5925.0,C,1996-03-04,0,5860,59,27,32,123704.30000000002,96377.6,3730.201694915255,3388.2951405520525,27951.913559322038,400.0,42443.7,27341.3,10.709592641261498,5.509079754601227,Male,35,47,0
6698,8327,960310,247728,48,5161.0,C,1996-03-10,0,10282,50,23,27,329077.8,276526.0,12112.076,15858.551262237797,60054.734000000004,200.0,108390.1,52551.7,7.063074901445466,7.079069767441861,Male,20,1,0
5312,1772,960313,202788,36,5633.0,C,1996-03-13,0,2148,79,26,53,678389.7000000001,596766.0,16141.211392405066,18760.968655230157,57124.26835443037,1100.0,139880.9,81623.6,12.713534822601838,6.213850129198967,Female,46,31,1
7189,10728,960321,154656,48,3222.0,C,1996-03-21,0,13190,89,32,57,314688.7,277508.0,6653.895505617977,7519.250492231497,31791.328089887636,1000.0,61782.0,37180.5,14.914586070959263,5.967312775330397,Male,43,71,0
6816,9017,960326,100224,48,2088.0,D,1996-03-26,1,11105,18,15,3,60087.100000000006,28700.0,4932.616666666667,6293.359642887273,28124.933333333334,700.0,46487.1,31387.1,4.106438896189225,4.38336,Female,42,70,1
6137,5574,960410,44628,12,3719.0,A,1996-04-10,0,6731,146,43,103,1079599.7999999998,999160.0,14238.080821917807,17857.15522208178,49477.32123287671,900.0,112689.5,80439.7,20.893561103810775,6.987798742138365,Male,56,13,0
5128,808,960411,215616,48,4492.0,D,1996-04-11,1,968,61,30,31,165167.30000000005,156526.59999999998,5273.670491803279,6384.568544194878,21447.624590163938,-3424.6,50124.8,8640.6,9.95400788436268,6.128184818481849,Male,42,69,0
5470,2456,960415,200976,48,4187.0,C,1996-04-15,0,2966,35,17,18,216791.3,169359.8,11032.888571428572,10741.103152304275,47938.06571428571,600.0,83553.5,47431.4,7.194480946123521,4.864840182648402,Male,44,65,0
5593,3037,960418,277884,36,7719.0,D,1996-04-18,1,3670,117,46,71,632945.0,621330.9999999999,10720.307692307695,12786.879725465888,46487.002564102564,1000.0,129394.2,11614.0,22.766097240473062,5.139220779220779,Female,19,44,1
5350,1967,960421,249312,48,5194.0,C,1996-04-21,0,2392,60,30,30,327590.7,272164.0,9995.911666666665,12045.699377317085,35914.854999999996,900.0,88597.4,55426.5,14.224704336399475,4.218013856812933,Male,44,26,0
6063,5213,960425,320976,48,6687.0,D,1996-04-25,1,6299,50,23,27,400580.1000000001,354117.8,15093.957999999999,18749.500034551216,49482.96800000001,1000.0,130775.0,46462.2,8.245729303547963,6.06374501992032,Male,63,1,0
6501,7418,960429,30276,12,2523.0,B,1996-04-29,1,9196,92,58,34,243755.40000000002,218824.8,5028.045652173913,6720.8266749290315,31318.872826086943,1000.0,58621.4,24930.3,12.746386333771353,7.2177319587628865,Female,60,21,1
5452,2352,960429,49440,60,824.0,C,1996-04-29,0,2843,110,31,79,327632.69999999995,282610.99999999994,5547.669999999999,7902.089784521907,47798.865454545434,300.0,74419.8,45021.6,15.243101182654401,7.216379310344828,Female,33,70,1
4961,19,960429,30276,12,2523.0,B,1996-04-29,1,25,80,46,34,242179.19999999998,226324.80000000002,5856.3,7030.5354115458385,25197.092500000002,715.0,58157.5,15854.0,12.746386333771353,6.276288659793814,Female,60,21,1
4973,67,960502,165960,24,6915.0,A,1996-05-02,0,78,125,37,88,813241.7999999999,789552.4,12822.353600000002,16376.624881837131,52523.24480000001,700.0,107069.6,23703.8,18.429697766097238,6.782531194295901,Female,55,16,1
6190,5794,960506,123600,60,2060.0,C,1996-05-06,0,7010,49,20,29,231224.8,215719.2,9121.30612244898,12664.065923020757,39514.67755102041,300.0,105255.7,15505.6,9.756898817345597,5.022087542087543,Male,32,70,0
6715,8411,960506,220620,60,3677.0,C,1996-05-06,0,10389,128,54,74,418400.0,391970.79999999993,6331.021875,8288.860228624786,36907.45625,1100.0,70272.7,26428.9,17.115637319316686,7.478541266794626,Female,56,20,1
5892,4462,960514,66480,24,2770.0,B,1996-05-14,1,5384,10,7,3,85491.2,50600.0,13609.12,15595.658393270864,34798.28,900.0,77551.0,34891.2,4.566360052562418,2.189928057553957,Male,64,73,0
6550,7614,960518,320592,48,6679.0,C,1996-05-18,0,9427,88,30,58,645092.7,575944.0,13875.417045454546,15970.462929315521,60781.30681818181,500.0,117827.8,69148.6,15.275952693823916,5.760688172043011,Female,29,62,1
5706,3608,960524,161496,36,4486.0,C,1996-05-24,0,4352,130,52,78,459573.5,430202.0,6844.426923076923,10710.66970892389,33219.90000000001,500.0,113865.5,29371.5,20.795006570302235,6.251500789889415,Male,28,72,0
5148,940,960529,284280,60,4738.0,C,1996-05-29,0,1133,94,36,58,742462.2000000001,647844.8,14790.500000000002,16671.113602525114,64182.64148936169,300.0,109361.9,94617.3,18.429697766097238,5.100463458110518,Female,41,37,1
6734,8547,960530,173016,36,4806.0,C,1996-05-30,0,10543,94,47,47,679597.9000000001,591266.0,13519.828723404256,15440.570235608875,61799.24361702125,300.0,123928.2,113931.6,10.446780551905388,8.997987421383648,Female,54,14,1
6109,5422,960603,368880,60,6148.0,C,1996-06-03,0,6544,182,58,124,1106097.9,1000385.2000000001,11574.082967032966,14751.781580149775,60030.74340659339,1100.0,151062.3,105727.0,19.38239159001314,9.389966101694917,Male,25,66,0
6961,9645,960606,176148,36,4893.0,C,1996-06-06,0,11873,13,9,4,141192.69999999998,87600.0,17599.438461538462,15545.818618450154,47154.5,1100.0,83783.4,53592.6,4.434954007884363,2.9312592592592592,Female,36,38,1
6810,9006,960608,186384,48,3883.0,C,1996-06-08,0,11093,190,82,108,1146007.0,1125003.0,11952.684210526315,14906.357472175321,61578.30157894737,700.0,129557.3,21003.8,21.1892247043364,8.966821705426357,Male,40,40,0
5494,2572,960613,360000,48,7500.0,C,1996-06-13,0,3103,136,57,79,1045406.1,980640.6,14897.402205882354,19647.552353247414,51149.655147058824,600.0,126072.0,64765.2,18.988173455978973,7.162352941176471,Female,26,64,1
5311,1766,960615,30060,60,501.0,C,1996-06-15,0,2141,186,45,141,476146.8,427623.2,4858.978494623656,7323.301079017994,37213.407526881725,500.0,69382.9,48523.3,21.38633377135348,8.697142857142858,Male,48,28,0
5445,2322,960629,46320,24,1930.0,A,1996-06-29,0,2809,178,48,130,729496.5,705943.6000000001,8064.270224719102,13205.233606366839,43657.81348314607,900.0,119892.5,26652.7,17.871222076215506,9.960147058823528,Male,20,33,0
5301,1698,960706,141948,36,3943.0,C,1996-07-06,0,2063,10,7,3,68439.8,21200.0,8963.98,10265.374983292135,32592.68,800.0,63263.1,47239.7,3.7450722733245727,2.6701754385964915,Female,49,68,1
7034,10001,960711,19044,36,529.0,C,1996-07-11,0,12303,69,29,40,252799.0,202631.4,6600.440579710145,7910.749641905248,43121.75507246377,600.0,64981.1,50167.6,13.469119579500656,5.1228292682926835,Female,25,24,1
6751,8680,960714,85716,36,2381.0,C,1996-07-14,0,10702,19,15,4,86716.99999999999,50200.0,7206.1578947368425,7273.4888695949685,31337.257894736842,800.0,52782.7,36516.9,5.026281208935611,3.7801307189542483,Male,61,17,0
6667,8127,960715,155880,24,6495.0,A,1996-07-15,0,10040,142,51,91,891122.3999999999,846557.6,12237.18309859155,13681.95957386372,63263.1471830986,1000.0,164648.6,44564.6,21.057818659658345,6.743338533541341,Female,31,37,1
6130,5541,960718,32640,48,680.0,C,1996-07-18,0,6691,107,39,68,157742.7,138942.6,2772.759813084112,3413.272362379961,25906.40934579439,300.0,43206.0,18800.0,15.83442838370565,6.757427385892116,Male,57,43,0
5429,2268,960718,20196,36,561.0,C,1996-07-18,0,2746,96,34,62,440905.80000000005,375221.19999999995,8501.322916666666,10321.195928479323,52636.598958333336,200.0,77158.8,65684.6,17.181340341655716,5.587456978967495,Male,28,1,0
5725,3679,960723,444864,48,9268.0,C,1996-07-23,0,4434,64,27,37,226733.7,184989.6,6433.1765625,6835.911509053269,32404.7734375,800.0,62903.5,41743.9,11.268068331143231,5.679766763848397,Male,35,64,0
6019,5033,960725,11400,12,950.0,A,1996-07-25,0,6077,77,29,48,107628.59999999999,79808.20000000001,2434.2441558441556,2727.5069853133978,27533.66363636364,300.0,39514.1,27820.2,11.727989487516425,6.565490196078432,Female,19,54,1
6421,6985,960725,96768,36,2688.0,C,1996-07-25,0,8432,66,28,38,455757.69999999995,418361.19999999995,13244.225757575758,15487.1911608438,51611.342424242415,900.0,117830.9,37396.4,11.957950065703022,5.519340659340659,Female,31,38,1
6992,9790,960727,133968,48,2791.0,C,1996-07-27,0,12050,79,23,56,409989.80000000005,375260.2,9939.87341772152,13901.411115065004,46772.315189873414,200.0,117458.5,34729.5,8.5742444152431,9.213639846743297,Male,56,52,0
5136,846,960728,187104,24,7796.0,A,1996-07-28,0,1020,25,16,9,288707.0,201829.2,19621.448,16897.672798065894,66292.372,300.0,137193.5,133377.7,4.6320630749014455,5.397163120567376,Female,22,72,1
5337,1886,960731,162468,36,4513.0,C,1996-07-31,0,2288,15,10,5,150438.8,75800.0,15082.586666666666,14420.26701171499,51279.553333333344,700.0,83862.8,74638.8,4.862023653088042,3.0851351351351353,Female,42,32,1
5495,2580,960802,89340,60,1489.0,C,1996-08-02,0,3113,44,20,24,123335.59999999999,81813.0,4662.468181818182,4862.4033934209165,39644.76363636364,500.0,54020.1,41522.6,8.771353482260183,5.016329588014981,Female,28,60,1
7013,9928,960802,89340,60,1489.0,C,1996-08-02,0,12220,44,20,24,123340.5,81113.0,4646.670454545455,4871.234544360651,40005.48181818182,500.0,54628.1,42227.6,8.771353482260183,5.016329588014981,Female,28,60,1
6012,4994,960803,258444,36,7179.0,C,1996-08-03,0,6033,16,12,4,96392.09999999999,42500.0,8680.756249999999,8549.829885878487,40688.1375,600.0,61790.4,53892.1,6.734559789750328,2.3758048780487804,Male,33,1,0
6471,7184,960804,155640,24,6485.0,A,1996-08-04,0,8670,105,27,78,324426.00000000006,283931.39999999997,5793.88,8372.41845954862,45183.34952380952,500.0,72838.9,40494.6,13.534822601839684,7.7577669902912625,Female,56,5,1
6296,6358,960806,270384,48,5633.0,C,1996-08-06,0,7678,87,32,55,568470.1,510634.99999999994,12403.506896551726,13425.143490915714,47654.244827586204,700.0,91294.4,57835.1,14.35611038107753,6.060137299771167,Male,37,3,0
7305,11359,960806,54024,12,4502.0,A,1996-08-06,0,13968,147,45,102,652932.3999999999,627249.8,8708.722448979592,10901.082454819565,36480.185034013615,1000.0,81705.8,25697.2,22.174770039421812,6.629155555555556,Male,31,61,0
6144,5593,960809,44376,12,3698.0,A,1996-08-09,0,6753,39,18,21,333102.3,264860.80000000005,15332.38717948718,14999.621057353235,53505.21538461538,800.0,124090.0,68241.5,5.387647831800263,7.2387804878048785,Male,37,15,0
6283,6289,960811,85632,48,1784.0,C,1996-08-11,0,7594,85,38,47,697341.9,597403.0,15232.292941176469,17854.930620293082,65066.73529411765,800.0,156504.1,99938.7,16.228646517739815,5.2376518218623485,Female,50,64,1
7246,11054,960820,148920,60,2482.0,C,1996-08-20,0,13590,31,16,15,129036.6,113758.0,7832.083870967742,7081.903846724832,32435.319354838703,400.0,63289.9,15278.6,6.603153745072273,4.694726368159204,Male,22,59,0
5088,544,960822,91152,24,3798.0,A,1996-08-22,0,655,77,31,46,383627.69999999995,344249.0,9452.944155844156,10259.08387053764,44829.544155844145,400.0,72327.7,39378.8,15.275952693823916,5.040602150537635,Male,57,32,0
5988,4851,960822,141648,24,5902.0,A,1996-08-22,0,5858,18,13,5,171310.2,82600.0,14106.122222222222,15227.925436642729,45100.42222222222,200.0,123310.1,88710.1,6.570302233902759,2.7396000000000003,Male,47,52,0
5282,1583,960824,388512,48,8094.0,D,1996-08-24,1,1917,120,54,66,458514.0,419816.80000000005,7319.423333333334,9382.33351797172,21371.32,-2838.8,84743.5,38697.3,21.22207621550591,5.654489164086688,Female,30,69,1
5938,4650,960825,402000,60,6700.0,C,1996-08-25,0,5606,54,29,25,90423.0,73191.0,3029.8888888888887,2765.951015116626,21568.935185185193,200.0,35650.8,17232.1,10.348226018396845,5.218285714285715,Male,19,4,0
5606,3084,960828,253512,36,7042.0,D,1996-08-28,1,3730,29,14,15,171658.5,158340.0,11379.258620689656,12071.997769718186,37095.84482758621,300.0,111044.2,13318.4,6.9973718791064385,4.1444131455399065,Female,54,59,1
5385,2143,960909,71460,36,1985.0,C,1996-09-09,0,2592,31,16,15,181884.69999999998,132235.80000000002,10132.919354838708,10233.600857529977,49220.9806451613,700.0,76403.1,49648.9,7.884362680683311,3.9318333333333335,Female,19,1,1
6865,9199,960911,29448,12,2454.0,B,1996-09-11,1,11327,11,9,2,67390.6,23600.0,8271.872727272728,7827.263397090838,28977.436363636363,800.0,43790.6,43790.6,3.9093298291721417,2.813781512605042,Male,52,72,0
5586,2994,960914,48744,36,1354.0,C,1996-09-14,0,3616,14,11,3,111191.29999999999,48300.0,11392.235714285713,9534.169904731923,42930.20714285715,900.0,62891.3,62891.3,4.402102496714849,3.1802985074626866,Female,35,77,1
6302,6397,960916,181020,60,3017.0,C,1996-09-16,0,7723,93,37,56,359492.8,316966.8,7273.759139784946,7848.650619113522,34005.90645161291,500.0,60475.3,45526.0,18.101182654402102,5.137785843920145,Female,33,48,1
7194,10762,960917,68832,36,1912.0,C,1996-09-17,0,13231,53,24,29,233238.4,181697.6,7828.981132075471,8732.622994030511,37557.05471698113,700.0,61939.6,51540.7,10.840998685939553,4.888848484848485,Male,40,1,0
6461,7136,960919,74124,36,2059.0,C,1996-09-19,0,8615,122,39,83,563270.2999999999,537612.0,9023.625409836066,13119.426507555168,54371.29918032787,400.0,159765.9,25658.0,17.378449408672797,7.020189035916825,Female,60,12,1
6732,8533,960919,174048,48,3626.0,C,1996-09-19,0,10528,69,38,31,492928.1,438787.6,13503.126086956521,15253.885388221604,72968.38115942031,600.0,127067.6,54140.4,11.333771353482259,6.088000000000001,Female,47,47,1
6613,7926,960922,84120,24,3505.0,A,1996-09-22,0,9798,19,12,7,172282.9,108330.0,14769.1,14590.175951574223,56910.6894736842,900.0,89570.9,45528.9,3.4494086727989486,5.508190476190476,Female,49,69,1
7036,10019,960925,194940,36,5415.0,C,1996-09-25,0,12325,91,38,53,593514.7000000001,559302.2,12668.317582417583,14572.333600433672,56669.787912087915,600.0,138172.6,34212.3,15.374507227332456,5.9188888888888895,Male,35,8,0
5897,4476,960925,15192,24,633.0,A,1996-09-25,0,5399,169,47,122,355100.19999999995,337748.19999999995,4099.694674556213,5291.628267023503,29941.905325443786,500.0,48157.1,17351.9,22.503285151116952,7.510014598540145,Female,27,24,1
6995,9814,960926,96168,12,8014.0,A,1996-09-26,0,12079,149,84,65,615726.7,612117.0,8240.561744966444,12043.559992662416,50492.688590604026,600.0,138010.1,3609.3,20.2365308804205,7.362922077922078,Female,27,64,1
5415,2236,960926,139464,36,3874.0,D,1996-09-26,1,2708,31,19,12,146863.2,105200.0,8131.070967741934,11393.787492687055,31532.74838709678,300.0,65062.8,41662.8,13.009198423127463,2.382929292929293,Male,41,73,0
7136,10436,960928,54396,36,1511.0,C,1996-09-28,0,12840,23,14,9,62423.4,26214.6,3853.8260869565224,3466.9919920923544,30293.70869565218,800.0,42308.8,36208.8,6.274638633377135,3.6655497382198954,Male,60,60,0
7271,11186,961002,392460,60,6541.0,C,1996-10-02,0,13750,143,46,97,947723.0,894477.7999999999,12882.523076923075,14998.381303554397,57131.740559440565,900.0,115913.4,53259.7,22.273324572930353,6.420235988200591,Female,19,12,1
5375,2106,961003,101520,12,8460.0,A,1996-10-03,0,2550,38,18,20,110391.2,93670.40000000001,5370.042105263157,5196.614034594347,26449.09210526316,400.0,43218.7,16720.8,8.04862023653088,4.72130612244898,Female,23,1,1
5635,3230,961004,77184,36,2144.0,C,1996-10-04,0,3907,77,36,41,571831.4,549385.4,14561.257142857146,18547.967419971363,50722.27012987013,200.0,142917.9,22446.0,18.823915900131404,4.090541012216406,Female,45,1,1
6817,9024,961004,70656,48,1472.0,C,1996-10-04,0,11114,53,29,24,148728.99999999997,126253.0,5188.33962264151,6730.768487463099,32646.850943396228,600.0,55343.2,22476.1,8.968462549277266,5.90959706959707,Male,47,1,0
5923,4585,961010,64656,48,1347.0,C,1996-10-10,0,5526,12,9,3,60648.9,15900.0,6379.075,5553.408167231632,25896.466666666664,200.0,44749.0,44749.0,4.073587385019711,2.945806451612903,Male,52,27,0
5329,1862,961016,396120,60,6602.0,C,1996-10-16,0,2259,95,36,59,776665.3,688055.0,15418.108421052631,17025.43264825125,58855.27789473683,500.0,104859.1,88610.1,18.068331143232587,5.257818181818182,Female,49,19,1
6644,8039,961020,93600,24,3900.0,A,1996-10-20,0,9930,55,21,34,229169.30000000002,202933.4,7856.412727272727,12374.489331759838,40078.70727272726,900.0,96108.3,26235.8,10.11826544021025,5.435714285714286,Male,27,9,0
6354,6688,961023,22968,36,638.0,C,1996-10-23,0,8076,11,10,1,42431.0,3600.0,4184.636363636364,3751.034108633542,23324.936363636363,1000.0,38831.0,38831.0,3.9421813403416555,2.7903333333333333,Female,49,16,1
5082,501,961024,262980,60,4383.0,C,1996-10-24,0,603,56,24,32,242727.40000000002,166646.0,7310.239285714286,10896.797354591305,41729.61607142857,900.0,78574.3,76081.3,12.12220762155059,4.619620596205962,Female,33,13,1
6585,7795,961029,372120,60,6202.0,C,1996-10-29,0,9641,172,71,101,1328950.6,1282370.0,15182.09651162791,14794.938416185068,64044.04593023256,500.0,128495.4,46580.5,21.780551905387647,7.896953242835596,Male,54,64,0
6921,9422,961029,86184,12,7182.0,A,1996-10-29,0,11596,42,16,26,368574.5,325416.80000000005,16523.602380952383,18114.509885218013,59935.27142857144,300.0,128146.0,43157.5,7.7858081471747695,5.394430379746836,Female,59,70,1
5366,2062,961029,86184,12,7182.0,A,1996-10-29,0,2501,42,16,26,368577.8,328916.80000000005,16607.01428571429,18069.08403607258,60273.67857142856,300.0,128146.0,39660.8,7.7858081471747695,5.394430379746836,Female,59,70,1
5886,4447,961031,192744,36,5354.0,C,1996-10-31,0,5364,26,13,13,214555.3,186756.2,15435.057692307691,14435.247086589905,62590.42307692308,200.0,128778.8,27799.1,4.50065703022339,5.776934306569343,Male,35,62,0
5741,3754,961103,68544,24,2856.0,A,1996-11-03,0,4529,54,17,37,253465.89999999997,229736.0,8948.183333333332,12092.590315771578,44948.625925925924,900.0,94207.7,23729.8,8.47568988173456,6.371162790697674,Male,23,37,0
4996,132,961106,88440,12,7370.0,A,1996-11-06,0,158,31,16,15,269640.8,190733.0,14850.767741935482,14613.617845725092,62778.09032258067,200.0,103239.0,79007.6,5.88042049934297,5.271731843575419,Female,54,40,1
6015,5001,961109,110112,24,4588.0,A,1996-11-09,0,6042,82,37,45,760052.5,653194.2000000001,17234.715853658538,14798.699622811868,76232.70000000001,700.0,135658.1,135658.1,10.840998685939553,7.563878787878788,Male,36,53,0
6309,6434,961111,110136,24,4589.0,A,1996-11-11,0,7765,63,29,34,387680.2,346933.6,11660.536507936507,14589.909374472956,50815.80476190477,400.0,140542.8,40746.5,18.166885676741128,3.4678481012658233,Female,41,1,1
6073,5263,961112,276300,60,4605.0,C,1996-11-12,0,6359,92,45,47,156608.80000000002,129030.60000000002,3104.7760869565213,2412.0963567425692,25997.563043478265,500.0,40755.0,27578.1,15.99868593955322,5.75047227926078,Male,23,64,0
6006,4948,961115,359760,60,5996.0,C,1996-11-15,0,5977,48,25,23,213955.90000000002,173996.40000000002,8082.339583333333,11591.017569414465,32434.693750000002,900.0,127807.6,39959.4,15.604467805519054,3.076042105263158,Male,20,43,0
5611,3115,961115,321180,60,5353.0,C,1996-11-15,0,3767,38,17,21,276707.3,239523.80000000002,13585.02894736842,13605.225947037834,40524.46315789474,700.0,90257.3,51906.5,7.654402102496714,4.964463519313305,Male,63,14,0
6944,9548,961115,46176,48,962.0,C,1996-11-15,0,11754,17,11,6,92238.1,53513.0,8573.594117647057,7538.535421612514,33613.105882352946,1000.0,54705.1,38725.1,5.289093298291721,3.21416149068323,Male,33,62,0
7101,10297,961118,421008,48,8771.0,C,1996-11-18,0,12662,50,22,28,228633.1,197465.0,8521.962,8384.960859846395,37436.422,600.0,72330.4,31168.0,9.986859395532194,5.006578947368421,Male,46,14,0
6599,7859,961119,72120,12,6010.0,A,1996-11-19,0,9717,102,40,62,782536.9,683905.0,14376.881372549022,15809.991624030292,75686.06568627452,1000.0,109338.9,98631.7,20.2365308804205,5.04038961038961,Female,47,52,1
6940,9510,961122,228276,36,6341.0,C,1996-11-22,0,11709,20,13,7,98722.6,45014.6,7186.860000000001,6759.340623344854,41402.135,500.0,60236.6,53707.9,5.45335085413929,3.6674698795180722,Male,38,1,0
5209,1250,961125,182640,48,3805.0,C,1996-11-25,0,1509,40,17,23,196501.2,172602.80000000002,9227.6,9689.874663766297,37802.229999999996,600.0,64411.8,23898.3,7.9500657030223385,5.031404958677686,Female,57,62,1
5388,2153,961128,61560,12,5130.0,A,1996-11-28,0,2606,71,22,49,355774.2,335723.0,9739.39718309859,11535.119821132306,32967.71267605635,200.0,73559.9,20051.1,10.709592641261498,6.629570552147239,Male,56,31,0
6011,4981,961128,179328,48,3736.0,C,1996-11-28,0,6015,52,21,31,250367.8,214293.0,8935.784615384615,9698.318430757918,44093.97115384616,200.0,81614.7,36074.7,10.21681997371879,5.089646302250804,Male,26,54,0
5591,3021,961204,155616,48,3242.0,C,1996-12-04,0,3649,30,16,14,149490.8,125043.80000000002,9151.153333333332,9013.214535104677,39426.07,300.0,62153.6,24447.1,7.490144546649145,4.005263157894737,Female,40,10,1
7154,10520,961205,417600,60,6960.0,C,1996-12-05,0,12943,34,21,13,168038.99999999997,109400.0,8159.970588235294,12064.629977493749,43196.74411764707,200.0,87052.1,58638.6,13.403416557161629,2.5366666666666666,Male,29,55,0
7130,10411,961211,123408,24,5142.0,A,1996-12-11,0,12810,65,25,40,192349.19999999998,183992.0,5789.864615384616,8359.71842903503,28359.255384615386,700.0,85626.9,8357.1,12.614980289093298,5.152604166666666,Male,35,39,0
6818,9030,961212,155616,48,3242.0,C,1996-12-12,0,11121,172,70,102,451400.80000000005,390706.79999999993,4895.974418604651,7062.88816505941,44197.50988372093,200.0,75294.1,60694.1,22.700394218134033,7.576960926193922,Female,28,72,1
5625,3189,961215,222180,60,3703.0,D,1996-12-15,1,3855,59,28,31,375691.6,316112.6,11725.494915254236,13770.068893115988,55230.444067796605,800.0,130659.1,59578.8,12.54927726675427,4.701465968586388,Male,60,29,0
6805,8972,961221,45024,48,938.0,C,1996-12-21,0,11050,39,20,19,170898.59999999998,132514.2,7779.8153846153855,9952.211725877138,41994.9076923077,800.0,63659.3,38384.3,7.030223390275952,5.547476635514019,Female,42,70,1
7233,10963,961225,115812,36,3217.0,C,1996-12-25,0,13480,124,51,73,844304.2999999998,802426.2,13280.084677419354,14650.475679864372,56646.51612903225,1100.0,119527.2,41878.1,19.21813403416557,6.452239316239317,Male,46,16,0
7308,11362,961227,129408,24,5392.0,A,1996-12-27,0,13971,107,29,78,255540.99999999997,231341.39999999997,4550.302803738317,6227.477584159343,30869.781308411217,1000.0,56055.6,24199.5,14.45466491458607,7.402454545454546,Female,37,67,1
5895,4473,970103,93960,60,1566.0,C,1997-01-03,0,5395,89,30,59,383076.6,333528.0,8051.737078651685,10092.999274070022,54520.20224719101,800.0,88246.7,49548.5,14.848883048620236,5.993716814159292,Male,37,45,0
7122,10365,970104,260640,36,7240.0,D,1997-01-04,1,12756,78,29,49,276276.4,264710.8,6935.733333333333,10362.83795469654,31518.182051282052,-718.6,88731.8,11565.4,16.09724047306176,4.8455510204081635,Female,50,22,1
6173,5724,970108,232560,48,4845.0,C,1997-01-08,0,6922,176,43,133,658006.9,612253.0,7217.3857954545465,10626.90412812048,40175.6125,200.0,79286.6,45754.0,20.69645203679369,8.503873015873017,Female,60,14,1
6142,5591,970121,221880,60,3698.0,C,1997-01-21,0,6749,71,21,50,247750.5,208837.0,6430.80985915493,8890.910449634723,44440.91267605633,1000.0,74216.8,41785.4,10.21681997371879,6.949324758842445,Female,56,9,1
5358,2018,970121,38520,12,3210.0,A,1997-01-21,0,2451,114,52,62,142273.40000000002,128279.0,2373.2666666666664,2057.2409984140304,20231.31315789473,900.0,31302.0,16514.3,19.612352168199735,5.812663316582915,Male,60,42,0
6095,5358,970124,68340,60,1139.0,C,1997-01-24,0,6469,114,40,74,538520.6,492364.0,9042.847368421053,10497.13962812335,41735.4201754386,500.0,71564.8,60756.7,20.269382391590014,5.624246353322528,Male,46,4,0
6878,9242,970124,23184,12,1932.0,A,1997-01-24,0,11381,58,33,25,99594.2,57093.0,2701.5034482758624,3466.951828930716,36729.80172413792,200.0,48344.0,42501.4,10.348226018396845,5.604825396825397,Female,20,57,1
6554,7637,970129,390096,48,8127.0,C,1997-01-29,0,9457,16,10,6,134078.0,89800.0,13992.375,12092.865854632018,44346.15625,900.0,77467.0,44278.0,5.354796320630749,2.9879754601226995,Male,21,46,0
6793,8931,970130,186300,60,3105.0,C,1997-01-30,0,11004,119,54,65,779547.0,753283.0,12880.9243697479,15392.776905937431,62765.86554621849,200.0,170682.8,26264.0,12.976346911957949,9.170531645569621,Male,52,63,0
7286,11271,970131,67320,36,1870.0,C,1997-01-31,0,13852,111,38,73,217974.4,198216.59999999998,3749.4684684684685,4313.655991308081,26491.780180180187,200.0,43949.4,19757.5,16.392904073587385,6.77122244488978,Male,27,5,0
6076,5269,970202,117420,60,1957.0,C,1997-02-02,0,6366,43,17,26,160489.6,135949.80000000002,6893.93953488372,8290.582947527413,40841.795348837215,500.0,68584.8,24539.8,6.9973718791064385,6.145164319248827,Male,33,49,0
5134,825,970202,53076,12,4423.0,A,1997-02-02,0,992,65,26,39,203498.00000000003,182432.19999999998,5937.387692307693,6320.994884510062,33129.40307692308,500.0,65121.6,21080.3,10.939553219448094,5.941741741741742,Male,51,19,0
5419,2246,970205,415800,60,6930.0,C,1997-02-05,0,2720,37,18,19,237053.5,223573.00000000003,12449.364864864865,14554.77543277447,44265.272972972976,700.0,140706.0,13480.4,9.395532194480946,3.938041958041958,Female,50,1,1
6255,6158,970208,247920,48,5165.0,D,1997-02-08,1,7435,15,10,5,35090.0,11100.0,3079.3333333333335,4191.761923370914,23594.146666666664,200.0,31595.5,23990.1,8.902759526938238,1.6848708487084871,Female,42,67,1
5656,3353,970209,146064,24,6086.0,C,1997-02-09,0,4055,22,12,10,150949.3,105928.6,11676.26818181818,12518.115284127833,44355.04090909091,200.0,90387.4,45020.6,5.45335085413929,4.03421686746988,Female,46,74,1
6934,9494,970209,116832,12,9736.0,A,1997-02-09,0,11686,46,23,23,132622.10000000003,111883.0,5315.328260869565,5100.029579652627,23391.68913043478,400.0,40761.2,20739.0,9.034165571616294,5.091781818181818,Female,51,21,1
6028,5072,970209,317520,60,5292.0,C,1997-02-09,0,6122,73,21,52,266950.4,228271.6,6783.86301369863,9316.867911739244,56757.3095890411,1100.0,82886.2,38678.7,9.95400788436268,7.333729372937294,Female,31,6,1
6490,7262,970210,73260,60,1221.0,C,1997-02-10,0,8764,21,12,9,98912.59999999999,70874.6,8085.104761904762,8386.103008604754,33927.08571428571,900.0,58294.8,28038.0,5.387647831800263,3.8978048780487806,Female,59,70,1
6415,6950,970212,475680,48,9910.0,C,1997-02-12,0,8392,12,8,4,103405.4,56900.0,13358.783333333335,11838.624133659094,40812.49166666666,700.0,70405.3,46505.3,4.040735873850197,2.9697560975609756,Female,33,36,1
7087,10215,970220,44304,24,1846.0,C,1997-02-20,0,12561,63,21,42,166763.1,120317.0,4556.826984126984,5619.4733564521,42830.99523809524,300.0,58281.2,46446.1,10.315374507227332,6.1073885350318475,Male,33,38,0
5420,2247,970224,72504,24,3021.0,C,1997-02-24,0,2721,99,26,73,379257.6,362153.4,7489.000000000001,13149.652632067526,45374.64242424244,600.0,145620.3,17104.4,10.413929040735873,9.506498422712935,Female,49,24,1
5977,4803,970225,59136,48,1232.0,C,1997-02-25,0,5801,44,23,21,62999.0,40258.4,2346.759090909091,2084.167538667546,23023.65909090909,6620.0,32572.8,22740.4,8.607095926412615,5.11206106870229,Female,20,26,1
6824,9052,970226,71976,24,2999.0,D,1997-02-26,1,11149,133,60,73,713351.7000000001,627976.3,10085.172932330826,13091.645334415552,39870.4112781955,-8245.1,139580.2,85375.5,17.936925098554532,7.414871794871796,Male,34,43,0
5207,1244,970228,35904,48,748.0,C,1997-02-28,0,1501,59,24,35,67757.70000000001,50095.4,1997.5101694915256,2259.639019595748,22981.05593220339,900.0,34278.5,17662.3,9.724047306176084,6.067432432432432,Male,53,68,0
7115,10351,970304,88704,48,1848.0,C,1997-03-04,0,12738,131,55,76,186933.99999999997,173502.8,2751.4259541984734,2775.6289691601223,18675.060305343515,800.0,32019.4,13445.7,22.010512483574242,5.951701492537314,Female,39,23,1
7250,11069,970304,119136,48,2482.0,C,1997-03-04,0,13608,119,44,75,422817.10000000003,377110.39999999997,6722.079831932773,10408.723817024307,42572.4100840336,1100.0,97010.1,45721.0,21.057818659658345,5.651107644305772,Female,36,37,1
6010,4969,970306,150180,60,2503.0,C,1997-03-06,0,6001,16,12,4,154739.2,75509.0,14390.512499999999,12649.442961296509,50892.0,200.0,92464.9,79230.1,6.5374507227332455,2.4474371859296484,Male,62,60,0
6088,5317,970307,90180,36,2505.0,C,1997-03-07,0,6422,13,10,3,73666.00000000001,37100.0,8520.461538461539,7565.370905396047,31516.346153846152,200.0,51813.7,36566.0,4.533508541392904,2.867536231884058,Male,39,28,0
5682,3455,970307,67464,12,5622.0,A,1997-03-07,0,4177,57,24,33,440992.30000000005,381681.19999999995,14432.868421052632,15753.290930092213,46016.19824561403,600.0,92407.6,59310.8,11.793692509855452,4.833091922005572,Male,64,34,0
7201,10807,970307,67464,12,5622.0,A,1997-03-07,0,13285,57,24,33,441078.6,376581.19999999995,14344.908771929826,15799.117151620365,48557.38070175439,600.0,92407.6,64497.2,11.793692509855452,4.833091922005572,Male,64,34,0
6938,9504,970310,341280,60,5688.0,C,1997-03-10,0,11701,77,28,49,559398.5,491031.4,13641.946753246752,15700.368002599012,49678.36623376624,700.0,110020.6,68367.1,13.337713534822601,5.7731034482758625,Male,50,9,0
6875,9235,970313,83280,48,1735.0,C,1997-03-13,0,11371,139,63,76,365159.80000000005,324113.6,4958.801438848921,6591.006611453833,39962.46618705036,700.0,69424.9,41045.9,20.630749014454665,6.737515923566879,Female,58,37,1
5953,4715,970314,97176,24,4049.0,C,1997-03-14,0,5684,16,10,6,253348.5,161407.0,25922.21875,22126.456227902232,66376.84999999999,400.0,106189.2,91941.4,4.50065703022339,3.5550364963503647,Female,44,8,1
5942,4681,970315,162624,48,3388.0,C,1997-03-15,0,5642,134,43,91,445848.39999999997,406433.0,6360.30895522388,7381.429295596481,37092.94552238806,16399.9,73289.5,39415.4,19.21813403416557,6.9725811965811975,Female,42,70,1
5382,2134,970317,22932,36,637.0,C,1997-03-17,0,2581,41,17,24,115369.9,69279.8,4503.651219512195,5327.1862588196645,42536.88536585367,300.0,56308.4,49849.1,7.3258869908015765,5.596591928251121,Female,46,52,1
6377,6792,970317,17184,12,1432.0,A,1997-03-17,0,8200,70,25,45,151732.9,110959.6,3752.75,4806.353795780569,29906.531428571423,400.0,44504.8,40773.2,10.183968462549277,6.873548387096775,Female,55,1,1
5931,4618,970317,66696,24,2779.0,D,1997-03-17,1,5565,43,21,22,276295.8,263743.80000000005,12559.06046511628,14174.957297243249,51945.21627906976,1100.0,115744.9,12551.9,7.851511169513797,5.476652719665272,Female,33,3,1
5992,4863,970318,76080,12,6340.0,A,1997-03-18,0,5873,81,25,56,499211.80000000005,428288.2,11450.617283950618,14728.150904706268,50621.10493827161,300.0,103809.7,70923.6,12.187910643889618,6.645929919137467,Female,20,5,1
5790,4033,970320,84288,48,1756.0,C,1997-03-20,0,4861,12,9,3,57681.5,20300.0,6498.458333333333,6199.026785641213,29824.124999999996,1000.0,48781.6,37381.6,3.9750328515111693,3.0188429752066117,Female,22,57,1
6753,8688,970320,67980,12,5665.0,A,1997-03-20,0,10714,14,11,3,80206.0,24500.0,7479.0,9219.622552159373,34806.92142857143,400.0,55705.9,55705.9,3.876478318002628,3.6115254237288137,Female,53,66,1
6562,7674,970321,94488,24,3937.0,C,1997-03-21,0,9505,66,26,40,419905.6,349221.6,11653.442424242423,13648.808652906479,60311.76666666666,800.0,105964.6,70683.9,7.982917214191852,8.267654320987655,Male,41,1,0
7046,10049,970328,91632,12,7636.0,A,1997-03-28,0,12358,70,34,36,114063.2,99133.20000000001,3045.662857142857,2828.126901990656,17625.444285714293,300.0,29167.6,14930.1,11.990801576872535,5.837808219178083,Male,56,17,0
5868,4361,970329,90156,12,7513.0,A,1997-03-29,0,5253,65,26,39,635727.5,557607.8,18359.004615384616,19472.951707862572,77525.11692307693,700.0,130981.4,78119.7,12.582128777923783,5.1660574412532645,Female,53,69,1
5784,3967,970329,84600,36,2350.0,D,1997-03-29,1,4786,32,14,18,176172.49999999997,159256.80000000002,10482.165624999998,12509.45604844115,41766.693750000006,900.0,105258.8,16915.7,6.176084099868594,5.181276595744681,Male,61,54,0
5878,4415,970401,74040,12,6170.0,A,1997-04-01,0,5322,190,44,146,552809.5,517499.19999999995,5633.203684210526,8190.859601797289,44234.82947368421,600.0,73209.0,35310.2,20.893561103810775,9.0937106918239,Female,43,73,1
5110,675,970401,102240,60,1704.0,C,1997-04-01,0,810,126,53,73,253392.00000000003,218623.6,3746.1555555555556,3890.8986594390626,29946.995238095245,900.0,43627.3,34768.4,19.940867279894874,6.318682042833609,Female,54,58,1
5210,1252,970401,148140,36,4115.0,C,1997-04-01,0,1511,118,42,76,536679.2999999999,510457.0,8874.036440677966,10107.030589054277,40688.34830508475,1000.0,78468.6,26252.2,20.203679369250985,5.8405203252032525,Female,37,13,1
7230,10954,970402,18720,60,312.0,C,1997-04-02,0,13468,42,18,24,118526.59999999999,74218.4,4589.166666666667,5389.805679935068,40748.34523809524,300.0,58660.4,44308.1,8.114323258869907,5.176032388663968,Male,39,25,0
5005,176,970410,27456,12,2288.0,A,1997-04-10,0,215,75,27,48,460652.00000000006,424371.0,11800.306666666667,15100.534160868467,48780.096,800.0,111282.3,36280.9,7.917214191852825,9.473029045643154,Male,32,71,0
6871,9225,970413,164256,48,3422.0,C,1997-04-13,0,11359,98,47,51,407642.29999999993,384221.0,8080.23775510204,11853.798478878418,42341.63775510204,600.0,116637.5,23421.1,15.374507227332456,6.374188034188035,Male,27,11,0
5363,2051,970422,293880,60,4898.0,D,1997-04-22,1,2489,90,39,51,507891.1,508096.0,11288.745555555557,13016.888651621111,53227.14444444444,-2804.8,132818.3,-204.8,17.444152431011826,5.159322033898305,Female,24,64,1
7253,11079,970426,98304,12,8192.0,A,1997-04-26,0,13620,113,41,72,974628.6,930282.8,16857.623008849558,20126.5318118027,66405.07079646019,300.0,125191.7,44345.5,17.509855453350852,6.453508442776736,Male,29,16,0
6055,5181,970428,399120,60,6652.0,C,1997-04-28,0,6257,60,28,32,264547.10000000003,245965.6,8508.545,9922.751503496482,42435.31166666667,300.0,85656.2,18581.6,14.783180026281208,4.058666666666667,Female,57,75,1
5072,472,970428,196800,24,8200.0,D,1997-04-28,1,568,23,12,11,321080.8,282914.6,26260.66956521739,22582.93536422415,58669.5043478261,300.0,113888.0,38166.1,6.5374507227332455,3.5181909547738694,Female,39,8,1
6913,9377,970429,99936,24,4164.0,C,1997-04-29,0,11545,152,65,87,623477.9,532299.3999999999,7603.798026315788,10774.575894855874,55851.80263157895,400.0,111406.5,91178.5,19.38239159001314,7.842169491525424,Female,33,1,1
6386,6856,970430,124344,36,3454.0,C,1997-04-30,0,8276,148,46,102,495751.60000000003,429301.2,6250.356756756756,10026.031585956105,25654.378378378377,321.0,103753.3,66449.9,20.367936925098554,7.266322580645161,Female,20,43,1
5634,3229,970501,39024,12,3252.0,A,1997-05-01,0,3906,136,47,89,719643.0,684221.0,10322.529411764706,13334.91610627858,60289.9544117647,300.0,134678.1,35422.1,17.41130091984231,7.8110188679245285,Male,63,64,0
5758,3859,970502,307200,60,5120.0,D,1997-05-02,1,4652,68,28,40,431664.5,421620.8,12548.313235294117,16151.621687291454,44484.07500000001,200.0,142668.1,10043.6,12.28646517739816,5.534545454545455,Male,37,53,0
6819,9031,970503,50112,24,2088.0,C,1997-05-03,0,11123,16,14,2,116216.89999999998,47600.0,10238.55625,13383.937535483006,46214.125,900.0,102693.8,68616.8,3.54796320630749,4.50962962962963,Male,51,47,0
7088,10233,970503,239160,60,3986.0,C,1997-05-03,0,12586,106,30,76,361337.9,332727.0,6547.782075471698,9194.322718403482,37233.14339622641,500.0,77714.9,28610.8,14.35611038107753,7.383615560640732,Male,52,27,0
5039,314,970503,66840,24,2785.0,C,1997-05-03,0,383,94,34,60,600842.5,578168.0,12542.66489361702,14745.086460694018,38819.320212765946,700.0,109016.3,22674.3,15.210249671484888,6.180043196544276,Female,60,15,1
5532,2754,970504,335280,48,6985.0,C,1997-05-04,0,3326,97,31,66,673795.8,643945.0,13584.956701030927,17071.050595224744,43629.43608247423,500.0,123335.2,29880.9,15.243101182654401,6.363534482758621,Female,47,57,1
6037,5118,970504,53232,48,1109.0,C,1997-05-04,0,6175,150,50,100,222891.9,187279.19999999998,2734.4739999999997,3289.0838333783263,30896.00266666667,1100.0,49865.1,35627.1,20.9592641261498,7.156739811912226,Male,35,72,0
6322,6510,970506,76992,24,3208.0,C,1997-05-06,0,7862,35,18,17,285647.3,233168.40000000002,14823.305714285712,14005.471617701885,61992.3,900.0,112175.5,52478.9,4.566360052562418,7.664748201438849,Male,34,74,0
6887,9263,970508,39576,12,3298.0,A,1997-05-08,0,11405,75,35,40,241881.1,219242.2,6148.310666666665,8031.060918833797,30719.746666666666,700.0,64870.4,22638.7,11.103810775295663,6.754437869822485,Female,35,68,1
6660,8094,970509,220428,36,6123.0,C,1997-05-09,0,9997,20,11,9,254668.10000000003,206179.6,23042.385,21948.68814510961,60165.795,600.0,105524.2,48488.5,5.45335085413929,3.6674698795180722,Male,37,67,0
5451,2350,970511,159744,48,3328.0,C,1997-05-11,0,2841,28,15,13,223940.7,170342.2,14081.532142857142,15387.50328499567,56388.810714285704,600.0,105953.6,53598.4,9.198423127463863,3.044,Female,26,18,1
6014,4999,970518,165168,36,4588.0,C,1997-05-18,0,6039,97,30,67,442626.69999999995,416967.0,8861.790721649484,10194.872386768322,35478.66185567011,300.0,87236.0,25659.5,15.14454664914586,6.404945770065076,Female,41,1,1
5556,2872,970519,268320,60,4472.0,C,1997-05-19,0,3471,52,21,31,127126.40000000001,114473.4,4646.15,4572.291288061667,24411.29423076923,200.0,49189.6,12652.9,8.442838370565045,6.159066147859923,Female,47,1,1
6346,6649,970522,100260,60,1671.0,C,1997-05-22,0,8030,62,33,29,345370.29999999993,267556.4,9885.91451612903,13773.253132241101,40047.083870967756,1000.0,106481.5,77813.6,22.470433639947437,2.759181286549708,Male,32,1,0
5850,4293,970522,164196,36,4561.0,C,1997-05-22,0,5171,49,28,21,349774.39999999997,266803.0,12583.212244897959,15280.849973389499,49558.68571428572,500.0,119068.0,82971.3,15.538764783180026,3.1534038054968287,Female,43,64,1
5940,4660,970528,106944,24,4456.0,C,1997-05-28,0,5618,18,10,8,159132.6,105087.0,14678.866666666665,13816.067146341691,57324.072222222225,800.0,83932.6,54045.6,4.763469119579501,3.778758620689655,Female,46,63,1
7119,10361,970602,86880,12,7240.0,A,1997-06-02,0,12750,58,23,35,502310.5,467735.19999999995,16724.925862068965,18167.242636865532,56531.8172413793,500.0,106368.8,34575.3,11.366622864651774,5.102658959537572,Female,59,21,1
5253,1447,970603,100080,48,2085.0,C,1997-06-03,0,1755,10,8,2,41842.7,11900.0,5374.2699999999995,5311.522390623992,22604.34,300.0,38628.6,29942.7,3.383705650459921,2.955339805825243,Female,34,65,1
6851,9138,970603,272220,60,4537.0,D,1997-06-03,1,11250,63,31,32,229795.80000000002,228215.40000000002,7270.019047619046,9902.85627601687,36907.373015873,-625.1,93792.7,1580.3,10.512483574244415,5.992875,Female,53,26,1
6695,8320,970604,309660,60,5161.0,C,1997-06-04,0,10273,17,13,4,125708.30000000002,80900.0,12153.429411764708,14065.705667363429,40151.711764705884,1100.0,70963.2,44736.8,4.467805519053877,3.8049999999999997,Female,41,51,1
6908,9353,970608,188616,24,7859.0,C,1997-06-08,0,11516,63,40,23,274297.0,217084.80000000002,7799.711111111111,12073.113772662558,45805.50000000001,900.0,125455.0,57226.7,19.152431011826543,3.2893996569468267,Male,61,59,0
7255,11096,970609,213300,60,3555.0,C,1997-06-09,0,13640,22,13,9,159192.3,121475.6,12757.631818181819,11633.994494950264,37524.88636363636,800.0,64468.6,37716.7,5.946123521681997,3.699889502762431,Female,44,28,1
5674,3418,970610,207264,48,4318.0,C,1997-06-10,0,4132,58,26,32,445875.89999999997,399694.0,14578.791379310345,15362.32474856729,61345.1,400.0,123573.3,46181.9,9.231274638633376,6.282989323843417,Male,37,42,0
6278,6265,970610,87360,24,3640.0,C,1997-06-10,0,7567,69,27,42,593765.1000000001,535272.6000000001,16362.865217391307,15320.87773871286,69963.484057971,200.0,134714.0,58492.3,7.260183968462549,9.503891402714933,Male,62,5,0
5486,2516,970613,466608,48,9721.0,C,1997-06-13,0,3038,102,42,60,364120.10000000003,303344.39999999997,6543.769607843137,6694.337158723376,36161.021568627446,300.0,66125.9,60775.8,18.889618922470433,5.3997913043478265,Female,53,6,1
5174,1093,970613,385104,48,8023.0,C,1997-06-13,0,1311,102,34,68,894091.9,842353.2000000001,17023.97156862745,18987.180849433484,47433.420588235276,1000.0,121006.5,93999.6,16.95137976346912,6.017209302325581,Female,43,54,1
6621,7957,970614,42900,12,3575.0,A,1997-06-14,0,9833,175,65,110,1046385.0,949235.7999999999,11403.547428571428,13803.287990776762,50590.532,500.0,155065.5,97149.3,21.22207621550591,8.246130030959753,Male,35,51,0
6313,6461,970615,150912,36,4192.0,C,1997-06-15,0,7796,67,30,37,362250.69999999995,318513.3999999999,10160.658208955223,12068.113182627236,52250.26119402984,700.0,111219.3,43737.3,10.939553219448094,6.124564564564565,Female,24,50,1
6435,7045,970616,288720,48,6015.0,C,1997-06-16,0,8502,21,12,9,235803.00000000003,133614.6,17591.314285714285,17522.446121428577,54677.280952380956,400.0,102188.4,102188.4,5.650459921156373,3.7165116279069768,Male,56,51,0
6970,9677,970617,31620,60,527.0,C,1997-06-17,0,11911,37,17,20,128199.9,102319.8,6230.262162162163,6415.410281306037,27522.883783783782,500.0,45836.3,25880.0,8.114323258869907,4.559838056680162,Male,60,8,0
6310,6440,970617,34572,12,2881.0,A,1997-06-17,0,7772,40,21,19,309027.10000000003,225365.4,13359.8125,13954.647654046796,60619.159999999996,1100.0,121367.5,83661.6,7.490144546649145,5.340350877192983,Female,23,1,1
5932,4626,970618,33348,12,2779.0,A,1997-06-18,0,5574,63,26,37,377708.80000000005,360537.0,11718.1873015873,14137.542330774539,45807.11428571429,700.0,102499.5,17171.7,12.089356110381077,5.211195652173913,Female,29,9,1
6877,9241,970619,285240,60,4754.0,C,1997-06-19,0,11379,54,26,28,288595.2,228732.4,9580.140740740739,12023.072281158831,49699.66481481482,1100.0,89240.1,59862.7,8.771353482260183,6.156404494382023,Male,47,74,0
6763,8772,970619,88272,48,1839.0,C,1997-06-19,0,10813,77,40,37,167313.2,160229.80000000002,4253.805194805194,4833.004386531504,17535.77922077922,800.0,37880.4,7083.3,13.107752956636006,5.874385964912281,Female,20,1,1
7085,10202,970619,305424,48,6363.0,C,1997-06-19,0,12547,83,30,53,419423.8,409743.4,9989.96626506024,13313.581590487693,46147.52168674698,300.0,120227.9,9680.4,11.366622864651774,7.302080924855492,Female,36,70,1
7049,10063,970624,233424,36,6484.0,C,1997-06-24,0,12376,49,17,32,355890.7,308642.0,13561.891836734696,18170.561505064205,54476.857142857145,200.0,105024.8,47248.7,8.344283837056505,5.872283464566929,Male,40,4,0
6959,9633,970630,59448,24,2477.0,D,1997-06-30,1,11857,120,55,65,665195.3,610286.1,10629.011666666667,13265.24907809363,45016.69083333333,-5525.0,119012.4,54909.1,17.706964520367936,6.776994434137292,Male,47,70,0
5214,1270,970701,74772,36,2077.0,C,1997-07-01,0,1533,71,30,41,190532.49999999997,157355.0,4899.823943661971,5293.632522230139,24872.139436619713,500.0,45989.0,33277.4,12.779237844940866,5.5558868894601545,Male,39,55,0
6350,6678,970709,294384,48,6133.0,C,1997-07-09,0,8064,129,54,75,958974.5,911861.0000000001,14502.600775193798,14899.73696322372,61692.07751937985,1100.0,135487.1,111013.5,18.166885676741128,7.100831826401447,Female,33,54,1
5063,442,970710,357840,48,7455.0,D,1997-07-10,1,533,2,2,0,10100.0,0.0,5050.0,4450.0,5350.0,600.0,10100.0,10100.0,3.350854139290407,0.5968627450980393,Female,58,54,1
5041,319,970711,369000,60,6150.0,C,1997-07-11,0,389,171,49,122,547477.7,487933.0,6055.033333333334,9508.45802801518,48648.401169590645,700.0,110827.3,59544.8,20.795006570302235,8.223127962085307,Female,25,47,1
5086,525,970716,210384,48,4383.0,C,1997-07-16,0,631,59,29,30,254090.1,207611.6,7825.452542372881,11270.448121515918,45912.399999999994,300.0,121135.2,46478.3,15.867279894875164,3.718343685300207,Female,43,70,1
6942,9513,970716,18324,12,1527.0,A,1997-07-16,0,11713,86,30,56,338111.7,306875.0,7499.845348837209,8586.000098587438,31402.28372093022,700.0,54764.2,39555.8,14.126149802890932,6.088,Female,48,59,1
5270,1528,970721,191088,48,3981.0,C,1997-07-21,0,1852,78,29,49,283323.30000000005,244931.4,6772.496153846153,7539.471839633478,32688.03333333334,500.0,57550.1,38391.7,13.403416557161629,5.819411764705882,Male,37,50,0
6705,8381,970725,333648,48,6951.0,D,1997-07-25,1,10355,97,43,54,665494.9,565679.2,12692.516494845362,14977.546294223372,61748.70206185566,500.0,114446.1,99815.6,10.21681997371879,9.494147909967847,Female,23,14,1
7051,10068,970728,77808,12,6484.0,A,1997-07-28,0,12382,23,13,10,168442.2,110743.79999999999,12138.521739130434,12260.256613455866,68874.72173913043,1000.0,101117.1,57698.3,3.843626806833114,5.983931623931625,Male,44,1,0
6758,8742,970729,33144,12,2762.0,A,1997-07-29,0,10777,32,20,12,106174.59999999998,74481.6,5645.50625,8514.785116487728,32407.646875000002,900.0,61770.9,31693.2,5.978975032851511,5.352087912087912,Female,19,70,1
6249,6138,970730,67608,24,2817.0,C,1997-07-30,0,7411,23,13,10,115289.4,98083.6,9277.08695652174,8175.5179707893385,30181.317391304336,200.0,54658.1,17205.7,6.2089356110381075,3.7043386243386243,Female,36,54,1
5808,4099,970731,41856,48,872.0,C,1997-07-31,0,4937,103,28,75,283830.7,246761.39999999997,5151.3796116504855,7446.176868967945,38559.26407766991,800.0,56921.0,37069.1,14.159001314060447,7.274524361948956,Female,39,54,1
5377,2116,970804,92400,12,7700.0,A,1997-08-04,0,2560,104,39,65,501293.3,454804.2,9193.245192307691,11887.60866659772,42291.185576923075,1000.0,131664.2,46489.0,15.078843626806833,6.897080610021787,Female,25,70,1
5446,2334,970804,48312,24,2013.0,C,1997-08-04,0,2822,94,45,49,286841.5,245659.2,5664.901063829787,5402.953634021103,31897.432978723402,600.0,53030.3,41196.7,16.52431011826544,5.688588469184891,Male,41,50,0
5856,4320,970809,51360,12,4280.0,B,1997-08-09,1,5203,87,41,46,744277.3,679747.5,16368.101149425287,16636.534061803224,53636.374712643665,-2542.1,158633.6,64529.7,12.54927726675427,6.932670157068063,Female,54,61,1
4986,97,970810,102876,12,8573.0,A,1997-08-10,0,116,118,33,85,306055.9,265539.6,4844.029661016949,6906.574127895842,33057.374576271184,900.0,60334.7,40516.3,15.177398160315374,7.774718614718616,Male,57,74,0
7001,9859,970810,300600,60,5010.0,C,1997-08-10,0,12133,95,28,67,437579.0,363652.80000000005,8434.01894736842,11631.920755216695,53217.7294736842,400.0,104169.8,73926.0,13.074901445466491,7.2658291457286435,Female,35,27,1
6677,8169,970812,97980,60,1633.0,C,1997-08-12,0,10090,137,45,92,259220.4,243181.6,3667.167883211679,4174.186268143563,24067.298540145985,700.0,46398.6,16038.7,20.466491458607095,6.6938683788121995,Female,19,29,1
6665,8114,970815,99300,60,1655.0,C,1997-08-15,0,10023,144,45,99,454103.8,421904.19999999995,6083.388888888889,7552.878274530614,39110.67083333334,600.0,60868.8,35199.4,22.043363994743757,6.532578241430701,Female,26,59,1
5817,4127,970815,100800,24,4200.0,D,1997-08-15,1,4968,64,22,42,198881.00000000003,200452.4,6239.584375,10456.297415944775,26649.7703125,-1571.5,92354.7,-1571.5,15.407358738501971,4.153859275053305,Male,61,50,0
6984,9730,970815,116040,60,1934.0,C,1997-08-15,0,11976,39,17,22,95276.6,62711.799999999996,4050.984615384616,4476.618745101496,29865.18974358974,900.0,42494.9,34464.7,7.424441524310118,5.252920353982301,Female,60,54,1
6541,7565,970817,153504,48,3198.0,C,1997-08-17,0,9370,111,35,76,359354.5,331721.19999999995,6225.907207207207,7467.450348827257,33651.10360360361,300.0,65101.8,27633.1,16.491458607095925,6.730756972111554,Male,24,59,0
5117,718,970820,76944,12,6412.0,A,1997-08-20,0,861,110,39,71,487380.5,428124.0,8322.768181818183,10852.75329249706,40141.79545454546,500.0,105970.4,59256.4,17.57555847568988,6.258691588785047,Female,43,1,1
6097,5362,970821,202848,48,4226.0,C,1997-08-21,0,6473,74,28,46,349107.0,315305.0,8978.54054054054,9973.989838750167,37200.395945945944,800.0,82957.9,33802.0,11.465177398160314,6.4543266475644705,Female,59,76,1
5389,2165,970822,78600,24,3275.0,C,1997-08-22,0,2621,14,11,3,110858.70000000001,43800.0,11047.050000000001,10087.348031834586,42902.40714285714,800.0,67058.7,67058.7,4.467805519053877,3.1335294117647057,Male,43,51,0
7219,10905,970823,57120,48,1190.0,C,1997-08-23,0,13405,49,20,29,102785.50000000001,60023.4,3322.6306122448977,3703.87465716669,41985.62040816326,1000.0,53271.2,42762.2,9.034165571616294,5.423854545454546,Male,41,32,0
6338,6592,970824,390660,60,6511.0,C,1997-08-24,0,7959,81,32,49,668498.9,607542.2,15753.593827160495,15228.872412027547,63544.64567901234,300.0,164909.5,60956.6,10.11826544021025,8.005324675324676,Female,21,1,1
6922,9424,970826,83628,36,2323.0,C,1997-08-26,0,11598,34,17,17,125722.79999999999,94494.79999999999,6476.988235294117,6211.205670624889,29077.814705882352,500.0,53379.4,31228.0,7.851511169513797,4.330376569037657,Female,22,54,1
5367,2064,970826,83628,36,2323.0,C,1997-08-26,0,2503,34,17,17,125709.5,93894.8,6458.95,6224.290046179612,29052.608823529412,500.0,51781.0,31814.7,7.851511169513797,4.330376569037657,Female,22,54,1
5638,3249,970827,68124,12,5677.0,A,1997-08-27,0,3929,51,21,30,231786.1,215355.00000000003,8767.472549019607,8756.872327695555,28808.999999999996,1100.0,63669.3,16430.9,10.512483574244415,4.851375,Male,42,74,0
5830,4190,970828,405780,60,6763.0,C,1997-08-28,0,5050,176,61,115,343710.10000000003,302177.8,3669.8176136363636,4177.654332492342,34044.42954545454,700.0,51008.0,41532.1,22.798948751642573,7.719654178674352,Male,48,62,0
5338,1888,970830,57360,12,4780.0,B,1997-08-30,1,2291,75,29,46,320129.8,305113.3,8336.574666666666,11467.948399140894,36887.15599999999,-5851.2,78725.3,15016.3,10.282522996057818,7.293929712460065,Male,42,6,0
6007,4949,970830,289920,48,6040.0,C,1997-08-30,0,5978,45,20,25,400934.3999999999,346373.0,16606.83111111111,16563.372005922818,58959.27777777777,400.0,118790.4,54561.4,10.512483574244415,4.280625,Female,55,33,1
6612,7907,970831,97392,12,8116.0,A,1997-08-31,0,9775,81,35,46,380798.2,360651.99999999994,9153.706172839506,11821.204030802579,36685.09135802469,200.0,127421.2,20146.2,13.140604467805518,6.1641,Male,39,70,0
5718,3637,970901,14028,12,1169.0,A,1997-09-01,0,4386,156,48,108,396995.80000000005,345210.79999999993,4757.734615384615,6266.791186204793,51802.019230769234,400.0,75383.2,51799.6,22.141918528252297,7.04545994065282,Female,54,53,1
6104,5395,970905,158184,36,4394.0,C,1997-09-05,0,6511,95,38,57,405268.2,376449.0,8228.602105263157,12198.770233584411,47679.97368421052,400.0,103426.7,28833.7,16.327201051248355,5.818511066398391,Male,46,47,0
5229,1329,970906,23520,12,1960.0,A,1997-09-06,0,1608,63,24,39,147704.6,128617.20000000001,4386.060317460317,4632.216875201493,25967.495238095235,500.0,44667.0,19101.8,11.662286465177397,5.402028169014085,Male,58,53,0
6625,7966,970907,473280,60,7888.0,D,1997-09-07,1,9846,43,23,20,209953.49999999997,184059.0,9163.081395348838,13741.804830571358,52777.34186046511,500.0,109736.4,25894.3,8.344283837056505,5.153228346456693,Female,32,54,1
5206,1242,970907,128544,24,5356.0,C,1997-09-07,0,1499,60,21,39,249802.09999999998,218720.0,7808.701666666666,12777.028819858599,40526.454999999994,200.0,131453.2,31182.1,9.42838370565046,6.363763066202091,Female,48,74,1
5963,4746,970907,204780,60,3413.0,C,1997-09-07,0,5727,23,14,9,232747.4,143336.6,16351.478260869566,18271.958502959533,48890.17826086956,200.0,129449.6,89411.0,6.504599211563732,3.535959595959596,Male,46,54,0
4990,110,970908,162576,36,4516.0,C,1997-09-08,0,132,84,28,56,331885.19999999995,276345.4,7240.840476190476,9771.300783661829,46148.29761904761,900.0,79652.2,55539.8,13.731931668856767,6.117129186602871,Male,46,36,0
6641,8026,970909,128268,36,3563.0,C,1997-09-09,0,9914,18,12,6,133238.4,84914.6,12119.611111111113,12382.653138738926,47029.53888888889,700.0,75427.0,48338.4,5.5847568988173455,3.2230588235294118,Male,57,36,0
5369,2080,970912,214596,36,5961.0,C,1997-09-12,0,2522,17,10,7,272514.10000000003,186000.0,26971.41764705882,23977.393114844785,62852.91764705883,400.0,112408.8,86514.1,4.533508541392904,3.749855072463768,Male,62,74,0
6196,5837,970914,177804,36,4939.0,C,1997-09-14,0,7065,91,40,51,635199.3,588902.6,13451.669230769232,15104.144743480854,54375.023076923084,800.0,140728.2,46296.7,13.896189224704337,6.548557919621749,Female,28,5,1
5236,1374,970915,389136,48,8107.0,C,1997-09-15,0,1662,62,24,38,635492.1,556722.2,19229.262903225812,20774.16837369098,59749.88387096772,700.0,126403.5,78769.8,11.629434954007884,5.3312994350282485,Male,32,53,0
5719,3664,970920,271584,48,5658.0,C,1997-09-20,0,4417,90,41,49,689094.2,596692.4,14286.517777777779,14061.071678910599,62387.09000000002,800.0,115112.9,92401.4,16.754270696452036,5.371764705882353,Male,23,1,0
5643,3273,970921,94512,12,7876.0,B,1997-09-21,1,3962,134,63,71,1131512.9000000001,1107701.6,16710.555970149253,20815.89123595818,48061.85671641792,600.0,133407.7,23811.1,20.76215505913272,6.454050632911392,Male,47,74,0
7050,10065,970923,311232,48,6484.0,C,1997-09-23,0,12378,136,62,74,1154373.3000000003,1102084.0,16591.597794117646,15457.309999276884,72885.75808823529,1100.0,144268.6,52289.2,17.805519053876477,7.638081180811809,Female,53,76,1
6355,6699,970924,127200,48,2650.0,C,1997-09-24,0,8089,95,40,55,301298.6,262220.0,5931.774736842105,5836.721452466064,28863.030526315782,400.0,52868.8,39078.4,15.538764783180026,6.113742071881607,Male,34,35,0
6688,8268,970926,8616,24,359.0,C,1997-09-26,0,10209,79,37,42,171809.10000000003,142625.19999999998,3980.1810126582277,5206.292554963401,24946.635443037976,400.0,45336.9,29184.0,12.220762155059132,6.464408602150538,Male,24,59,0
6239,6083,970928,360864,48,7518.0,D,1997-09-28,1,7348,86,41,45,620549.4,593166.0,14112.969767441858,15968.466550842164,52871.42441860466,500.0,135384.0,27383.2,12.28646517739816,6.999572192513369,Female,22,6,1
5531,2753,970930,66432,24,2768.0,C,1997-09-30,0,3324,107,39,68,455884.5,438139.39999999997,8355.36355140187,9030.871079381535,33039.89252336449,700.0,69031.9,17745.1,19.54664914586071,5.474084033613446,Female,28,26,1
6113,5445,971001,78696,36,2186.0,C,1997-10-01,0,6571,41,16,25,104609.6,68316.8,4217.717073170732,5533.343828274512,40292.34146341463,1000.0,56765.7,36307.5,7.35873850197109,5.571607142857143,Female,28,72,1
7181,10679,971002,197808,24,8242.0,C,1997-10-02,0,13134,15,9,6,224283.09999999998,180400.0,26978.873333333337,23020.822188110968,64942.89333333332,900.0,111796.9,43883.1,4.106438896189225,3.6528,Female,37,1,1
6118,5477,971004,349392,48,7279.0,C,1997-10-04,0,6610,145,61,84,947771.0999999999,883735.2000000001,12631.07793103448,14129.451552811139,59951.07517241378,900.0,142574.7,64050.3,21.583442838370566,6.718112633181126,Male,45,57,0
7264,11141,971007,44940,12,3745.0,A,1997-10-07,0,13694,40,21,19,299037.00000000006,222051.0,13027.2,16832.260707745114,52484.82250000001,200.0,106467.0,76986.0,7.818659658344283,5.115966386554622,Female,23,1,1
5343,1906,971008,44952,24,1873.0,C,1997-10-08,0,2316,89,30,59,450344.7,398626.4,9539.001123595506,13519.036480289267,51453.801123595505,1000.0,127317.0,51718.3,14.224704336399475,6.256720554272517,Male,29,1,0
5051,378,971011,230400,60,3840.0,C,1997-10-11,0,458,168,53,115,1082326.7000000002,1033049.4,12591.524404761902,15801.77423843035,79500.53809523808,20574.0,145352.1,49277.3,14.651773981603153,11.466188340807175,Male,38,68,0
5779,3942,971014,107352,36,2982.0,C,1997-10-14,0,4754,84,45,39,535431.6,474306.0,12020.685714285713,13914.23200661264,57995.119047619046,600.0,151251.4,61126.0,17.1484888304862,4.898390804597701,Female,60,27,1
6605,7890,971014,79344,48,1653.0,C,1997-10-14,0,9755,105,47,58,159268.3,129264.4,2747.9304761904764,2654.0296322357603,23918.494285714285,300.0,39445.1,30004.1,18.626806833114323,5.637037037037037,Female,48,23,1
6655,8085,971017,260400,60,4340.0,D,1997-10-17,1,9987,127,43,84,635745.2,614690.0,9845.946456692915,12686.560434922623,37448.40472440944,600.0,111670.7,21054.8,18.298291721419183,6.940538599640934,Female,49,73,1
6534,7542,971019,590820,60,9847.0,C,1997-10-19,0,9340,111,46,65,286298.80000000005,255439.2,4880.522522522522,4490.480851991838,27937.978378378368,300.0,45146.0,30859.3,17.115637319316686,6.485297504798465,Male,32,54,0
5681,3448,971020,68664,24,2861.0,C,1997-10-20,0,4169,73,30,43,290134.50000000006,253492.0,7446.938356164384,11163.33162808168,36855.823287671235,700.0,72649.2,36642.4,16.45860709592641,4.435369261477047,Female,19,58,1
6607,7894,971021,153144,36,4254.0,C,1997-10-21,0,9760,171,57,114,1078143.0,1020427.2000000001,12272.340350877193,14575.125911183453,58553.67719298246,300.0,133011.5,57715.7,18.396846254927727,9.295071428571429,Male,30,27,0
6242,6097,971022,26208,36,728.0,C,1997-10-22,0,7366,12,10,2,45747.799999999996,8100.0,4487.316666666667,3959.4551682930087,27419.849999999995,1000.0,43947.8,37647.8,4.23784494086728,2.831627906976744,Female,26,29,1
7242,11027,971023,48096,24,2004.0,C,1997-10-23,0,13556,83,35,48,220800.9,188448.0,4930.709638554217,5484.104380484719,33044.0156626506,800.0,51009.5,32352.9,14.914586070959263,5.565022026431718,Male,41,32,0
7277,11231,971024,89280,12,7440.0,A,1997-10-24,0,13803,52,18,34,427133.2,365013.4,15233.588461538464,17864.160484329146,60522.04038461539,900.0,109529.5,62119.7,8.5742444152431,6.0646743295019165,Male,52,1,0
6675,8158,971101,238716,36,6631.0,C,1997-11-01,0,10075,106,34,72,686393.2,603354.0,12167.42641509434,15429.892197995261,65133.535849056614,1000.0,115150.5,83069.1,16.52431011826544,6.41479125248509,Male,35,48,0
5398,2187,971104,53472,12,4456.0,A,1997-11-04,0,2647,134,58,76,1008742.3999999999,944458.0,14576.1223880597,15870.57781004124,64144.50223880597,300.0,172962.5,64314.3,20.269382391590014,6.61095623987034,Male,59,9,0
5956,4725,971104,168264,36,4674.0,C,1997-11-04,0,5699,25,13,12,183813.69999999998,156253.2,13602.676,13030.580233167822,40044.576,700.0,70585.8,27575.2,6.701708278580814,3.730392156862745,Male,49,73,0
5731,3711,971105,460980,60,7683.0,D,1997-11-05,1,4474,26,13,13,175342.80000000002,156179.2,12750.846153846154,14968.2549336981,45410.15000000001,400.0,103750.1,19163.5,5.946123521681997,4.372596685082873,Female,35,3,1
6956,9631,971109,59448,24,2477.0,C,1997-11-09,0,11855,93,41,52,290341.2,256471.2,5879.703225806451,6605.856452567304,29114.62258064515,200.0,67122.1,33869.8,16.491458607095925,5.639282868525897,Male,42,11,0
6437,7052,971109,63972,36,1777.0,D,1997-11-09,1,8510,11,9,2,46252.600000000006,7200.0,4859.327272727272,4593.045275807744,21532.345454545455,300.0,39052.7,39052.7,3.7779237844940865,2.9116521739130437,Male,52,55,0
5447,2335,971112,541200,60,9020.0,D,1997-11-12,1,2823,174,57,117,312545.30000000005,306184.39999999997,3555.9178160919537,5252.591739275971,12006.396551724136,-17030.4,51160.5,6360.9,19.2838370565046,9.023100511073254,Female,53,70,1
5973,4784,971124,219456,48,4572.0,C,1997-11-24,0,5774,11,8,3,118723.8,41600.0,14574.890909090907,12808.322318246803,44366.05454545454,400.0,77123.8,77123.8,3.54796320630749,3.1003703703703707,Female,39,46,1
6075,5267,971126,129312,24,5388.0,D,1997-11-26,1,6363,152,62,90,988727.0,917210.2,12539.06052631579,14303.747380909062,45330.91973684211,-8657.3,116311.7,71516.6,22.470433639947437,6.764444444444445,Female,26,4,1
5281,1580,971127,194256,24,8094.0,C,1997-11-27,0,1913,134,56,78,892289.5999999999,824546.8,12812.211940298506,14697.599299388316,51370.480597014925,400.0,134156.7,67742.6,22.634691195795007,5.9201161103047895,Male,31,69,0
5103,666,971128,12540,12,1045.0,A,1997-11-28,0,798,152,45,107,346716.2,292154.0,4203.093421052631,5453.476509876293,41922.046710526316,200.0,57779.4,54562.2,20.466491458607095,7.4267736757624405,Female,59,27,1
6468,7176,971130,203940,60,3399.0,C,1997-11-30,0,8661,54,23,31,288598.9,237517.6,9742.898148148148,10547.997553151634,42000.78888888887,400.0,72580.1,51081.3,11.76084099868594,4.5915083798882685,Female,45,1,1
7209,10857,971130,385560,60,6426.0,D,1997-11-30,1,13346,59,35,24,235902.50000000003,225487.6,7820.17118644068,11097.438568213453,29028.26610169491,700.0,66054.9,10414.7,13.92904073587385,4.235754716981132,Male,43,50,0
5584,2986,971206,24792,24,1033.0,C,1997-12-06,0,3606,135,40,95,519533.9,450344.99999999994,7184.288148148147,9834.247227935437,47061.859999999986,500.0,72489.8,72489.8,19.90801576872536,6.781188118811881,Male,41,63,0
4988,103,971206,265320,36,7370.0,D,1997-12-06,1,124,83,42,41,368306.69999999995,348328.3,8634.156626506023,12141.194975835422,46266.57469879518,379.0,116038.4,19978.2,20.893561103810775,3.9725157232704404,Male,32,44,0
6502,7424,971208,30276,12,2523.0,A,1997-12-08,0,9202,164,51,113,1008878.1,981031.4,12133.594512195123,15539.23089810641,61588.33719512193,900.0,116439.0,27846.6,16.36005256241787,10.024417670682732,Male,37,68,0
5651,3329,971208,19248,12,1604.0,A,1997-12-08,0,4024,72,29,43,297867.89999999997,254432.4,7670.837500000001,8319.505954255896,36065.975,200.0,60870.3,43435.5,13.863337713534822,5.193554502369668,Male,35,3,0
4962,25,971208,30276,12,2523.0,A,1997-12-08,0,31,164,51,113,1009153.3,977531.4,12113.931097560977,15551.789308635565,62991.264634146355,900.0,119652.7,31621.9,16.36005256241787,10.024417670682732,Male,37,68,0
5862,4342,971209,100128,24,4172.0,C,1997-12-09,0,5232,139,51,88,702641.0,647617.2000000001,9714.087769784172,12375.18194451792,56496.391366906486,700.0,120586.5,55023.7,19.349540078843624,7.183633276740238,Female,51,74,1
7199,10789,971209,45768,12,3814.0,A,1997-12-09,0,13261,146,47,99,855021.9000000001,778632.8,11189.415753424657,13833.366522421646,59138.44178082193,900.0,150977.5,76389.2,14.684625492772668,9.942371364653244,Male,55,75,0
6727,8505,971210,42840,12,3570.0,A,1997-12-10,0,10492,45,27,18,160925.8,103158.4,5868.537777777778,7016.350497208927,35642.19777777778,1100.0,57767.4,57767.4,8.705650459921156,5.169056603773585,Male,62,70,0
7279,11244,971211,155760,24,6490.0,C,1997-12-11,0,13820,83,37,46,589384.0,533936.8,13533.985542168675,11985.964280976781,51964.019277108426,200.0,108538.5,55447.1,10.939553219448094,7.587147147147148,Female,51,33,1
6544,7594,971211,130464,48,2718.0,C,1997-12-11,0,9403,191,52,139,797971.0,765042.6000000001,8183.317277486912,12077.53950751416,53546.70890052357,1000.0,132087.5,32928.2,21.81340341655716,8.756084337349398,Male,25,16,0
5933,4631,971213,87528,24,3647.0,C,1997-12-13,0,5579,57,25,32,290163.1,215347.0,8868.598245614035,9542.930323607367,42728.93157894737,800.0,74816.0,74816.0,12.02365308804205,4.740655737704918,Male,48,77,0
6574,7745,971220,77544,36,2154.0,C,1997-12-20,0,9582,64,26,38,356453.0,335702.8,10814.934375,12754.978260200734,37934.865625,700.0,122450.5,20750.2,12.680683311432325,5.047046632124353,Female,57,2,1
6399,6902,971221,49320,36,1370.0,C,1997-12-21,0,8333,81,29,52,169368.3,142681.4,3852.4654320987647,4344.92264433152,35987.26296296296,900.0,49729.2,26686.8,13.961892247043364,5.8015058823529415,Male,33,60,0
7187,10711,971224,24180,60,403.0,C,1997-12-24,0,13172,134,35,99,416751.8,327630.19999999995,5555.089552238806,8943.819945807561,78724.20970149255,1100.0,97336.5,89121.5,17.542706964520367,7.638501872659177,Male,61,36,0
6353,6686,971225,116496,24,4854.0,C,1997-12-25,0,8074,120,44,76,703252.7,678982.2,11518.624166666668,12677.467064310045,41285.01833333333,600.0,84726.8,24270.5,22.470433639947437,5.340350877192982,Male,41,61,0
5043,339,971225,468060,60,7801.0,C,1997-12-25,0,414,112,32,80,823643.5,728409.0,13857.611607142857,18201.908850495332,59623.216071428564,400.0,127425.3,102734.6,15.440210249671484,7.253787234042553,Female,52,46,1
5469,2445,971226,293160,60,4886.0,C,1997-12-26,0,2952,97,42,55,595596.4000000001,580755.3999999999,12127.338144329895,15232.788190146432,49740.62371134021,800.0,131276.2,14840.8,17.641261498028907,5.498472998137803,Female,21,52,1
5976,4794,971227,465504,48,9698.0,D,1997-12-27,1,5788,86,29,57,228252.6,210978.2,5107.3348837209305,6301.641484579908,26347.12441860465,1100.0,49947.4,17274.4,12.28646517739816,6.999572192513369,Male,37,72,0
6059,5196,971228,79824,12,6652.0,A,1997-12-28,0,6275,31,14,17,243074.80000000002,205005.0,14454.187096774192,16365.94509106347,49309.00967741935,300.0,121592.6,38069.7,5.978975032851511,5.184835164835165,Male,43,13,0
5799,4052,971228,106128,36,2948.0,C,1997-12-28,0,4882,52,24,28,245718.3,194623.0,8468.101923076923,10224.433852644932,36071.942307692305,900.0,76251.4,51095.2,11.070959264126149,4.696973293768546,Male,21,36,0
6147,5602,971228,177504,48,3698.0,C,1997-12-28,0,6764,86,38,48,425448.4,405467.0,9661.806976744187,15500.24416859289,44723.355813953494,14855.3,139525.4,19981.3,17.608409986859396,4.884029850746269,Male,55,19,0
6254,6157,971228,247920,48,5165.0,C,1997-12-28,0,7434,83,36,47,471108.19999999995,451048.39999999997,11110.320481927713,12097.271371883915,54799.85662650601,1000.0,110892.1,20059.8,13.534822601839684,6.132330097087379,Female,57,34,1
7100,10280,971231,348120,60,5802.0,C,1997-12-31,0,12643,65,26,39,508230.39999999997,454608.79999999993,14812.91076923077,16353.893103846493,58819.48769230769,600.0,111159.5,53621.6,12.976346911957949,5.0091139240506335,Female,37,69,1
7147,10478,980102,267600,48,5575.0,C,1998-01-02,0,12890,112,57,55,736200.9,724638.0,13043.204464285713,14816.759293933172,62460.22678571428,200.0,137673.6,11562.7,22.273324572930353,5.028436578171092,Female,41,70,1
5909,4550,980103,61320,60,1022.0,C,1998-01-03,0,5487,74,24,50,106248.7,85130.2,2586.201351351351,3316.0704552508173,23137.19054054054,700.0,32515.7,21118.6,10.873850197109066,6.805317220543808,Female,52,56,1
7037,10022,980103,218064,48,4543.0,C,1998-01-03,0,12328,39,15,24,220028.90000000002,177334.8,10188.81282051282,11370.725437001887,54315.558974358966,400.0,81063.2,42694.0,7.917214191852825,4.92597510373444,Female,55,1,1
5782,3953,980104,63576,12,5298.0,C,1998-01-04,0,4768,32,20,12,210464.4,166829.2,11790.425,15966.078790849837,59128.5875,500.0,109399.2,43635.1,6.636005256241787,4.822178217821782,Female,39,1,1
6237,6075,980106,407952,48,8499.0,D,1998-01-06,1,7339,78,41,37,140084.5,129320.6,3453.9115384615384,3064.769799485962,14785.585897435894,-1449.6,29696.8,10778.5,15.703022339027594,4.967196652719665,Female,25,19,1
6552,7632,980108,170448,48,3551.0,C,1998-01-08,0,9450,85,32,53,373246.6,331590.6,8292.202352941178,9257.48397277101,39297.335294117656,1000.0,73025.1,41656.1,15.538764783180026,5.470190274841437,Female,56,68,1
7067,10134,980111,136368,24,5682.0,C,1998-01-11,0,12468,59,25,34,470431.60000000003,418532.60000000003,15067.189830508474,14277.585833469886,60593.8406779661,600.0,119446.2,51899.0,8.541392904073588,6.907538461538461,Male,30,22,0
5320,1819,980111,143676,36,3991.0,C,1998-01-11,0,2205,72,27,45,221278.90000000002,204805.0,5917.831944444445,9146.54660463637,28370.441666666666,700.0,82795.9,16473.5,14.684625492772668,4.903087248322148,Male,47,55,0
5930,4616,980112,66696,24,2779.0,C,1998-01-12,0,5563,16,10,6,120595.09999999999,53174.6,10860.60625,9676.852783735316,58360.68125000001,1000.0,89595.1,67420.5,3.6136662286465175,4.427636363636364,Male,23,1,0
6486,7240,980115,152160,60,2536.0,C,1998-01-15,0,8737,121,45,76,359876.2,339889.6,5783.188429752066,6199.482404523652,28077.73140495868,500.0,56534.6,19986.6,20.76215505913272,5.827911392405063,Female,51,17,1
5245,1407,980117,125472,24,5228.0,C,1998-01-17,0,1705,77,32,45,601541.3,559389.0,15077.016883116883,16310.419535133133,71376.04415584417,800.0,143696.8,42152.2,9.231274638633376,8.341209964412812,Female,53,19,1
6643,8038,980118,35856,24,1494.0,C,1998-01-18,0,9929,95,35,60,415868.9,338535.19999999995,7941.095789473684,9371.824406142126,55660.65578947369,600.0,81244.2,77333.8,17.04993429697766,5.571868978805395,Female,32,47,1
5260,1480,980119,123300,36,3425.0,C,1998-01-19,0,1793,90,40,50,622069.2,572470.0,13272.657777777777,15557.23573830931,55026.619999999995,800.0,132024.9,49599.2,18.561103810775293,4.848849557522125,Female,54,41,1
5569,2936,980120,504000,60,8400.0,C,1998-01-20,0,3546,124,61,63,271151.6,245174.19999999998,4163.917741935484,3376.5464741992164,20942.59435483871,200.0,39172.5,25977.1,21.81340341655716,5.684578313253012,Male,28,3,0
7110,10345,980121,31260,12,2605.0,C,1998-01-21,0,12729,131,51,80,261214.5,247282.19999999998,3881.654198473282,4065.8259325104827,25084.423664122132,1000.0,46698.9,13932.4,21.48488830486202,6.097308868501529,Male,31,36,0
7139,10445,980122,23412,12,1951.0,C,1998-01-22,0,12850,129,40,89,530829.5,478263.0,7822.422480620155,10144.04886387829,54304.50852713178,800.0,88158.1,52566.3,19.80946123521682,6.5120398009950256,Male,44,72,0
6791,8926,980123,566640,60,9444.0,C,1998-01-23,0,10997,77,32,45,211480.3,181580.0,5104.6792207792205,6801.633223372348,36640.322077922065,200.0,61992.7,29900.3,10.11826544021025,7.61,Female,27,1,1
5360,2035,980125,176328,36,4898.0,C,1998-01-25,0,2470,171,41,130,654714.3999999999,618291.0,7444.476023391814,10781.234080929127,47164.91871345029,400.0,87431.8,36423.3,20.532194480946124,8.328384,Male,56,53,0
5287,1638,980126,64224,24,2676.0,C,1998-01-26,0,1985,47,25,22,201968.6,178316.0,8091.161702127659,11687.333054036757,45735.83829787234,900.0,92048.9,23652.7,14.45466491458607,3.2515454545454547,Male,62,6,0
6553,7636,980126,42384,12,3532.0,C,1998-01-26,0,9456,132,44,88,567076.3,543621.8,8414.379545454547,12058.738779349886,48865.984090909085,700.0,123072.0,23454.4,15.604467805519054,8.459115789473683,Female,58,40,1
7072,10148,980127,22104,12,1842.0,C,1998-01-27,0,12485,73,25,48,185282.5,145970.19999999998,4537.708219178082,5152.032053890582,44135.94383561645,700.0,61159.2,39312.2,12.450722733245728,5.86311345646438,Female,34,34,1
6044,5133,980127,57060,12,4755.0,C,1998-01-27,0,6196,86,30,56,442838.49999999994,366396.0,9409.703488372093,12423.129958879943,46000.645348837206,900.0,103606.4,76442.4,13.633377135348226,6.308048192771084,Male,56,68,0
5332,1869,980129,37944,36,1054.0,C,1998-01-29,0,2267,107,38,69,510519.7,437604.39999999997,8860.972897196261,11400.632916473598,61295.96915887849,500.0,100074.6,72915.1,19.513797634691194,5.483299663299664,Female,33,1,1
6866,9201,980205,122472,24,5103.0,C,1998-02-05,0,11329,112,47,65,716960.8999999999,689093.6,12554.058035714286,17105.675713083812,48395.940178571436,1000.0,106089.9,27867.4,15.275952693823916,7.331784946236559,Female,38,69,1
6633,7997,980205,160656,24,6694.0,C,1998-02-05,0,9880,146,57,89,935086.2999999999,839443.3999999999,12154.313013698631,14457.805905898684,52422.49109589042,400.0,173151.0,137843.0,21.38633377135348,6.826789554531491,Female,29,10,1
6926,9455,980207,374760,60,6246.0,C,1998-02-07,0,11637,112,32,80,624949.8,579025.6,10749.780357142856,14705.463572183926,56102.474107142865,1000.0,102667.1,45924.3,15.14454664914586,7.395401301518438,Male,48,73,0
6442,7082,980208,194160,48,4045.0,C,1998-02-08,0,8548,133,41,92,238028.2,208314.2,3355.9578947368414,4395.988894096998,28548.365413533833,900.0,48106.2,29713.9,17.082785808147175,7.785615384615384,Female,54,57,1
5889,4456,980209,321240,60,5354.0,C,1998-02-09,0,5376,136,55,81,918066.3999999999,880988.0,13228.341176470589,13480.57559669855,76826.46397058823,700.0,141990.0,37078.3,17.21419185282523,7.9004580152671755,Male,29,14,0
5765,3875,980210,153936,24,6414.0,C,1998-02-10,0,4672,11,8,3,174775.4,74100.0,22625.03636363636,20095.65138071024,58031.62727272727,1100.0,100675.4,100675.4,3.7779237844940865,2.9116521739130437,Male,50,44,0
5124,785,980212,156096,36,4336.0,C,1998-02-12,0,939,33,14,19,171453.90000000002,142982.0,9528.360606060607,10478.52287135061,51641.833333333336,700.0,93801.3,28471.9,6.14323258869908,5.371764705882353,Male,47,21,0
5491,2545,980213,428784,48,8933.0,C,1998-02-13,0,3072,110,39,71,213844.20000000004,205137.00000000003,3808.9199999999996,4069.774391978012,22133.73545454546,1100.0,47281.2,8707.1,14.323258869908015,7.679816513761469,Male,63,1,0
6730,8523,980215,93036,12,7753.0,C,1998-02-15,0,10517,104,45,59,777279.9,719812.0,14395.114423076924,18367.203640977004,53890.64326923077,400.0,104865.3,57467.8,14.684625492772668,7.0822371364653245,Female,19,54,1
7151,10493,980218,133800,24,5575.0,C,1998-02-18,0,12908,93,33,60,461096.0,424969.39999999997,9527.584946236559,12269.09912086551,45733.43548387097,300.0,83556.1,36126.5,13.304862023653088,6.989925925925926,Male,58,12,0
5140,873,980224,178500,60,2975.0,C,1998-02-24,0,1051,64,25,39,96513.6,77116.0,2712.9625,2763.2955660146545,21491.790624999998,1000.0,39315.6,19397.6,9.986859395532194,6.408421052631579,Female,28,73,1
7171,10650,980224,196224,48,4088.0,C,1998-02-24,0,13095,23,12,11,306750.3,226070.6,23166.12608695652,21648.676980104,72465.66956521742,300.0,135473.2,80679.6,5.519053876478318,4.167380952380952,Male,49,76,0
6568,7713,980225,220440,60,3674.0,C,1998-02-25,0,9546,75,34,41,292510.9,261109.0,7381.598666666667,10322.756772212784,38280.102666666666,600.0,99990.9,31401.9,21.057818659658345,3.561622464898596,Female,44,50,1
6861,9179,980228,215040,60,3584.0,C,1998-02-28,0,11304,82,38,44,304774.39999999997,266770.80000000005,6970.063414634145,8729.575030020595,37189.77195121952,1000.0,74896.6,38003.2,13.23915900131406,6.1937468982630275,Female,39,28,1
6855,9153,980301,52236,36,1451.0,C,1998-03-01,0,11266,101,51,50,160519.4,123086.0,2807.974257425742,3115.0068289947385,33782.061386138615,600.0,48645.0,37433.1,14.586070959264125,6.924414414414414,Male,61,9,0
7129,10404,980301,194280,60,3238.0,C,1998-03-01,0,12802,113,29,84,372115.0,341475.99999999994,6314.964601769911,9397.584120305388,48180.37787610619,300.0,77920.1,30638.8,13.994743758212877,8.074460093896715,Male,30,1,0
5384,2142,980307,23328,12,1944.0,C,1998-03-07,0,2590,27,14,13,121433.2,93625.20000000001,7965.125925925926,8053.786054171347,40311.637037037035,1000.0,68151.2,27807.9,6.14323258869908,4.395080213903744,Female,35,42,1
6859,9167,980307,272220,60,4537.0,C,1998-03-07,0,11286,80,38,42,306593.3000000001,269128.6,7196.52375,11562.715681763992,39041.91875,500.0,104227.6,37464.6,11.136662286465176,7.183480825958703,Female,59,56,1
5772,3906,980308,334620,60,5577.0,C,1998-03-08,0,4710,35,17,18,287773.5,237829.4,15017.225714285714,15501.031656364828,64863.954285714295,1100.0,92028.2,49944.1,7.982917214191852,4.3843621399176955,Female,38,52,1
5665,3390,980311,40632,12,3386.0,C,1998-03-11,0,4099,118,31,87,330588.3,281657.0,5188.519491525424,7566.363910714699,48478.59067796608,1100.0,75484.9,50935.1,14.586070959264125,8.08990990990991,Female,54,12,1
6495,7274,980312,49044,12,4087.0,C,1998-03-12,0,8777,22,11,11,193616.0,168435.2,16456.872727272726,17503.757209841388,49296.52272727271,400.0,105561.0,25180.7,5.4204993429697765,4.058666666666666,Female,46,11,1
5061,440,980313,84288,48,1756.0,C,1998-03-13,0,530,85,33,52,272322.3,232796.0,5942.568235294118,6772.623032304166,25727.382352941182,500.0,50218.4,39526.2,14.651773981603153,5.801345291479821,Female,42,29,1
6948,9560,980315,157068,36,4363.0,C,1998-03-15,0,11768,21,14,7,127635.19999999998,89000.0,10315.961904761905,13829.813265222698,38742.92380952381,400.0,88837.6,38635.4,8.04862023653088,2.6091428571428574,Female,28,1,1
5773,3907,980316,133848,24,5577.0,C,1998-03-16,0,4712,112,44,68,539749.3,529763.0,9549.216964285715,13060.987177802836,42220.02946428572,600.0,133750.5,20985.9,22.897503285151117,4.891362984218078,Female,39,37,1
6052,5164,980323,22356,36,621.0,C,1998-03-23,0,6235,54,24,30,88528.1,71314.6,2960.05,2867.59705888565,25150.975925925926,6392.0,37212.7,17213.5,10.315374507227332,5.234904458598726,Male,59,5,0
6682,8225,980330,36204,12,3017.0,D,1998-03-30,1,10159,115,63,52,325736.10000000003,322905.1,5640.358260869565,7757.792184030563,31916.898260869573,-214.8,56083.5,2830.7,15.703022339027594,7.323430962343097,Male,61,50,0
6083,5305,980331,240528,48,5011.0,C,1998-03-31,0,6408,91,37,54,594030.4,583608.7999999999,12941.090109890112,13799.855273672176,41135.01098901099,600.0,86334.9,10421.7,18.429697766097238,4.937682709447416,Male,43,47,0
6962,9646,980402,279072,48,5814.0,C,1998-04-02,0,11874,86,40,46,540704.2,519206.0,12324.537209302325,13550.056993315706,43095.511627906955,300.0,111246.0,21498.3,20.07227332457293,4.284517184942717,Male,30,1,0
5158,1004,980411,188532,36,5237.0,C,1998-04-11,0,1208,148,61,87,1157400.5,1135255.6,15490.919594594598,16804.802555663035,64193.40472972973,200.0,143846.4,22144.8,21.28777923784494,6.952345679012346,Female,24,70,1
6464,7156,980416,49488,24,2062.0,C,1998-04-16,0,8636,32,18,14,185726.0,126269.8,9749.86875,10120.574309804431,50541.553125,300.0,79862.9,59456.1,7.128777923784494,4.488847926267281,Female,58,71,1
5172,1083,980416,50976,36,1416.0,C,1998-04-16,0,1300,123,38,85,234586.3,213273.2,3641.134146341463,4486.376176570107,28050.299186991873,400.0,48735.9,21313.1,16.294349540078844,7.548629032258064,Male,20,45,0
5582,2982,980417,41256,12,3438.0,C,1998-04-17,0,3601,215,48,167,1231352.4,1151449.8,11082.800930232559,17261.557276693122,63500.406976744176,900.0,124519.7,79902.5,22.404730617608408,9.596187683284459,Male,61,19,0
6136,5572,980419,140880,60,2348.0,C,1998-04-19,0,6729,43,18,25,239412.8,225653.40000000002,10815.493023255814,13217.172715675537,45160.51162790697,800.0,122247.8,13759.2,8.245729303547963,5.214820717131475,Male,42,15,0
6235,6062,980419,321360,60,5356.0,C,1998-04-19,0,7325,140,43,97,820039.6,768116.0,11343.968571428572,13802.86453416767,52905.407142857155,700.0,116394.1,51923.7,19.678055190538764,7.114524207011686,Male,24,24,0
6508,7437,980419,110736,48,2307.0,C,1998-04-19,0,9217,55,23,32,148382.3,113787.0,4766.714545454545,5665.072880263546,30696.238181818193,13026.6,55991.1,34595.1,8.344283837056505,6.5913385826771655,Female,59,19,1
4968,38,980419,110736,48,2307.0,C,1998-04-19,0,46,55,23,32,148403.7,110987.0,4716.194545454545,5688.09207627233,31383.449090909085,13841.0,55991.1,37416.7,8.344283837056505,6.5913385826771655,Female,59,19,1
6632,7990,980423,144960,48,3020.0,C,1998-04-23,0,9872,146,58,88,1004343.4,975098.2000000001,13557.819178082193,14718.361230241591,64162.669178082186,700.0,144853.8,29245.0,19.743758212877793,7.394742096505824,Female,32,9,1
7195,10774,980423,339168,48,7066.0,C,1998-04-23,0,13246,51,28,23,105918.7,77241.0,3591.366666666667,2864.340660103854,28634.139215686275,1000.0,41024.0,28677.8,9.592641261498029,5.316575342465754,Female,57,46,1
5525,2720,980427,93888,36,2608.0,C,1998-04-27,0,3284,91,37,54,693723.6999999998,618565.0,14420.754945054947,16123.904550453834,69554.29230769232,200.0,144694.2,75158.7,10.348226018396845,8.793777777777779,Male,63,2,0
6320,6495,980428,104964,12,8747.0,C,1998-04-28,0,7843,124,46,78,432869.10000000003,400075.6,6717.295967741935,7069.529363451966,41026.3314516129,500.0,67027.5,32793.3,21.156373193166885,5.86111801242236,Male,33,6,0
6766,8784,980428,74352,24,3098.0,C,1998-04-28,0,10828,126,53,73,724144.9999999999,671376.8,11075.569841269844,14992.323699656466,45497.74206349205,1100.0,96165.9,52767.8,18.363994743758212,6.861252236135957,Female,42,1,1
6872,9227,980429,191580,60,3193.0,C,1998-04-29,0,11362,30,20,10,43977.299999999996,26710.6,2356.2633333333333,2335.2946345851574,18241.44,900.0,28098.6,17266.7,5.781865965834428,5.1886363636363635,Female,33,51,1
5906,4533,980505,81144,36,2254.0,C,1998-05-05,0,5468,51,26,25,495722.6,429922.4,18149.901960784315,18118.602306095985,67815.17450980392,200.0,127543.0,90314.9,9.034165571616294,5.645236363636364,Female,55,68,1
7172,10652,980507,45720,12,3810.0,C,1998-05-07,0,13098,86,27,59,424726.30000000005,395617.39999999997,9538.880232558138,12294.148655477587,41690.6,700.0,87185.5,29123.4,13.633377135348226,6.308048192771084,Female,21,1,1
6571,7733,980512,140064,24,5836.0,C,1998-05-12,0,9569,142,46,96,1014708.1,940834.0,13771.42323943662,16371.148519001972,66051.94507042253,200.0,107275.7,73904.0,22.109067017082786,6.422704309063893,Female,49,19,1
5616,3143,980515,130896,24,5454.0,C,1998-05-15,0,3800,113,53,60,229428.30000000002,185780.4,3674.413274336283,3024.690981846658,31685.09911504425,300.0,49093.0,43648.0,18.85676741130092,5.992543554006969,Female,45,38,1
6312,6453,980517,10944,36,304.0,C,1998-05-17,0,7787,165,57,108,143783.3,114748.2,1566.857575757576,1919.3828771848744,22935.072121212117,300.0,34557.9,29034.9,21.64914586070959,7.62154779969651,Male,48,34,0
6470,7181,980517,49872,12,4156.0,C,1998-05-17,0,8667,215,58,157,686516.2000000001,610002.0,6030.317209302325,10657.436718763478,50265.36186046512,600.0,111451.1,76514.2,22.470433639947437,9.56812865497076,Female,32,77,1
5147,938,980521,22260,60,371.0,C,1998-05-21,0,1130,15,13,2,40077.6,8800.0,3258.5066666666667,3291.782847529419,23066.613333333335,700.0,31277.6,31277.6,5.223390275952694,2.871698113207547,Female,59,70,1
5501,2622,980521,136344,24,5681.0,C,1998-05-21,0,3163,130,57,73,344140.1,304292.6,4987.943846153846,4218.0335380000115,31673.896923076925,300.0,57858.4,39847.5,20.9592641261498,6.202507836990597,Female,35,1,1
6436,7049,980522,495180,60,8253.0,C,1998-05-22,0,8506,31,14,17,372964.70000000007,338729.2,22957.867741935486,22448.822922089843,44813.422580645165,600.0,111650.4,34235.5,7.293035479632063,4.2506306306306305,Female,20,69,1
5699,3562,980524,174960,24,7290.0,C,1998-05-24,0,4299,143,58,85,889668.0,818425.4,11944.70909090909,14129.132812049957,58926.411188811195,1000.0,159286.4,71242.6,22.141918528252297,6.458338278931751,Female,22,50,1
5313,1776,980527,43200,24,1800.0,C,1998-05-27,0,2153,54,21,33,149842.3,112223.0,4853.061111111111,5514.981057232727,36159.705555555556,400.0,62263.4,37619.2,9.986859395532194,5.407105263157895,Female,50,36,1
6234,6061,980528,5148,12,429.0,C,1998-05-28,0,7324,80,28,52,324797.60000000003,275500.4,7503.725,8867.943618611645,43197.28125,1000.0,66177.3,49297.2,14.651773981603153,5.460089686098655,Female,36,1,1
6569,7721,980528,45456,12,3788.0,C,1998-05-28,0,9555,56,23,33,277065.2,219964.6,8875.532142857142,9847.505996772323,39247.387500000004,1000.0,80996.4,57100.5,10.808147174770038,5.181276595744682,Female,52,13,1
7202,10812,980529,140688,48,2931.0,C,1998-05-29,0,13290,85,36,49,491261.3,466561.6,11268.504705882355,13282.89886263675,54575.39882352942,300.0,140245.8,24699.7,13.66622864651774,6.219711538461539,Male,58,16,0
5683,3460,980529,140688,48,2931.0,C,1998-05-29,0,4182,85,36,49,491325.2,464461.6,11244.550588235295,13297.99710069261,57514.34705882353,300.0,144580.4,26863.5,13.66622864651774,6.219711538461539,Male,58,16,0
5034,303,980530,112752,36,3132.0,C,1998-05-30,0,370,129,47,82,384719.0,335802.19999999995,5585.435658914728,6563.390669661864,44659.649612403104,900.0,68401.9,48916.6,22.141918528252297,5.826053412462908,Female,43,71,1
5435,2279,980601,314688,48,6556.0,C,1998-06-01,0,2759,107,40,67,815923.7000000001,772783.0,14847.726168224299,16396.02287723776,53094.364485981314,600.0,99692.3,43140.7,19.021024967148488,5.625354058721935,Male,25,2,0
5815,4116,980603,151200,36,4200.0,C,1998-06-03,0,4956,40,22,18,383586.7,324459.8,17701.1625,16410.163889548567,66345.6825,1000.0,110723.2,59126.9,7.917214191852825,5.052282157676349,Male,53,6,0
5589,3005,980605,390000,48,8125.0,C,1998-06-05,0,3629,44,23,21,249136.59999999998,225937.0,10797.127272727274,12467.930738304785,48798.69772727273,600.0,120714.8,23199.6,16.754270696452036,2.6261960784313727,Male,52,42,0
6746,8639,980606,185640,60,3094.0,C,1998-06-06,0,10654,55,30,25,180678.3,159111.0,6177.987272727273,7764.087406234952,29159.44181818182,400.0,59523.5,21519.2,9.461235216819974,5.813194444444444,Female,37,46,1
6790,8919,980608,76104,24,3171.0,C,1998-06-08,0,10987,81,44,37,96510.49999999999,69034.20000000001,2043.7617283950615,2164.296030193897,20237.192592592593,1000.0,33813.8,27476.0,11.169513797634691,7.251882352941177,Female,38,62,1
6857,9159,980608,69600,48,1450.0,C,1998-06-08,0,11274,218,74,144,428341.8,357132.79999999993,3603.094495412844,5617.256773833711,40349.88486238533,700.0,71208.5,71208.5,22.174770039421812,9.830992592592594,Male,30,64,0
6450,7099,980610,234336,48,4882.0,C,1998-06-10,0,8568,169,46,123,712532.0,646247.2,8040.113609467456,10936.129190794327,42818.502958579884,1000.0,90490.8,66284.9,21.64914586070959,7.806312594840668,Female,28,1,1
7221,10915,980611,152460,60,2541.0,C,1998-06-11,0,13417,118,36,82,272392.7,262751.0,4535.1161016949145,5308.056595418371,20874.116101694926,600.0,52438.0,9641.6,15.801576872536137,7.4676091476091475,Female,48,25,1
5527,2728,980615,156420,60,2607.0,C,1998-06-15,0,3294,63,25,38,344935.7,322896.0,10600.503174603175,12692.19730181673,49909.155555555575,400.0,94694.7,22039.7,11.300919842312746,5.574767441860465,Male,42,52,0
5620,3161,980616,30012,12,2501.0,C,1998-06-16,0,3822,103,47,56,523271.6,428551.19999999995,9240.998058252428,12284.58367806949,46609.34854368932,700.0,107744.0,94720.3,21.64914586070959,4.757693474962064,Male,46,48,0
6215,5944,980618,78720,48,1640.0,C,1998-06-18,0,7186,71,26,45,313917.10000000003,247696.8,7910.054929577464,9386.905120834348,45921.198591549306,1000.0,66220.2,66220.2,12.3850197109067,5.732732095490717,Female,55,27,1
7167,10644,980618,269964,36,7499.0,C,1998-06-18,0,13089,75,24,51,588205.0,521741.2,14799.282666666666,17757.472983202486,61366.869333333336,400.0,120646.8,66463.8,11.202365308804204,6.6950146627565985,Female,20,16,1
5823,4144,980621,212976,36,5916.0,C,1998-06-21,0,4993,149,62,87,945015.3,891792.8,12327.571140939597,14170.785321217723,49635.71543624161,1100.0,119287.7,53222.2,22.043363994743757,6.759403874813711,Female,26,1,1
6207,5912,980623,184620,60,3077.0,C,1998-06-23,0,7150,113,43,70,424319.39999999997,385296.0,7164.738053097345,7690.024394121275,34785.53451327434,1100.0,65517.7,39023.4,19.90801576872536,5.676105610561057,Female,36,45,1
6932,9491,980625,225504,48,4698.0,C,1998-06-25,0,11683,181,46,135,1102249.8,1004013.0,11636.811049723756,16680.45628438374,57411.608287292824,800.0,127323.7,98236.7,22.536136662286463,8.031545189504374,Male,19,7,0
5669,3403,980627,71820,36,1995.0,C,1998-06-27,0,4114,79,31,48,421819.7,379190.0,10139.363291139241,12485.59842960526,54293.592405063304,700.0,119933.3,42629.7,13.23915900131406,5.9671464019851115,Male,35,63,0
5154,993,980701,108720,60,1812.0,C,1998-07-01,0,1197,64,34,30,339139.60000000003,297801.0,9952.196875000001,13558.50502605478,50883.196874999994,1000.0,112610.8,41338.5,19.513797634691194,3.27973063973064,Female,33,6,1
7168,10645,980705,208332,36,5787.0,C,1998-07-05,0,13090,124,37,87,965295.2,938012.4,15349.254838709678,19462.843176382128,64087.07016129033,500.0,134634.4,27282.7,18.429697766097238,6.728270944741534,Female,19,2,1
5585,2988,980708,88608,12,7384.0,C,1998-07-08,0,3608,134,62,72,808367.6,779534.0,11850.011940298507,14013.976222840363,51249.12985074627,900.0,148386.3,28833.5,20.76215505913272,6.454050632911392,Male,52,66,0
7200,10799,980711,31140,60,519.0,C,1998-07-11,0,13276,50,27,23,81614.90000000001,44987.6,2532.0499999999997,3090.6693743103615,28375.804,800.0,37613.5,36627.3,10.709592641261498,4.668711656441718,Male,22,76,0
6539,7559,980711,12792,12,1066.0,C,1998-07-11,0,9362,78,35,43,118859.8,80739.40000000001,2558.964102564102,2519.9635409437437,28534.93717948718,900.0,42247.1,38120.5,13.567674113009199,5.748958837772397,Female,26,56,1
5774,3916,980712,96984,36,2694.0,C,1998-07-12,0,4722,55,21,34,182037.80000000002,168591.0,6375.06909090909,7178.48141988193,21298.78,800.0,50063.3,13446.7,9.42838370565046,5.833449477351917,Male,27,8,0
6357,6706,980712,64860,60,1081.0,C,1998-07-12,0,8096,132,39,93,285358.5,231136.4,3912.840151515152,5339.985435016736,44890.03333333333,200.0,67060.0,54222.1,18.429697766097238,7.162352941176471,Female,20,38,1
5042,330,980712,331584,48,6908.0,C,1998-07-12,0,403,101,40,61,496133.9,440639.0,9274.979207920793,9871.39600262581,42007.36633663366,400.0,73943.0,55494.8,19.54664914586071,5.167126050420168,Female,26,42,1
5015,226,980712,109344,12,9112.0,C,1998-07-12,0,272,93,43,50,382156.5,315499.19999999995,7501.674193548388,7706.660743671263,48376.25806451612,1000.0,80433.2,66657.0,16.557161629434955,5.616904761904761,Female,55,70,1
5354,2000,980714,290820,60,4847.0,C,1998-07-14,0,2430,84,25,59,255577.2,202188.19999999998,5449.588095238096,7523.487154134691,44617.08095238095,900.0,62178.2,53388.9,11.235216819973719,7.476491228070175,Male,62,5,0
6054,5180,980716,58764,12,4897.0,C,1998-07-16,0,6255,34,21,13,185109.80000000002,129937.6,9266.1,13482.33312201346,32543.264705882353,700.0,71290.0,55172.0,16.655716162943495,2.0413412228796846,Female,53,54,1
7295,11328,980718,280440,60,4674.0,C,1998-07-18,0,13924,106,47,59,447002.29999999993,415699.0,8138.691509433963,10819.086884735523,38619.10283018868,1000.0,102466.2,31303.2,20.367936925098554,5.204258064516129,Female,47,54,1
5365,2055,980719,271260,60,4521.0,C,1998-07-19,0,2494,73,33,40,179250.90000000002,167666.0,4752.286301369863,4569.087813141252,14873.378082191779,700.0,36763.1,11584.9,15.045992115637318,4.8517903930131006,Male,28,37,0
6755,8713,980724,170700,60,2845.0,C,1998-07-24,0,10746,91,47,44,287644.9,260271.4,6021.058241758241,7184.338104532266,28620.3978021978,400.0,56839.2,27372.9,14.19185282522996,6.41212962962963,Male,28,53,0
5991,4858,980727,335184,48,6983.0,D,1998-07-27,1,5866,88,38,50,591105.4,574703.8,13247.83181818182,16417.70582731938,38710.01136363636,-6652.7,100570.6,16401.1,13.173455978975033,6.680099750623441,Female,21,67,1
7035,10005,980729,210744,36,5854.0,C,1998-07-29,0,12308,39,16,23,317650.9,285878.80000000005,15475.120512820511,15705.453542838104,51175.19230769232,200.0,87392.9,31772.1,7.9500657030223385,4.905619834710744,Male,21,64,0
5893,4467,980803,86184,36,2394.0,C,1998-08-03,0,5389,84,34,50,259749.19999999998,230945.0,5841.5976190476185,6688.757131310794,28459.645238095247,300.0,48830.7,28804.1,15.670170827858081,5.360503144654088,Male,31,17,0
7164,10613,980815,249792,48,5204.0,C,1998-08-15,0,13051,45,21,24,359540.6,289502.0,14423.168888888888,16397.74580647287,58128.03111111111,700.0,94979.3,70038.5,9.329829172141919,4.823239436619718,Male,34,55,0
5304,1718,980820,172272,24,7178.0,C,1998-08-20,0,2083,55,22,33,529787.7,457223.6,17945.66,19226.21977208681,61146.523636363636,300.0,126478.3,72563.9,10.873850197109066,5.058006042296073,Male,56,71,0
5561,2910,980829,437460,60,7291.0,C,1998-08-29,0,3517,53,20,33,483858.3,449843.0,17617.00566037736,19549.658728463826,48935.435849056616,900.0,101929.2,34015.2,10.249671484888305,5.170897435897436,Female,46,68,1
5520,2699,980830,231168,48,4816.0,C,1998-08-30,0,3257,144,40,104,969890.2,924485.0,13155.383333333335,17292.424454776916,54598.838888888895,300.0,122436.6,45405.1,20.13797634691196,7.150668841761827,Female,21,73,1
5241,1389,980902,125472,24,5228.0,C,1998-09-02,0,1681,97,39,58,539445.5000000001,522172.19999999995,10944.512371134022,12624.772020350558,48989.18247422681,800.0,117375.0,17273.4,12.910643889618921,7.513180661577609,Male,59,34,0
7096,10257,980902,37812,12,3151.0,C,1998-09-02,0,12616,130,50,80,969767.0,902359.0,14400.969230769231,14476.633049317501,54062.079230769225,900.0,126763.3,67407.8,16.064388961892245,8.092433537832312,Female,34,27,1
6078,5283,980909,170832,48,3559.0,C,1998-09-09,0,6383,65,23,42,545820.7,493695.2,15992.552307692307,18459.576442245638,65037.92923076924,700.0,121425.0,52125.4,11.695137976346912,5.557865168539326,Male,29,15,0
5046,349,980909,42816,12,3568.0,C,1998-09-09,0,426,85,41,44,145597.1,126900.6,3205.855294117647,2957.7393313735956,17076.756470588236,1100.0,31616.5,18696.6,15.045992115637318,5.6493449781659395,Male,62,72,0
5334,1876,980910,209040,24,8710.0,C,1998-09-10,0,2277,66,27,39,255930.5,198426.2,6884.192424242424,8752.009038869746,44982.42272727273,900.0,74276.7,57504.2,11.662286465177397,5.659267605633803,Male,20,1,0
6969,9673,980912,88200,36,2450.0,C,1998-09-12,0,11906,91,36,55,272827.19999999995,216349.6,5375.569230769232,6044.55714802636,37386.856043956046,1100.0,60161.5,56477.5,15.177398160315374,5.995757575757576,Male,55,76,0
6821,9037,980915,321936,48,6707.0,C,1998-09-15,0,11130,178,86,92,406921.99999999994,344404.79999999993,4220.937078651686,4746.778399151118,32014.60280898877,400.0,62516.8,62516.8,22.766097240473062,7.818643578643578,Female,38,1,1
5760,3862,980918,74916,36,2081.0,C,1998-09-18,0,4656,169,59,110,1006351.7,962896.6,11652.356804733727,14108.363719270736,56133.6526627219,600.0,143676.5,43455.2,21.81340341655716,7.747530120481928,Male,57,1,0
5614,3137,980921,253560,60,4226.0,C,1998-09-21,0,3793,108,43,65,576472.5,539753.6,10335.426851851853,11087.695151362917,39822.71111111111,900.0,76509.7,36718.7,21.1892247043364,5.096930232558139,Female,48,39,1
7091,10243,980922,113436,36,3151.0,C,1998-09-22,0,12599,104,46,58,981104.6000000001,870622.0,17805.06346153846,17732.39125774365,68510.41730769232,200.0,131410.1,110482.6,12.614980289093298,8.244166666666667,Male,43,44,0
5698,3556,980922,174840,60,2914.0,C,1998-09-22,0,4291,87,31,56,265222.80000000005,237516.8,5778.6160919540225,6823.2994371445,34822.46896551725,1100.0,64669.5,27706.0,12.779237844940866,6.807917737789204,Female,48,58,1
5169,1068,980924,253200,60,4220.0,C,1998-09-24,0,1282,134,42,92,420720.8,372117.39999999997,5916.702985074627,8805.14149316284,34086.20895522388,1000.0,96491.4,48603.2,19.250985545335084,6.960682593856656,Male,63,52,0
7294,11327,980927,39168,24,1632.0,C,1998-09-27,0,13923,54,23,31,246464.9,184345.6,7977.9722222222235,9191.99147493836,55438.85185185187,300.0,81495.6,62119.2,11.399474375821287,4.7370605187319885,Female,20,7,1
5318,1808,980930,385584,48,8033.0,C,1998-09-30,0,2190,78,36,42,481289.8,463180.8,12108.597435897436,13573.243480767544,69656.36923076923,400.0,118267.7,18109.0,16.491458607095925,4.729721115537849,Male,25,28,0
5368,2073,981005,44640,24,1860.0,C,1998-10-05,0,2514,67,28,39,245818.50000000003,206571.4,6752.088059701492,8626.11358861788,41154.27910447761,600.0,65663.5,39246.8,13.699080157687254,4.8908393285371705,Male,42,59,0
6923,9433,981005,44640,24,1860.0,C,1998-10-05,0,11609,67,28,39,245815.1,207771.4,6769.947761194029,8615.465712351477,41961.44925373135,600.0,65444.3,38043.6,13.699080157687254,4.8908393285371705,Male,42,59,0
5463,2413,981006,17952,12,1496.0,C,1998-10-06,0,2915,58,26,32,198159.69999999998,167098.2,6297.55,6895.4001268524335,28597.88620689655,500.0,46705.2,31061.4,11.300919842312746,5.132325581395349,Female,45,33,1
5265,1498,981007,165780,60,2763.0,C,1998-10-07,0,1816,113,60,53,569732.5,526368.2,9700.006194690264,13291.04465755332,45342.20442477876,413.3,116112.4,43363.9,19.940867279894874,5.66675453047776,Male,48,62,0
6321,6505,981008,38496,12,3208.0,C,1998-10-08,0,7855,36,22,14,186652.5,94429.20000000001,7807.824999999999,11647.727564264176,42732.3361111111,800.0,92238.0,92223.4,12.81208935611038,2.809846153846154,Female,35,7,1
5226,1318,981011,185544,36,5154.0,C,1998-10-11,0,1594,35,18,17,139410.7,125716.2,7575.054285714286,8712.72173126639,27729.91714285715,200.0,70887.8,13694.4,9.625492772667542,3.636177474402731,Male,60,56,0
6868,9208,981012,82128,24,3422.0,C,1998-10-12,0,11337,121,69,52,396672.5,359504.19999999995,6249.3942148760325,8598.03473362053,33221.211570247935,871.3,70376.1,37167.7,16.62286465177398,7.279130434782609,Male,30,29,0
4967,37,981014,318480,60,5308.0,D,1998-10-14,1,45,116,32,84,447359.9,430992.0,7571.999137931035,11766.570518901943,39953.97068965517,-1011.2,104761.5,16367.8,13.863337713534822,8.36739336492891,Male,47,20,0
5293,1656,981029,189792,48,3954.0,C,1998-10-29,0,2008,128,47,81,546211.2,508610.60000000003,8240.7953125,9230.624194866401,34760.22890625,500.0,78411.8,37600.4,20.86070959264126,6.135937007874016,Male,59,47,0
5865,4354,981030,327660,60,5461.0,C,1998-10-30,0,5245,126,50,76,749509.2,689972.6,11424.45873015873,12611.101462211838,49281.73888888889,1000.0,112775.8,59536.5,21.681997371879106,5.811272727272727,Female,57,38,1
5841,4268,981104,41988,12,3499.0,C,1998-11-04,0,5143,129,55,74,316814.9,258863.6,4462.624031007752,4853.058002307782,37122.396124031,200.0,57965.7,57965.7,20.43363994743758,6.313118971061094,Male,26,77,0
5526,2725,981108,69624,36,1934.0,C,1998-11-08,0,3291,145,41,104,427453.7,377598.0,5552.080689655172,8374.059567360151,49145.707586206896,1100.0,74473.4,49870.2,19.21813403416557,7.544957264957266,Male,52,52,0
6852,9140,981110,16032,48,334.0,C,1998-11-10,0,11252,121,47,74,230926.3,200292.0,3563.7876033057855,5523.9381919685975,23124.206611570247,500.0,53314.4,30634.0,14.750328515111695,8.203207126948776,Female,34,32,1
6469,7180,981117,99744,24,4156.0,C,1998-11-17,0,8666,102,42,60,478321.8,406443.0,8674.164705882353,9687.885559089209,40126.96862745097,700.0,79967.9,71878.9,17.181340341655716,5.9366730401529635,Female,28,7,1
6168,5698,981121,99216,36,2756.0,C,1998-11-21,0,6892,86,37,49,560689.7999999999,529878.8,12681.030232558142,14567.27521419372,57018.617441860486,300.0,124071.7,30810.9,14.553219448094612,5.909345372460496,Female,48,1,1
7292,11317,981122,317460,60,5291.0,C,1998-11-22,0,13912,145,50,95,1078955.9,1002447.4,14354.505517241378,16702.258620751036,64978.0724137931,700.0,135890.4,76508.5,16.392904073587385,8.845290581162324,Male,24,50,0
5036,309,981125,91248,48,1901.0,C,1998-11-25,0,376,99,39,60,399411.19999999995,384544.4,7918.743434343435,9085.00963060103,30173.12424242425,900.0,59725.7,14866.7,19.021024967148488,5.204766839378238,Female,26,14,1
5644,3293,981127,276084,36,7669.0,C,1998-11-27,0,3984,142,33,109,790073.0,732441.6000000001,10721.933802816902,16150.201820432101,58466.19366197185,1100.0,132186.8,57631.4,15.637319316688567,9.080840336134454,Female,35,1,1
6856,9156,981201,163332,36,4537.0,C,1998-12-01,0,11271,66,34,32,287898.8,270277.6,8457.21818181818,12186.425263604871,29463.690909090907,600.0,69553.7,17621.0,14.553219448094612,4.535079006772009,Male,62,18,0
5428,2262,981202,230220,36,6395.0,C,1998-12-02,0,2739,153,64,89,1218721.2,1171264.0,15620.818300653596,16635.169146887187,64923.162745098045,200.0,141146.2,94171.5,21.747700394218132,7.03522658610272,Male,49,13,0
5027,276,981202,160920,36,4470.0,C,1998-12-02,0,333,59,25,34,352218.8,303893.79999999993,11120.552542372881,11936.249171814658,51649.398305084746,700.0,74906.0,48339.6,11.793692509855452,5.002674094707522,Male,28,38,0
4989,105,981205,352704,48,7348.0,C,1998-12-05,0,127,56,29,27,255396.59999999998,225221.2,8582.460714285715,11603.486750459944,30797.4875,800.0,74693.6,30175.3,16.852825229960576,3.322884990253412,Female,49,21,1
5221,1284,981205,52512,12,4376.0,C,1998-12-05,0,1554,87,38,49,563908.8,522873.60000000003,12491.751724137932,13722.384058163452,59684.29885057472,1000.0,120419.7,41050.0,17.115637319316686,5.083071017274473,Male,55,55,0
6402,6922,981206,139488,24,5812.0,C,1998-12-06,0,8356,104,39,65,700815.6,652859.0,13016.101923076923,14372.616953134691,46755.30576923078,1100.0,95976.0,47956.3,18.823915900131404,5.5248865619546255,Male,30,3,0
5346,1928,981206,55632,24,2318.0,C,1998-12-06,0,2342,114,50,64,363519.5,325070.19999999995,6040.26052631579,6627.926331852171,29645.320175438595,500.0,52896.1,38463.8,21.156373193166885,5.388447204968944,Male,51,70,0
6748,8645,981208,240900,60,4015.0,C,1998-12-08,0,10662,120,54,66,312730.69999999995,292916.8,5047.0625,6360.083541957376,26268.19,700.0,59731.2,19813.8,17.509855453350852,6.853283302063791,Female,50,60,1
